x1,y1,x2,y2,confidence,class_name,tracker_id,recording_name,frame_time,frame_num
428,210,457,241,0.869,hummingbird,1,detect_096.mp4,66,2
420,211,446,235,0.825,hummingbird,1,detect_096.mp4,133,3
411,214,439,237,0.845,hummingbird,1,detect_096.mp4,200,4
413,215,438,239,0.855,hummingbird,1,detect_096.mp4,266,5
412,219,441,237,0.491,hummingbird,1,detect_096.mp4,333,6
411,217,440,239,0.858,hummingbird,1,detect_096.mp4,400,7
412,214,436,240,0.869,hummingbird,1,detect_096.mp4,466,8
411,215,436,240,0.866,hummingbird,1,detect_096.mp4,533,9
412,215,437,240,0.863,hummingbird,1,detect_096.mp4,600,10
412,218,439,241,0.836,hummingbird,1,detect_096.mp4,666,11
412,214,434,243,0.865,hummingbird,1,detect_096.mp4,733,12
412,215,440,239,0.855,hummingbird,1,detect_096.mp4,800,13
412,220,436,242,0.857,hummingbird,1,detect_096.mp4,866,14
412,215,436,242,0.857,hummingbird,1,detect_096.mp4,933,15
412,215,442,239,0.819,hummingbird,1,detect_096.mp4,1000,16
412,216,435,241,0.856,hummingbird,1,detect_096.mp4,1066,17
412,214,439,240,0.86,hummingbird,1,detect_096.mp4,1133,18
412,217,441,240,0.803,hummingbird,1,detect_096.mp4,1200,19
411,218,437,241,0.851,hummingbird,1,detect_096.mp4,1266,20
412,215,438,241,0.858,hummingbird,1,detect_096.mp4,1333,21
412,217,443,241,0.804,hummingbird,1,detect_096.mp4,1400,22
411,218,442,241,0.808,hummingbird,1,detect_096.mp4,1466,23
424,217,444,244,0.775,hummingbird,1,detect_096.mp4,1533,24
428,214,455,238,0.862,hummingbird,1,detect_096.mp4,1600,25
426,217,450,242,0.85,hummingbird,1,detect_096.mp4,1666,26
424,218,446,248,0.855,hummingbird,1,detect_096.mp4,1733,27
426,216,449,240,0.846,hummingbird,1,detect_096.mp4,1800,28
430,217,457,242,0.859,hummingbird,1,detect_096.mp4,1866,29
429,217,450,249,0.862,hummingbird,1,detect_096.mp4,1933,30
412,213,441,240,0.865,hummingbird,2,detect_096.mp4,2133,33
413,220,440,241,0.824,hummingbird,2,detect_096.mp4,2200,34
414,222,440,243,0.844,hummingbird,2,detect_096.mp4,2266,35
412,214,439,240,0.861,hummingbird,3,detect_096.mp4,2533,39
412,218,437,243,0.863,hummingbird,3,detect_096.mp4,2600,40
412,220,439,239,0.829,hummingbird,3,detect_096.mp4,2666,41
412,216,435,242,0.859,hummingbird,3,detect_096.mp4,2733,42
413,217,438,240,0.851,hummingbird,3,detect_096.mp4,2800,43
413,220,442,240,0.792,hummingbird,3,detect_096.mp4,2866,44
412,215,441,240,0.855,hummingbird,3,detect_096.mp4,2933,45
412,220,437,241,0.861,hummingbird,3,detect_096.mp4,3000,46
412,216,440,238,0.861,hummingbird,3,detect_096.mp4,3066,47
413,216,438,240,0.856,hummingbird,3,detect_096.mp4,3133,48
413,222,440,240,0.809,hummingbird,3,detect_096.mp4,3200,49
413,215,443,239,0.843,hummingbird,3,detect_096.mp4,3266,50
412,219,438,241,0.81,hummingbird,3,detect_096.mp4,3333,51
419,214,439,241,0.867,hummingbird,3,detect_096.mp4,3400,52
432,205,453,231,0.851,hummingbird,4,detect_096.mp4,3533,54
432,205,453,225,0.815,hummingbird,4,detect_096.mp4,3600,55
431,206,457,232,0.868,hummingbird,4,detect_096.mp4,3666,56
430,204,457,239,0.866,hummingbird,4,detect_096.mp4,3733,57
430,198,453,226,0.865,hummingbird,4,detect_096.mp4,3800,58
419,202,449,227,0.837,hummingbird,4,detect_096.mp4,3866,59
415,213,439,240,0.872,hummingbird,3,detect_096.mp4,3933,60
411,215,438,239,0.864,hummingbird,3,detect_096.mp4,4000,61
411,215,438,240,0.867,hummingbird,3,detect_096.mp4,4066,62
413,215,435,243,0.86,hummingbird,3,detect_096.mp4,4133,63
412,220,438,240,0.822,hummingbird,3,detect_096.mp4,4200,64
412,220,439,241,0.821,hummingbird,3,detect_096.mp4,4266,65
413,216,444,239,0.744,hummingbird,3,detect_096.mp4,4333,66
412,216,443,240,0.779,hummingbird,3,detect_096.mp4,4400,67
412,215,438,241,0.862,hummingbird,3,detect_096.mp4,4466,68
411,218,439,241,0.841,hummingbird,3,detect_096.mp4,4533,69
411,216,438,241,0.856,hummingbird,3,detect_096.mp4,4600,70
412,220,440,241,0.814,hummingbird,3,detect_096.mp4,4666,71
411,218,443,240,0.725,hummingbird,3,detect_096.mp4,4733,72
412,216,440,241,0.852,hummingbird,3,detect_096.mp4,4800,73
412,217,438,240,0.856,hummingbird,3,detect_096.mp4,4866,74
413,219,441,240,0.816,hummingbird,3,detect_096.mp4,4933,75
420,214,438,243,0.86,hummingbird,3,detect_096.mp4,5000,76
421,207,449,234,0.861,hummingbird,3,detect_096.mp4,5200,79
424,207,451,229,0.852,hummingbird,3,detect_096.mp4,5266,80
420,210,447,229,0.418,hummingbird,3,detect_096.mp4,5333,81
411,216,443,241,0.783,hummingbird,5,detect_096.mp4,5466,83
413,215,442,239,0.842,hummingbird,5,detect_096.mp4,5533,84
412,219,437,241,0.859,hummingbird,5,detect_096.mp4,5600,85
411,216,438,239,0.867,hummingbird,5,detect_096.mp4,5666,86
411,216,439,239,0.864,hummingbird,5,detect_096.mp4,5733,87
412,219,437,242,0.857,hummingbird,5,detect_096.mp4,5800,88
413,222,440,240,0.802,hummingbird,5,detect_096.mp4,5866,89
412,216,443,240,0.773,hummingbird,5,detect_096.mp4,5933,90
412,216,439,241,0.865,hummingbird,5,detect_096.mp4,6000,91
411,218,439,241,0.85,hummingbird,5,detect_096.mp4,6066,92
412,217,439,240,0.858,hummingbird,5,detect_096.mp4,6133,93
412,216,440,240,0.86,hummingbird,5,detect_096.mp4,6200,94
412,221,439,241,0.829,hummingbird,5,detect_096.mp4,6266,95
413,217,438,242,0.861,hummingbird,5,detect_096.mp4,6333,96
419,214,447,240,0.849,hummingbird,5,detect_096.mp4,6400,97
429,209,457,232,0.86,hummingbird,6,detect_096.mp4,6600,100
427,210,453,236,0.867,hummingbird,6,detect_096.mp4,6666,101
420,212,449,233,0.846,hummingbird,6,detect_096.mp4,6733,102
415,218,440,237,0.844,hummingbird,5,detect_096.mp4,6800,103
412,217,444,241,0.786,hummingbird,5,detect_096.mp4,6866,104
413,215,445,239,0.807,hummingbird,5,detect_096.mp4,6933,105
413,216,445,239,0.764,hummingbird,5,detect_096.mp4,7000,106
410,216,443,242,0.779,hummingbird,5,detect_096.mp4,7066,107
412,215,442,239,0.819,hummingbird,5,detect_096.mp4,7133,108
412,216,441,239,0.835,hummingbird,5,detect_096.mp4,7200,109
412,216,438,242,0.853,hummingbird,5,detect_096.mp4,7266,110
412,217,439,240,0.85,hummingbird,5,detect_096.mp4,7333,111
412,217,438,240,0.853,hummingbird,5,detect_096.mp4,7399,112
412,219,439,239,0.824,hummingbird,5,detect_096.mp4,7466,113
412,219,443,239,0.784,hummingbird,5,detect_096.mp4,7533,114
412,216,442,240,0.821,hummingbird,5,detect_096.mp4,7600,115
412,216,438,241,0.855,hummingbird,5,detect_096.mp4,7666,116
413,218,438,240,0.853,hummingbird,5,detect_096.mp4,7733,117
412,219,439,240,0.842,hummingbird,5,detect_096.mp4,7800,118
413,222,439,239,0.817,hummingbird,5,detect_096.mp4,7866,119
415,217,436,244,0.847,hummingbird,5,detect_096.mp4,7933,120
424,208,453,227,0.716,hummingbird,7,detect_096.mp4,8066,122
426,208,454,228,0.787,hummingbird,7,detect_096.mp4,8133,123
430,208,454,231,0.86,hummingbird,7,detect_096.mp4,8200,124
434,206,456,230,0.854,hummingbird,7,detect_096.mp4,8266,125
434,205,458,229,0.851,hummingbird,7,detect_096.mp4,8333,126
432,200,462,236,0.875,hummingbird,7,detect_096.mp4,8400,127
435,197,461,224,0.864,hummingbird,7,detect_096.mp4,8466,128
434,197,460,224,0.866,hummingbird,7,detect_096.mp4,8533,129
433,198,460,228,0.856,hummingbird,7,detect_096.mp4,8600,130
433,197,454,228,0.854,hummingbird,7,detect_096.mp4,8666,131
429,196,456,226,0.875,hummingbird,7,detect_096.mp4,8733,132
419,200,448,228,0.838,hummingbird,7,detect_096.mp4,8800,133
415,213,443,236,0.871,hummingbird,5,detect_096.mp4,8866,134
415,213,439,241,0.864,hummingbird,5,detect_096.mp4,8933,135
415,219,440,241,0.841,hummingbird,5,detect_096.mp4,9000,136
417,222,444,239,0.729,hummingbird,5,detect_096.mp4,9066,137
414,217,444,238,0.678,hummingbird,5,detect_096.mp4,9133,138
413,216,444,239,0.781,hummingbird,5,detect_096.mp4,9200,139
415,217,437,242,0.846,hummingbird,5,detect_096.mp4,9266,140
420,218,441,244,0.848,hummingbird,5,detect_096.mp4,9333,141
433,205,458,231,0.865,hummingbird,8,detect_096.mp4,9466,143
433,208,460,238,0.875,hummingbird,8,detect_096.mp4,9533,144
433,209,456,240,0.872,hummingbird,8,detect_096.mp4,9600,145
423,208,450,236,0.862,hummingbird,8,detect_096.mp4,9666,146
426,207,450,240,0.843,hummingbird,8,detect_096.mp4,9733,147
433,207,453,233,0.849,hummingbird,8,detect_096.mp4,9800,148
433,207,454,232,0.855,hummingbird,8,detect_096.mp4,9866,149
434,206,451,239,0.848,hummingbird,8,detect_096.mp4,9933,150
434,208,453,233,0.855,hummingbird,8,detect_096.mp4,10000,151
428,210,454,230,0.862,hummingbird,8,detect_096.mp4,10066,152
419,211,449,231,0.759,hummingbird,8,detect_096.mp4,10133,153
413,215,443,236,0.79,hummingbird,5,detect_096.mp4,10200,154
412,219,443,241,0.785,hummingbird,5,detect_096.mp4,10266,155
412,218,442,241,0.701,hummingbird,5,detect_096.mp4,10333,156
412,220,440,241,0.767,hummingbird,5,detect_096.mp4,10400,157
412,215,445,239,0.677,hummingbird,5,detect_096.mp4,10466,158
435,194,453,224,0.856,hummingbird,9,detect_096.mp4,10600,160
435,193,453,225,0.839,hummingbird,9,detect_096.mp4,10666,161
434,194,452,226,0.837,hummingbird,9,detect_096.mp4,10733,162
429,198,453,223,0.878,hummingbird,9,detect_096.mp4,10800,163
417,209,444,232,0.849,hummingbird,5,detect_096.mp4,10933,165
415,210,443,230,0.461,hummingbird,5,detect_096.mp4,11000,166
412,216,442,236,0.768,hummingbird,5,detect_096.mp4,11066,167
412,214,439,239,0.862,hummingbird,5,detect_096.mp4,11133,168
412,218,437,241,0.849,hummingbird,5,detect_096.mp4,11200,169
411,219,438,240,0.844,hummingbird,5,detect_096.mp4,11266,170
411,216,438,239,0.86,hummingbird,5,detect_096.mp4,11333,171
411,215,436,240,0.869,hummingbird,5,detect_096.mp4,11400,172
412,216,440,239,0.86,hummingbird,5,detect_096.mp4,11466,173
413,221,440,240,0.799,hummingbird,5,detect_096.mp4,11533,174
412,220,441,240,0.784,hummingbird,5,detect_096.mp4,11600,175
414,212,435,242,0.875,hummingbird,5,detect_096.mp4,11666,176
432,203,460,226,0.846,hummingbird,10,detect_096.mp4,11866,179
437,199,460,231,0.865,hummingbird,10,detect_096.mp4,11933,180
442,196,472,220,0.837,hummingbird,10,detect_096.mp4,12000,181
406,222,420,240,0.754,hummingbird,9,detect_096.mp4,13333,201
406,222,420,240,0.762,hummingbird,9,detect_096.mp4,13400,202
406,222,420,240,0.754,hummingbird,9,detect_096.mp4,13466,203
407,222,420,240,0.738,hummingbird,9,detect_096.mp4,13533,204
407,222,420,240,0.715,hummingbird,9,detect_096.mp4,13600,205
406,222,420,240,0.734,hummingbird,9,detect_096.mp4,13666,206
406,222,420,240,0.735,hummingbird,9,detect_096.mp4,13733,207
407,222,420,240,0.746,hummingbird,9,detect_096.mp4,13799,208
407,222,420,240,0.747,hummingbird,9,detect_096.mp4,13866,209
407,222,420,240,0.749,hummingbird,9,detect_096.mp4,13933,210
407,222,420,240,0.749,hummingbird,9,detect_096.mp4,14000,211
406,221,420,240,0.745,hummingbird,9,detect_096.mp4,14066,212
406,221,420,240,0.736,hummingbird,9,detect_096.mp4,14133,213
406,221,420,240,0.731,hummingbird,9,detect_096.mp4,14200,214
407,221,421,242,0.792,hummingbird,9,detect_097.mp4,0,1
408,221,422,242,0.795,hummingbird,9,detect_097.mp4,66,2
408,221,422,242,0.79,hummingbird,9,detect_097.mp4,133,3
408,221,422,242,0.793,hummingbird,9,detect_097.mp4,200,4
408,221,422,241,0.773,hummingbird,9,detect_097.mp4,266,5
538,237,559,263,0.804,hummingbird,11,detect_097.mp4,266,5
408,221,422,241,0.76,hummingbird,9,detect_097.mp4,333,6
537,235,557,262,0.731,hummingbird,11,detect_097.mp4,333,6
408,221,423,242,0.754,hummingbird,9,detect_097.mp4,400,7
539,235,559,263,0.817,hummingbird,11,detect_097.mp4,400,7
409,221,423,242,0.737,hummingbird,9,detect_097.mp4,466,8
543,236,564,265,0.763,hummingbird,11,detect_097.mp4,466,8
409,222,424,242,0.718,hummingbird,9,detect_097.mp4,533,9
542,240,564,264,0.76,hummingbird,11,detect_097.mp4,533,9
409,221,424,242,0.717,hummingbird,9,detect_097.mp4,600,10
542,239,564,267,0.815,hummingbird,11,detect_097.mp4,600,10
409,222,424,242,0.716,hummingbird,9,detect_097.mp4,666,11
540,238,561,261,0.746,hummingbird,11,detect_097.mp4,666,11
409,221,424,242,0.735,hummingbird,9,detect_097.mp4,733,12
538,237,559,259,0.817,hummingbird,11,detect_097.mp4,733,12
409,222,424,242,0.746,hummingbird,9,detect_097.mp4,800,13
539,237,559,262,0.845,hummingbird,11,detect_097.mp4,800,13
409,221,424,242,0.735,hummingbird,9,detect_097.mp4,866,14
539,238,559,266,0.83,hummingbird,11,detect_097.mp4,866,14
408,222,423,242,0.75,hummingbird,9,detect_097.mp4,933,15
540,239,562,266,0.791,hummingbird,11,detect_097.mp4,933,15
408,221,422,242,0.772,hummingbird,9,detect_097.mp4,1000,16
540,240,564,261,0.648,hummingbird,11,detect_097.mp4,1000,16
408,221,422,242,0.768,hummingbird,9,detect_097.mp4,1066,17
540,239,563,260,0.666,hummingbird,11,detect_097.mp4,1066,17
408,221,422,242,0.766,hummingbird,9,detect_097.mp4,1133,18
539,238,558,264,0.835,hummingbird,11,detect_097.mp4,1133,18
407,221,421,241,0.786,hummingbird,9,detect_097.mp4,1200,19
407,221,421,241,0.798,hummingbird,9,detect_097.mp4,1266,20
407,221,421,241,0.789,hummingbird,9,detect_097.mp4,1333,21
407,221,421,241,0.789,hummingbird,9,detect_097.mp4,1400,22
540,229,559,258,0.821,hummingbird,11,detect_097.mp4,1400,22
407,221,421,241,0.788,hummingbird,9,detect_097.mp4,1466,23
407,221,421,241,0.791,hummingbird,9,detect_097.mp4,1533,24
407,221,421,241,0.765,hummingbird,9,detect_097.mp4,1600,25
407,221,422,242,0.741,hummingbird,9,detect_097.mp4,1666,26
407,221,422,242,0.706,hummingbird,9,detect_097.mp4,1733,27
407,221,422,242,0.691,hummingbird,9,detect_097.mp4,1800,28
408,221,423,242,0.705,hummingbird,9,detect_097.mp4,1866,29
408,221,423,242,0.666,hummingbird,9,detect_097.mp4,1933,30
408,222,423,242,0.682,hummingbird,9,detect_097.mp4,2000,31
408,222,423,242,0.68,hummingbird,9,detect_097.mp4,2066,32
408,221,423,242,0.681,hummingbird,9,detect_097.mp4,2133,33
408,221,423,242,0.685,hummingbird,9,detect_097.mp4,2200,34
409,221,422,241,0.738,hummingbird,9,detect_097.mp4,2266,35
409,221,423,242,0.77,hummingbird,9,detect_097.mp4,2333,36
409,221,423,242,0.714,hummingbird,9,detect_097.mp4,2400,37
409,221,422,242,0.769,hummingbird,9,detect_097.mp4,2466,38
409,221,422,242,0.789,hummingbird,9,detect_097.mp4,2533,39
408,221,421,241,0.799,hummingbird,9,detect_097.mp4,2600,40
408,221,421,241,0.793,hummingbird,9,detect_097.mp4,2666,41
408,221,421,241,0.793,hummingbird,9,detect_097.mp4,2733,42
408,221,421,241,0.795,hummingbird,9,detect_097.mp4,2800,43
216,209,234,229,0.831,hummingbird,12,detect_097.mp4,2800,43
408,221,421,241,0.795,hummingbird,9,detect_097.mp4,2866,44
217,206,236,231,0.849,hummingbird,12,detect_097.mp4,2866,44
408,221,421,241,0.792,hummingbird,9,detect_097.mp4,2933,45
216,206,234,222,0.794,hummingbird,12,detect_097.mp4,2933,45
409,221,422,242,0.775,hummingbird,9,detect_097.mp4,3000,46
216,202,235,221,0.841,hummingbird,12,detect_097.mp4,3000,46
409,221,422,242,0.773,hummingbird,9,detect_097.mp4,3066,47
217,202,235,219,0.833,hummingbird,12,detect_097.mp4,3066,47
409,221,422,242,0.769,hummingbird,9,detect_097.mp4,3133,48
216,202,231,229,0.838,hummingbird,12,detect_097.mp4,3133,48
409,221,422,242,0.782,hummingbird,9,detect_097.mp4,3200,49
218,200,237,221,0.851,hummingbird,12,detect_097.mp4,3200,49
409,221,422,242,0.755,hummingbird,9,detect_097.mp4,3266,50
217,200,236,221,0.858,hummingbird,12,detect_097.mp4,3266,50
409,222,423,242,0.755,hummingbird,9,detect_097.mp4,3333,51
217,199,236,222,0.858,hummingbird,12,detect_097.mp4,3333,51
410,222,423,242,0.756,hummingbird,9,detect_097.mp4,3400,52
217,201,236,220,0.838,hummingbird,12,detect_097.mp4,3400,52
409,221,423,242,0.749,hummingbird,9,detect_097.mp4,3466,53
217,200,233,229,0.845,hummingbird,12,detect_097.mp4,3466,53
409,221,422,242,0.739,hummingbird,9,detect_097.mp4,3533,54
217,200,235,221,0.862,hummingbird,12,detect_097.mp4,3533,54
409,222,422,242,0.776,hummingbird,9,detect_097.mp4,3600,55
215,201,231,225,0.843,hummingbird,12,detect_097.mp4,3600,55
409,222,422,242,0.768,hummingbird,9,detect_097.mp4,3666,56
216,201,235,220,0.854,hummingbird,12,detect_097.mp4,3666,56
408,221,422,241,0.76,hummingbird,9,detect_097.mp4,3733,57
218,200,238,224,0.86,hummingbird,12,detect_097.mp4,3733,57
408,221,422,242,0.785,hummingbird,9,detect_097.mp4,3800,58
217,201,232,224,0.862,hummingbird,12,detect_097.mp4,3800,58
408,221,422,242,0.785,hummingbird,9,detect_097.mp4,3866,59
217,200,235,219,0.853,hummingbird,12,detect_097.mp4,3866,59
408,221,421,242,0.791,hummingbird,9,detect_097.mp4,3933,60
217,200,235,219,0.851,hummingbird,12,detect_097.mp4,3933,60
408,221,421,241,0.784,hummingbird,9,detect_097.mp4,4000,61
215,201,231,225,0.853,hummingbird,12,detect_097.mp4,4000,61
408,221,421,241,0.78,hummingbird,9,detect_097.mp4,4066,62
216,201,234,217,0.834,hummingbird,12,detect_097.mp4,4066,62
408,221,421,241,0.778,hummingbird,9,detect_097.mp4,4133,63
218,201,237,228,0.85,hummingbird,12,detect_097.mp4,4133,63
408,221,421,241,0.777,hummingbird,9,detect_097.mp4,4200,64
218,198,236,214,0.794,hummingbird,12,detect_097.mp4,4200,64
408,221,421,241,0.783,hummingbird,9,detect_097.mp4,4266,65
219,198,237,218,0.851,hummingbird,12,detect_097.mp4,4266,65
408,221,422,242,0.785,hummingbird,9,detect_097.mp4,4333,66
218,198,236,215,0.823,hummingbird,12,detect_097.mp4,4333,66
409,222,422,242,0.771,hummingbird,9,detect_097.mp4,4400,67
218,197,236,217,0.843,hummingbird,12,detect_097.mp4,4400,67
409,222,422,242,0.777,hummingbird,9,detect_097.mp4,4466,68
218,197,236,214,0.825,hummingbird,12,detect_097.mp4,4466,68
409,222,423,242,0.776,hummingbird,9,detect_097.mp4,4533,69
219,197,236,221,0.852,hummingbird,12,detect_097.mp4,4533,69
410,222,423,242,0.774,hummingbird,9,detect_097.mp4,4600,70
217,197,237,216,0.838,hummingbird,12,detect_097.mp4,4600,70
410,222,423,242,0.771,hummingbird,9,detect_097.mp4,4666,71
221,196,239,218,0.844,hummingbird,12,detect_097.mp4,4666,71
410,222,423,242,0.769,hummingbird,9,detect_097.mp4,4733,72
219,194,243,218,0.839,hummingbird,12,detect_097.mp4,4733,72
410,222,423,242,0.763,hummingbird,9,detect_097.mp4,4800,73
410,222,423,242,0.76,hummingbird,9,detect_097.mp4,4866,74
410,222,423,242,0.761,hummingbird,9,detect_097.mp4,4933,75
233,183,255,204,0.85,hummingbird,13,detect_097.mp4,4933,75
410,221,423,242,0.769,hummingbird,9,detect_097.mp4,5000,76
228,182,246,209,0.822,hummingbird,13,detect_097.mp4,5000,76
410,222,423,242,0.773,hummingbird,9,detect_097.mp4,5066,77
228,182,247,203,0.803,hummingbird,13,detect_097.mp4,5066,77
409,221,422,242,0.78,hummingbird,9,detect_097.mp4,5133,78
228,180,246,209,0.824,hummingbird,13,detect_097.mp4,5133,78
409,221,422,242,0.778,hummingbird,9,detect_097.mp4,5200,79
409,221,422,242,0.781,hummingbird,9,detect_097.mp4,5266,80
409,221,422,242,0.788,hummingbird,9,detect_097.mp4,5333,81
409,221,422,242,0.791,hummingbird,9,detect_097.mp4,5400,82
231,169,253,189,0.835,hummingbird,14,detect_097.mp4,5400,82
409,221,422,242,0.791,hummingbird,9,detect_097.mp4,5466,83
237,169,255,195,0.864,hummingbird,14,detect_097.mp4,5466,83
409,221,422,242,0.792,hummingbird,9,detect_097.mp4,5533,84
237,169,257,188,0.855,hummingbird,14,detect_097.mp4,5533,84
409,221,422,242,0.785,hummingbird,9,detect_097.mp4,5600,85
237,167,257,184,0.808,hummingbird,14,detect_097.mp4,5600,85
409,221,422,242,0.765,hummingbird,9,detect_097.mp4,5666,86
237,168,257,192,0.854,hummingbird,14,detect_097.mp4,5666,86
409,221,422,242,0.748,hummingbird,9,detect_097.mp4,5733,87
236,167,254,187,0.858,hummingbird,14,detect_097.mp4,5733,87
409,221,422,242,0.717,hummingbird,9,detect_097.mp4,5800,88
236,167,252,192,0.836,hummingbird,14,detect_097.mp4,5800,88
409,221,422,242,0.729,hummingbird,9,detect_097.mp4,5866,89
235,168,252,194,0.869,hummingbird,14,detect_097.mp4,5866,89
409,221,422,242,0.728,hummingbird,9,detect_097.mp4,5933,90
233,167,253,189,0.869,hummingbird,14,detect_097.mp4,5933,90
410,221,423,242,0.729,hummingbird,9,detect_097.mp4,6000,91
232,167,252,194,0.713,hummingbird,14,detect_097.mp4,6000,91
410,221,423,242,0.73,hummingbird,9,detect_097.mp4,6066,92
237,167,255,188,0.858,hummingbird,14,detect_097.mp4,6066,92
410,221,423,242,0.713,hummingbird,9,detect_097.mp4,6133,93
237,168,257,196,0.854,hummingbird,14,detect_097.mp4,6133,93
410,221,423,242,0.721,hummingbird,9,detect_097.mp4,6200,94
236,168,255,188,0.861,hummingbird,14,detect_097.mp4,6200,94
410,221,423,242,0.717,hummingbird,9,detect_097.mp4,6266,95
236,167,254,188,0.861,hummingbird,14,detect_097.mp4,6266,95
409,221,422,242,0.725,hummingbird,9,detect_097.mp4,6333,96
228,166,250,194,0.704,hummingbird,14,detect_097.mp4,6333,96
409,221,422,242,0.76,hummingbird,9,detect_097.mp4,6400,97
232,167,253,183,0.745,hummingbird,14,detect_097.mp4,6400,97
409,221,422,241,0.755,hummingbird,9,detect_097.mp4,6466,98
409,221,422,241,0.754,hummingbird,9,detect_097.mp4,6533,99
409,221,422,242,0.787,hummingbird,9,detect_097.mp4,6600,100
241,163,257,186,0.856,hummingbird,15,detect_097.mp4,6600,100
409,221,422,242,0.784,hummingbird,9,detect_097.mp4,6666,101
242,163,259,181,0.812,hummingbird,15,detect_097.mp4,6666,101
409,221,422,242,0.781,hummingbird,9,detect_097.mp4,6733,102
241,163,257,190,0.846,hummingbird,15,detect_097.mp4,6733,102
409,221,422,242,0.781,hummingbird,9,detect_097.mp4,6800,103
409,221,422,242,0.783,hummingbird,9,detect_097.mp4,6866,104
409,221,422,242,0.777,hummingbird,9,detect_097.mp4,6933,105
409,221,422,242,0.767,hummingbird,9,detect_097.mp4,7000,106
245,153,262,174,0.846,hummingbird,16,detect_097.mp4,7000,106
409,222,422,242,0.776,hummingbird,9,detect_097.mp4,7066,107
247,155,267,183,0.873,hummingbird,16,detect_097.mp4,7066,107
409,222,422,242,0.775,hummingbird,9,detect_097.mp4,7133,108
249,155,268,177,0.87,hummingbird,16,detect_097.mp4,7133,108
409,221,422,242,0.766,hummingbird,9,detect_097.mp4,7200,109
248,155,267,183,0.871,hummingbird,16,detect_097.mp4,7200,109
409,221,422,242,0.763,hummingbird,9,detect_097.mp4,7266,110
249,154,267,176,0.857,hummingbird,16,detect_097.mp4,7266,110
409,221,422,242,0.765,hummingbird,9,detect_097.mp4,7333,111
248,155,265,182,0.864,hummingbird,16,detect_097.mp4,7333,111
409,221,422,242,0.766,hummingbird,9,detect_097.mp4,7399,112
252,148,267,175,0.786,hummingbird,16,detect_097.mp4,7399,112
409,221,422,242,0.766,hummingbird,9,detect_097.mp4,7466,113
408,221,422,242,0.774,hummingbird,9,detect_097.mp4,7533,114
408,221,422,242,0.777,hummingbird,9,detect_097.mp4,7600,115
409,221,422,242,0.789,hummingbird,9,detect_097.mp4,7666,116
409,222,426,244,0.865,hummingbird,9,detect_097.mp4,7733,117
409,222,428,242,0.853,hummingbird,9,detect_097.mp4,7800,118
408,223,426,247,0.848,hummingbird,9,detect_097.mp4,7866,119
409,222,426,244,0.847,hummingbird,9,detect_097.mp4,7933,120
408,222,421,246,0.723,hummingbird,9,detect_097.mp4,8000,121
409,221,423,242,0.804,hummingbird,9,detect_097.mp4,8066,122
409,221,422,242,0.811,hummingbird,9,detect_097.mp4,8133,123
408,221,422,242,0.812,hummingbird,9,detect_097.mp4,8200,124
409,221,422,242,0.815,hummingbird,9,detect_097.mp4,8266,125
409,221,422,242,0.812,hummingbird,9,detect_097.mp4,8333,126
409,221,423,242,0.797,hummingbird,9,detect_097.mp4,8400,127
409,221,423,242,0.788,hummingbird,9,detect_097.mp4,8466,128
409,222,423,242,0.774,hummingbird,9,detect_097.mp4,8533,129
410,222,424,243,0.794,hummingbird,9,detect_097.mp4,8600,130
410,222,424,243,0.806,hummingbird,9,detect_097.mp4,8666,131
409,222,424,243,0.81,hummingbird,9,detect_097.mp4,8733,132
409,222,425,243,0.814,hummingbird,9,detect_097.mp4,8800,133
409,222,424,243,0.808,hummingbird,9,detect_097.mp4,8866,134
409,222,424,243,0.808,hummingbird,9,detect_097.mp4,8933,135
409,222,424,243,0.812,hummingbird,9,detect_097.mp4,9000,136
409,221,423,242,0.805,hummingbird,9,detect_097.mp4,9066,137
409,222,424,242,0.807,hummingbird,9,detect_097.mp4,9133,138
409,221,424,242,0.813,hummingbird,9,detect_097.mp4,9200,139
409,222,423,242,0.809,hummingbird,9,detect_097.mp4,9266,140
409,222,423,242,0.809,hummingbird,9,detect_097.mp4,9333,141
409,222,423,242,0.809,hummingbird,9,detect_097.mp4,9400,142
409,221,423,242,0.804,hummingbird,9,detect_097.mp4,9466,143
409,222,423,242,0.799,hummingbird,9,detect_097.mp4,9533,144
408,222,423,242,0.798,hummingbird,9,detect_097.mp4,9600,145
408,222,423,242,0.796,hummingbird,9,detect_097.mp4,9666,146
409,222,423,242,0.795,hummingbird,9,detect_097.mp4,9733,147
409,222,423,242,0.795,hummingbird,9,detect_097.mp4,9800,148
409,222,424,242,0.788,hummingbird,9,detect_097.mp4,9866,149
409,222,424,242,0.784,hummingbird,9,detect_097.mp4,9933,150
409,222,423,242,0.791,hummingbird,9,detect_097.mp4,10000,151
409,222,424,243,0.787,hummingbird,9,detect_097.mp4,10066,152
409,221,424,243,0.785,hummingbird,9,detect_097.mp4,10133,153
409,221,424,243,0.784,hummingbird,9,detect_097.mp4,10200,154
409,221,424,243,0.785,hummingbird,9,detect_097.mp4,10266,155
409,221,424,243,0.783,hummingbird,9,detect_097.mp4,10333,156
409,222,424,243,0.792,hummingbird,9,detect_097.mp4,10400,157
409,222,424,243,0.791,hummingbird,9,detect_097.mp4,10466,158
409,222,424,243,0.791,hummingbird,9,detect_097.mp4,10533,159
408,221,423,243,0.797,hummingbird,9,detect_097.mp4,10600,160
408,221,423,243,0.798,hummingbird,9,detect_097.mp4,10666,161
408,221,423,243,0.791,hummingbird,9,detect_097.mp4,10733,162
410,222,423,242,0.673,hummingbird,9,detect_098.mp4,0,1
410,222,423,242,0.697,hummingbird,9,detect_098.mp4,66,2
410,221,423,242,0.702,hummingbird,9,detect_098.mp4,133,3
410,221,423,242,0.704,hummingbird,9,detect_098.mp4,200,4
410,221,423,242,0.697,hummingbird,9,detect_098.mp4,266,5
410,221,423,242,0.687,hummingbird,9,detect_098.mp4,333,6
410,221,423,242,0.682,hummingbird,9,detect_098.mp4,400,7
410,221,423,242,0.709,hummingbird,9,detect_098.mp4,466,8
410,221,423,242,0.735,hummingbird,9,detect_098.mp4,533,9
409,221,422,242,0.747,hummingbird,9,detect_098.mp4,600,10
409,222,422,242,0.769,hummingbird,9,detect_098.mp4,666,11
409,221,422,242,0.77,hummingbird,9,detect_098.mp4,733,12
409,221,422,242,0.775,hummingbird,9,detect_098.mp4,800,13
410,221,423,242,0.766,hummingbird,9,detect_098.mp4,866,14
410,221,423,242,0.766,hummingbird,9,detect_098.mp4,933,15
410,221,423,242,0.766,hummingbird,9,detect_098.mp4,1000,16
410,221,423,242,0.765,hummingbird,9,detect_098.mp4,1066,17
410,221,423,242,0.744,hummingbird,9,detect_098.mp4,1133,18
410,221,423,242,0.747,hummingbird,9,detect_098.mp4,1200,19
410,221,423,242,0.76,hummingbird,9,detect_098.mp4,1266,20
410,221,423,242,0.75,hummingbird,9,detect_098.mp4,1333,21
410,221,423,242,0.749,hummingbird,9,detect_098.mp4,1400,22
410,221,423,242,0.754,hummingbird,9,detect_098.mp4,1466,23
410,222,423,242,0.756,hummingbird,9,detect_098.mp4,1533,24
410,222,424,242,0.751,hummingbird,9,detect_098.mp4,1600,25
410,222,424,242,0.755,hummingbird,9,detect_098.mp4,1666,26
410,222,424,242,0.755,hummingbird,9,detect_098.mp4,1733,27
410,221,424,242,0.756,hummingbird,9,detect_098.mp4,1800,28
410,221,423,242,0.749,hummingbird,9,detect_098.mp4,1866,29
410,221,423,242,0.769,hummingbird,9,detect_098.mp4,1933,30
410,221,423,242,0.769,hummingbird,9,detect_098.mp4,2000,31
409,221,423,242,0.769,hummingbird,9,detect_098.mp4,2066,32
409,221,423,242,0.768,hummingbird,9,detect_098.mp4,2133,33
409,221,423,242,0.768,hummingbird,9,detect_098.mp4,2200,34
409,221,423,242,0.768,hummingbird,9,detect_098.mp4,2266,35
409,221,423,242,0.768,hummingbird,9,detect_098.mp4,2333,36
409,221,423,242,0.767,hummingbird,9,detect_098.mp4,2400,37
409,221,423,242,0.768,hummingbird,9,detect_098.mp4,2466,38
410,221,423,242,0.741,hummingbird,9,detect_098.mp4,2533,39
410,221,423,242,0.737,hummingbird,9,detect_098.mp4,2600,40
410,221,423,242,0.745,hummingbird,9,detect_098.mp4,2666,41
410,222,424,242,0.746,hummingbird,9,detect_098.mp4,2733,42
410,221,424,242,0.746,hummingbird,9,detect_098.mp4,2800,43
410,221,424,242,0.741,hummingbird,9,detect_098.mp4,2866,44
410,221,423,242,0.741,hummingbird,9,detect_098.mp4,2933,45
409,221,423,242,0.74,hummingbird,9,detect_098.mp4,3000,46
409,221,423,242,0.752,hummingbird,9,detect_098.mp4,3066,47
409,221,423,242,0.767,hummingbird,9,detect_098.mp4,3133,48
409,221,423,242,0.775,hummingbird,9,detect_098.mp4,3200,49
409,221,423,242,0.776,hummingbird,9,detect_098.mp4,3266,50
409,221,423,242,0.78,hummingbird,9,detect_098.mp4,3333,51
409,221,423,242,0.786,hummingbird,9,detect_098.mp4,3400,52
409,221,423,242,0.794,hummingbird,9,detect_098.mp4,3466,53
409,221,422,242,0.801,hummingbird,9,detect_098.mp4,3533,54
409,221,422,242,0.8,hummingbird,9,detect_098.mp4,3600,55
409,221,423,242,0.802,hummingbird,9,detect_098.mp4,3666,56
409,221,423,242,0.799,hummingbird,9,detect_098.mp4,3733,57
409,221,423,242,0.78,hummingbird,9,detect_098.mp4,3800,58
409,221,423,242,0.775,hummingbird,9,detect_098.mp4,3866,59
409,221,423,242,0.767,hummingbird,9,detect_098.mp4,3933,60
410,221,423,242,0.751,hummingbird,9,detect_098.mp4,4000,61
458,248,476,281,0.825,hummingbird,17,detect_108.mp4,133,3
460,249,480,286,0.832,hummingbird,17,detect_108.mp4,200,4
460,248,478,286,0.815,hummingbird,17,detect_108.mp4,266,5
457,249,478,279,0.851,hummingbird,17,detect_108.mp4,333,6
457,249,477,278,0.852,hummingbird,17,detect_108.mp4,400,7
458,249,478,279,0.84,hummingbird,17,detect_108.mp4,466,8
460,248,479,285,0.815,hummingbird,17,detect_108.mp4,533,9
460,250,477,275,0.74,hummingbird,17,detect_108.mp4,600,10
457,252,474,276,0.698,hummingbird,17,detect_108.mp4,666,11
454,253,476,276,0.718,hummingbird,17,detect_108.mp4,733,12
458,249,479,284,0.84,hummingbird,17,detect_108.mp4,800,13
455,238,476,261,0.86,hummingbird,18,detect_108.mp4,933,15
457,237,481,257,0.828,hummingbird,18,detect_108.mp4,1000,16
455,238,480,261,0.858,hummingbird,18,detect_108.mp4,1066,17
456,238,481,266,0.85,hummingbird,18,detect_108.mp4,1133,18
456,238,480,265,0.853,hummingbird,18,detect_108.mp4,1200,19
455,238,479,259,0.838,hummingbird,18,detect_108.mp4,1266,20
455,238,480,256,0.776,hummingbird,18,detect_108.mp4,1333,21
455,239,479,260,0.832,hummingbird,18,detect_108.mp4,1400,22
455,239,480,267,0.845,hummingbird,18,detect_108.mp4,1466,23
456,238,484,255,0.64,hummingbird,18,detect_108.mp4,1533,24
455,238,483,262,0.818,hummingbird,18,detect_108.mp4,1600,25
455,238,480,265,0.818,hummingbird,18,detect_108.mp4,1666,26
455,237,479,260,0.842,hummingbird,18,detect_108.mp4,1800,28
456,237,481,258,0.797,hummingbird,18,detect_108.mp4,2000,31
457,237,481,259,0.815,hummingbird,18,detect_108.mp4,2200,34
458,235,484,252,0.428,hummingbird,18,detect_108.mp4,2266,35
456,238,481,257,0.766,hummingbird,18,detect_108.mp4,2333,36
457,238,481,255,0.749,hummingbird,18,detect_108.mp4,2400,37
461,237,483,265,0.858,hummingbird,18,detect_108.mp4,2600,40
458,238,484,270,0.829,hummingbird,18,detect_108.mp4,2666,41
459,237,484,263,0.836,hummingbird,18,detect_108.mp4,2733,42
460,237,482,269,0.823,hummingbird,18,detect_108.mp4,2800,43
458,237,479,270,0.826,hummingbird,18,detect_108.mp4,2866,44
457,237,482,262,0.827,hummingbird,18,detect_108.mp4,2933,45
458,237,482,267,0.818,hummingbird,18,detect_108.mp4,3000,46
462,237,481,269,0.832,hummingbird,18,detect_108.mp4,3066,47
463,237,490,266,0.794,hummingbird,18,detect_108.mp4,3266,50
464,236,491,257,0.789,hummingbird,18,detect_108.mp4,3333,51
464,235,491,253,0.815,hummingbird,18,detect_108.mp4,3400,52
463,236,490,263,0.805,hummingbird,18,detect_108.mp4,3466,53
463,236,489,260,0.765,hummingbird,18,detect_108.mp4,3533,54
463,235,489,254,0.751,hummingbird,18,detect_108.mp4,3600,55
462,237,486,267,0.794,hummingbird,18,detect_108.mp4,3666,56
461,235,489,254,0.705,hummingbird,18,detect_108.mp4,3733,57
462,235,489,252,0.724,hummingbird,18,detect_108.mp4,3800,58
463,234,488,257,0.813,hummingbird,18,detect_108.mp4,3866,59
463,233,491,250,0.765,hummingbird,18,detect_108.mp4,3933,60
464,230,488,255,0.846,hummingbird,18,detect_108.mp4,4000,61
202,382,213,396,0.758,hummingbird,19,detect_108.mp4,5133,78
201,384,211,403,0.807,hummingbird,19,detect_108.mp4,5200,79
201,384,211,401,0.777,hummingbird,19,detect_108.mp4,5333,81
201,384,211,402,0.79,hummingbird,19,detect_108.mp4,5466,83
200,384,213,397,0.507,hummingbird,19,detect_108.mp4,5533,84
201,384,211,404,0.804,hummingbird,19,detect_108.mp4,5600,85
200,381,211,396,0.741,hummingbird,19,detect_108.mp4,5666,86
201,384,211,402,0.789,hummingbird,19,detect_108.mp4,5733,87
202,379,213,398,0.808,hummingbird,19,detect_108.mp4,5800,88
411,210,425,242,0.827,hummingbird,20,detect_109.mp4,3200,49
410,211,430,243,0.855,hummingbird,20,detect_109.mp4,3266,50
411,211,429,242,0.849,hummingbird,20,detect_109.mp4,3333,51
412,211,428,243,0.848,hummingbird,20,detect_109.mp4,3400,52
411,210,428,242,0.845,hummingbird,20,detect_109.mp4,3466,53
411,210,427,243,0.848,hummingbird,20,detect_109.mp4,3533,54
411,210,427,243,0.847,hummingbird,20,detect_109.mp4,3600,55
411,210,427,242,0.847,hummingbird,20,detect_109.mp4,3666,56
411,211,428,243,0.85,hummingbird,20,detect_109.mp4,3733,57
411,211,428,242,0.85,hummingbird,20,detect_109.mp4,3800,58
456,213,476,241,0.856,hummingbird,21,detect_112.mp4,66,2
456,212,478,239,0.861,hummingbird,21,detect_112.mp4,133,3
456,212,476,242,0.858,hummingbird,21,detect_112.mp4,200,4
457,212,477,240,0.859,hummingbird,21,detect_112.mp4,266,5
456,212,477,242,0.858,hummingbird,21,detect_112.mp4,333,6
456,212,473,246,0.858,hummingbird,21,detect_112.mp4,400,7
456,212,479,239,0.862,hummingbird,21,detect_112.mp4,466,8
455,213,476,239,0.86,hummingbird,21,detect_112.mp4,533,9
448,213,470,236,0.863,hummingbird,21,detect_112.mp4,600,10
434,202,456,224,0.849,hummingbird,22,detect_112.mp4,733,12
433,203,455,224,0.847,hummingbird,22,detect_112.mp4,800,13
433,203,453,228,0.836,hummingbird,22,detect_112.mp4,866,14
433,203,455,226,0.836,hummingbird,22,detect_112.mp4,933,15
428,211,454,226,0.418,hummingbird,22,detect_112.mp4,1000,16
419,216,441,237,0.851,hummingbird,23,detect_112.mp4,1133,18
414,220,440,236,0.655,hummingbird,23,detect_112.mp4,1200,19
414,221,438,240,0.855,hummingbird,20,detect_112.mp4,1266,20
415,221,438,238,0.823,hummingbird,23,detect_112.mp4,1333,21
415,220,437,239,0.849,hummingbird,23,detect_112.mp4,1400,22
415,221,438,238,0.834,hummingbird,23,detect_112.mp4,1466,23
415,220,439,239,0.845,hummingbird,23,detect_112.mp4,1533,24
414,220,438,238,0.834,hummingbird,23,detect_112.mp4,1600,25
423,220,444,242,0.732,hummingbird,22,detect_112.mp4,1666,26
461,199,484,223,0.865,hummingbird,24,detect_112.mp4,1866,29
462,199,484,223,0.876,hummingbird,24,detect_112.mp4,1933,30
460,199,485,223,0.875,hummingbird,24,detect_112.mp4,2000,31
460,199,481,226,0.866,hummingbird,24,detect_112.mp4,2066,32
458,202,481,234,0.853,hummingbird,24,detect_112.mp4,2133,33
410,221,423,241,0.706,hummingbird,23,detect_112.mp4,2466,38
409,221,422,241,0.71,hummingbird,23,detect_112.mp4,2533,39
410,221,423,241,0.707,hummingbird,23,detect_112.mp4,2600,40
410,221,423,241,0.704,hummingbird,23,detect_112.mp4,2666,41
410,221,423,241,0.706,hummingbird,23,detect_112.mp4,2733,42
410,221,423,241,0.711,hummingbird,23,detect_112.mp4,2800,43
410,221,424,242,0.716,hummingbird,23,detect_112.mp4,2866,44
411,221,424,242,0.717,hummingbird,23,detect_112.mp4,2933,45
410,221,423,242,0.715,hummingbird,23,detect_112.mp4,3000,46
410,221,423,242,0.716,hummingbird,23,detect_112.mp4,3066,47
410,221,423,242,0.716,hummingbird,23,detect_112.mp4,3133,48
410,221,423,242,0.72,hummingbird,23,detect_112.mp4,3200,49
410,221,423,242,0.713,hummingbird,23,detect_112.mp4,3266,50
410,221,423,241,0.719,hummingbird,23,detect_112.mp4,3333,51
410,221,423,242,0.715,hummingbird,23,detect_112.mp4,3400,52
409,221,422,241,0.711,hummingbird,23,detect_112.mp4,3466,53
409,221,422,241,0.709,hummingbird,23,detect_112.mp4,3533,54
409,221,422,241,0.706,hummingbird,23,detect_112.mp4,3600,55
409,221,422,241,0.707,hummingbird,23,detect_112.mp4,3666,56
409,221,422,241,0.707,hummingbird,23,detect_112.mp4,3733,57
410,221,423,241,0.722,hummingbird,23,detect_112.mp4,3800,58
410,221,423,241,0.72,hummingbird,23,detect_112.mp4,3866,59
410,221,424,242,0.722,hummingbird,23,detect_112.mp4,3933,60
410,221,424,242,0.718,hummingbird,23,detect_112.mp4,4000,61
410,221,424,242,0.714,hummingbird,23,detect_112.mp4,4066,62
410,221,424,242,0.715,hummingbird,23,detect_112.mp4,4133,63
410,221,424,242,0.715,hummingbird,23,detect_112.mp4,4200,64
411,221,424,242,0.719,hummingbird,23,detect_112.mp4,4266,65
411,221,424,242,0.721,hummingbird,23,detect_112.mp4,4333,66
411,221,424,242,0.711,hummingbird,23,detect_112.mp4,4400,67
411,221,424,242,0.711,hummingbird,23,detect_112.mp4,4466,68
411,221,424,242,0.707,hummingbird,23,detect_112.mp4,4533,69
411,221,424,242,0.707,hummingbird,23,detect_112.mp4,4600,70
411,221,424,242,0.709,hummingbird,23,detect_112.mp4,4666,71
410,221,424,242,0.717,hummingbird,23,detect_112.mp4,4733,72
411,221,424,242,0.72,hummingbird,23,detect_112.mp4,4800,73
410,221,423,241,0.706,hummingbird,23,detect_112.mp4,4866,74
410,221,422,241,0.683,hummingbird,23,detect_112.mp4,4933,75
410,221,422,241,0.683,hummingbird,23,detect_112.mp4,5000,76
410,221,423,241,0.7,hummingbird,23,detect_112.mp4,5066,77
410,221,422,241,0.722,hummingbird,23,detect_112.mp4,5133,78
409,221,422,241,0.728,hummingbird,23,detect_112.mp4,5200,79
409,221,422,241,0.727,hummingbird,23,detect_112.mp4,5266,80
409,221,422,241,0.725,hummingbird,23,detect_112.mp4,5333,81
410,221,424,241,0.665,hummingbird,23,detect_117.mp4,0,1
412,221,424,241,0.657,hummingbird,23,detect_117.mp4,66,2
380,257,396,281,0.763,hummingbird,25,detect_117.mp4,66,2
412,222,424,242,0.65,hummingbird,23,detect_117.mp4,133,3
379,257,396,278,0.753,hummingbird,25,detect_117.mp4,133,3
411,221,424,241,0.607,hummingbird,23,detect_117.mp4,200,4
380,257,396,281,0.801,hummingbird,25,detect_117.mp4,200,4
412,221,424,241,0.622,hummingbird,23,detect_117.mp4,266,5
378,257,396,279,0.72,hummingbird,25,detect_117.mp4,266,5
412,221,424,241,0.623,hummingbird,23,detect_117.mp4,333,6
378,257,396,279,0.704,hummingbird,25,detect_117.mp4,333,6
412,221,424,241,0.614,hummingbird,23,detect_117.mp4,400,7
378,257,396,281,0.708,hummingbird,25,detect_117.mp4,400,7
411,222,424,241,0.654,hummingbird,23,detect_117.mp4,466,8
378,256,396,279,0.804,hummingbird,25,detect_117.mp4,466,8
411,222,424,241,0.641,hummingbird,23,detect_117.mp4,533,9
379,256,396,281,0.783,hummingbird,25,detect_117.mp4,533,9
411,222,424,241,0.663,hummingbird,23,detect_117.mp4,600,10
379,256,396,279,0.826,hummingbird,25,detect_117.mp4,600,10
411,222,424,241,0.673,hummingbird,23,detect_117.mp4,666,11
381,256,396,280,0.814,hummingbird,25,detect_117.mp4,666,11
410,221,424,241,0.629,hummingbird,23,detect_117.mp4,733,12
412,221,425,242,0.634,hummingbird,23,detect_117.mp4,800,13
412,221,425,242,0.644,hummingbird,23,detect_117.mp4,866,14
411,221,424,241,0.692,hummingbird,23,detect_117.mp4,933,15
412,221,425,241,0.67,hummingbird,23,detect_117.mp4,1000,16
411,221,424,241,0.679,hummingbird,23,detect_117.mp4,1066,17
411,221,424,241,0.691,hummingbird,23,detect_117.mp4,1133,18
411,221,424,241,0.692,hummingbird,23,detect_117.mp4,1200,19
411,221,424,241,0.683,hummingbird,23,detect_117.mp4,1266,20
412,221,425,241,0.692,hummingbird,23,detect_117.mp4,1333,21
412,221,425,241,0.678,hummingbird,23,detect_117.mp4,1400,22
412,221,425,241,0.674,hummingbird,23,detect_117.mp4,1466,23
412,221,425,241,0.7,hummingbird,23,detect_117.mp4,1533,24
411,221,425,241,0.713,hummingbird,23,detect_117.mp4,1600,25
412,221,425,241,0.711,hummingbird,23,detect_117.mp4,1666,26
412,221,425,241,0.697,hummingbird,23,detect_117.mp4,1733,27
411,221,424,241,0.711,hummingbird,23,detect_117.mp4,1800,28
411,221,424,241,0.711,hummingbird,23,detect_117.mp4,1866,29
411,221,424,241,0.712,hummingbird,23,detect_117.mp4,1933,30
411,221,424,241,0.711,hummingbird,23,detect_117.mp4,2000,31
411,221,424,241,0.73,hummingbird,23,detect_117.mp4,2066,32
411,221,424,241,0.677,hummingbird,23,detect_117.mp4,2133,33
410,221,424,241,0.727,hummingbird,23,detect_117.mp4,2200,34
411,221,424,241,0.679,hummingbird,23,detect_117.mp4,2266,35
410,221,424,241,0.699,hummingbird,23,detect_117.mp4,2333,36
410,221,424,241,0.683,hummingbird,23,detect_117.mp4,2400,37
411,221,423,241,0.664,hummingbird,23,detect_117.mp4,2466,38
411,221,424,241,0.594,hummingbird,23,detect_117.mp4,2533,39
411,221,424,241,0.657,hummingbird,23,detect_117.mp4,2600,40
411,221,423,241,0.668,hummingbird,23,detect_117.mp4,2666,41
411,221,423,241,0.675,hummingbird,23,detect_117.mp4,2733,42
411,221,423,241,0.668,hummingbird,23,detect_117.mp4,2800,43
411,221,424,241,0.676,hummingbird,23,detect_117.mp4,2866,44
411,221,424,241,0.673,hummingbird,23,detect_117.mp4,2933,45
411,221,424,241,0.669,hummingbird,23,detect_117.mp4,3000,46
411,221,424,242,0.722,hummingbird,23,detect_123.mp4,0,1
411,221,424,242,0.714,hummingbird,23,detect_123.mp4,66,2
411,221,424,242,0.71,hummingbird,23,detect_123.mp4,133,3
411,221,424,242,0.711,hummingbird,23,detect_123.mp4,200,4
411,221,424,242,0.716,hummingbird,23,detect_123.mp4,266,5
410,222,424,242,0.715,hummingbird,23,detect_123.mp4,333,6
437,333,452,354,0.857,hummingbird,26,detect_123.mp4,333,6
410,222,424,242,0.714,hummingbird,23,detect_123.mp4,400,7
437,331,454,349,0.769,hummingbird,26,detect_123.mp4,400,7
410,222,424,242,0.714,hummingbird,23,detect_123.mp4,466,8
438,332,453,353,0.845,hummingbird,26,detect_123.mp4,466,8
410,222,424,242,0.716,hummingbird,23,detect_123.mp4,533,9
438,332,453,350,0.803,hummingbird,26,detect_123.mp4,533,9
411,222,424,242,0.7,hummingbird,23,detect_123.mp4,600,10
439,332,454,353,0.848,hummingbird,26,detect_123.mp4,600,10
411,222,424,242,0.703,hummingbird,23,detect_123.mp4,666,11
437,333,455,350,0.809,hummingbird,26,detect_123.mp4,666,11
411,222,424,242,0.702,hummingbird,23,detect_123.mp4,733,12
435,333,453,353,0.847,hummingbird,26,detect_123.mp4,733,12
410,222,424,242,0.693,hummingbird,23,detect_123.mp4,800,13
436,332,452,353,0.841,hummingbird,26,detect_123.mp4,800,13
411,222,424,242,0.697,hummingbird,23,detect_123.mp4,866,14
440,332,456,351,0.829,hummingbird,26,detect_123.mp4,866,14
411,222,424,242,0.699,hummingbird,23,detect_123.mp4,933,15
442,333,457,357,0.861,hummingbird,26,detect_123.mp4,933,15
410,222,424,242,0.702,hummingbird,23,detect_123.mp4,1000,16
443,334,459,356,0.866,hummingbird,26,detect_123.mp4,1000,16
410,222,424,242,0.694,hummingbird,23,detect_123.mp4,1066,17
443,334,460,358,0.862,hummingbird,26,detect_123.mp4,1066,17
411,221,424,242,0.695,hummingbird,23,detect_123.mp4,1133,18
444,334,463,356,0.862,hummingbird,26,detect_123.mp4,1133,18
411,221,424,242,0.694,hummingbird,23,detect_123.mp4,1200,19
444,334,462,358,0.864,hummingbird,26,detect_123.mp4,1200,19
411,221,424,242,0.696,hummingbird,23,detect_123.mp4,1266,20
444,334,463,357,0.858,hummingbird,26,detect_123.mp4,1266,20
411,221,424,242,0.695,hummingbird,23,detect_123.mp4,1333,21
444,335,461,362,0.848,hummingbird,26,detect_123.mp4,1333,21
411,221,424,242,0.695,hummingbird,23,detect_123.mp4,1400,22
444,335,461,356,0.863,hummingbird,26,detect_123.mp4,1400,22
411,221,424,242,0.692,hummingbird,23,detect_123.mp4,1466,23
443,335,460,360,0.858,hummingbird,26,detect_123.mp4,1466,23
411,222,424,242,0.69,hummingbird,23,detect_123.mp4,1533,24
443,335,460,357,0.864,hummingbird,26,detect_123.mp4,1533,24
411,221,425,242,0.7,hummingbird,23,detect_123.mp4,1600,25
442,335,460,360,0.857,hummingbird,26,detect_123.mp4,1600,25
411,221,425,242,0.703,hummingbird,23,detect_123.mp4,1666,26
442,335,460,357,0.862,hummingbird,26,detect_123.mp4,1666,26
411,221,425,242,0.695,hummingbird,23,detect_123.mp4,1733,27
441,335,460,358,0.86,hummingbird,26,detect_123.mp4,1733,27
411,221,425,242,0.706,hummingbird,23,detect_123.mp4,1800,28
441,335,460,358,0.86,hummingbird,26,detect_123.mp4,1800,28
411,221,425,242,0.713,hummingbird,23,detect_123.mp4,1866,29
441,335,460,358,0.861,hummingbird,26,detect_123.mp4,1866,29
411,221,425,242,0.708,hummingbird,23,detect_123.mp4,1933,30
441,335,460,359,0.862,hummingbird,26,detect_123.mp4,1933,30
411,221,424,242,0.728,hummingbird,23,detect_123.mp4,2000,31
441,335,459,358,0.864,hummingbird,26,detect_123.mp4,2000,31
411,221,424,242,0.72,hummingbird,23,detect_123.mp4,2066,32
444,335,458,358,0.862,hummingbird,26,detect_123.mp4,2066,32
411,221,424,242,0.722,hummingbird,23,detect_123.mp4,2133,33
411,221,424,242,0.723,hummingbird,23,detect_123.mp4,2200,34
411,221,424,242,0.723,hummingbird,23,detect_123.mp4,2266,35
411,221,424,242,0.725,hummingbird,23,detect_123.mp4,2333,36
411,221,425,242,0.729,hummingbird,23,detect_123.mp4,2400,37
411,221,424,242,0.728,hummingbird,23,detect_123.mp4,2466,38
411,221,424,242,0.731,hummingbird,23,detect_123.mp4,2533,39
410,221,424,242,0.735,hummingbird,23,detect_123.mp4,2600,40
410,221,424,242,0.736,hummingbird,23,detect_123.mp4,2666,41
410,221,424,242,0.738,hummingbird,23,detect_123.mp4,2733,42
410,221,424,242,0.739,hummingbird,23,detect_123.mp4,2800,43
410,221,424,242,0.741,hummingbird,23,detect_123.mp4,2866,44
818,333,841,369,0.742,hummingbird,27,detect_123.mp4,2866,44
410,221,424,242,0.738,hummingbird,23,detect_123.mp4,2933,45
815,334,840,367,0.751,hummingbird,27,detect_123.mp4,2933,45
410,221,424,242,0.739,hummingbird,23,detect_123.mp4,3000,46
814,334,839,368,0.739,hummingbird,27,detect_123.mp4,3000,46
410,221,424,242,0.741,hummingbird,23,detect_123.mp4,3066,47
816,334,841,368,0.692,hummingbird,27,detect_123.mp4,3066,47
410,221,424,242,0.741,hummingbird,23,detect_123.mp4,3133,48
817,333,842,367,0.776,hummingbird,27,detect_123.mp4,3133,48
410,221,424,242,0.738,hummingbird,23,detect_123.mp4,3200,49
815,337,842,369,0.548,hummingbird,27,detect_123.mp4,3200,49
410,221,424,242,0.739,hummingbird,23,detect_123.mp4,3266,50
815,336,844,367,0.626,hummingbird,27,detect_123.mp4,3266,50
410,221,424,242,0.741,hummingbird,23,detect_123.mp4,3333,51
816,337,843,370,0.643,hummingbird,27,detect_123.mp4,3333,51
410,221,424,242,0.732,hummingbird,23,detect_123.mp4,3400,52
815,338,842,370,0.557,hummingbird,27,detect_123.mp4,3400,52
410,221,424,242,0.73,hummingbird,23,detect_123.mp4,3466,53
817,337,842,371,0.706,hummingbird,27,detect_123.mp4,3466,53
410,221,424,242,0.733,hummingbird,23,detect_123.mp4,3533,54
410,221,424,242,0.734,hummingbird,23,detect_123.mp4,3600,55
410,221,424,242,0.733,hummingbird,23,detect_123.mp4,3666,56
410,221,424,242,0.736,hummingbird,23,detect_123.mp4,3733,57
410,221,424,242,0.741,hummingbird,23,detect_123.mp4,3800,58
410,221,424,242,0.733,hummingbird,23,detect_123.mp4,3866,59
410,221,424,242,0.761,hummingbird,23,detect_123.mp4,3933,60
448,241,468,265,0.798,hummingbird,28,detect_123.mp4,4066,62
448,243,468,273,0.804,hummingbird,28,detect_123.mp4,4133,63
449,243,470,265,0.867,hummingbird,28,detect_123.mp4,4200,64
450,243,469,270,0.852,hummingbird,28,detect_123.mp4,4266,65
450,242,469,267,0.858,hummingbird,28,detect_123.mp4,4333,66
450,242,469,265,0.872,hummingbird,28,detect_123.mp4,4400,67
450,242,468,270,0.851,hummingbird,28,detect_123.mp4,4466,68
451,242,472,263,0.87,hummingbird,28,detect_123.mp4,4533,69
451,242,472,263,0.87,hummingbird,28,detect_123.mp4,4600,70
450,241,472,264,0.871,hummingbird,28,detect_123.mp4,4666,71
450,241,472,264,0.871,hummingbird,28,detect_123.mp4,4733,72
450,241,472,264,0.869,hummingbird,28,detect_123.mp4,4800,73
447,243,468,264,0.662,hummingbird,28,detect_123.mp4,4866,74
411,221,424,242,0.717,hummingbird,23,detect_123.mp4,5133,78
410,221,424,242,0.731,hummingbird,23,detect_123.mp4,5200,79
410,221,424,242,0.69,hummingbird,23,detect_123.mp4,5266,80
410,221,423,241,0.7,hummingbird,23,detect_123.mp4,5333,81
410,221,423,241,0.69,hummingbird,23,detect_123.mp4,5400,82
410,221,423,241,0.714,hummingbird,23,detect_123.mp4,5466,83
410,221,423,241,0.705,hummingbird,23,detect_123.mp4,5533,84
410,221,423,241,0.697,hummingbird,23,detect_123.mp4,5600,85
410,221,423,241,0.694,hummingbird,23,detect_123.mp4,5666,86
410,221,424,241,0.69,hummingbird,23,detect_123.mp4,5733,87
410,221,423,241,0.706,hummingbird,23,detect_123.mp4,5800,88
410,221,424,241,0.687,hummingbird,23,detect_123.mp4,5866,89
410,221,423,241,0.663,hummingbird,23,detect_123.mp4,5933,90
411,222,424,242,0.692,hummingbird,23,detect_123.mp4,6000,91
411,221,425,242,0.688,hummingbird,23,detect_123.mp4,6066,92
411,221,425,242,0.693,hummingbird,23,detect_123.mp4,6133,93
411,221,425,242,0.694,hummingbird,23,detect_123.mp4,6200,94
411,221,425,242,0.717,hummingbird,23,detect_123.mp4,6266,95
411,221,425,242,0.727,hummingbird,23,detect_123.mp4,6333,96
411,221,424,242,0.734,hummingbird,23,detect_123.mp4,6400,97
410,221,424,242,0.75,hummingbird,23,detect_123.mp4,6466,98
410,221,424,242,0.749,hummingbird,23,detect_123.mp4,6533,99
410,221,424,241,0.731,hummingbird,23,detect_123.mp4,6600,100
410,221,424,241,0.727,hummingbird,23,detect_123.mp4,6666,101
410,221,424,242,0.723,hummingbird,23,detect_123.mp4,6733,102
410,221,424,242,0.72,hummingbird,23,detect_123.mp4,6800,103
410,221,424,242,0.717,hummingbird,23,detect_123.mp4,6866,104
411,221,424,242,0.721,hummingbird,23,detect_123.mp4,6933,105
411,221,424,242,0.717,hummingbird,23,detect_123.mp4,7000,106
411,221,424,242,0.713,hummingbird,23,detect_123.mp4,7066,107
410,221,424,242,0.735,hummingbird,23,detect_123.mp4,7133,108
410,221,424,242,0.716,hummingbird,23,detect_123.mp4,7200,109
411,222,424,242,0.718,hummingbird,23,detect_123.mp4,7266,110
409,222,425,243,0.671,hummingbird,23,detect_123.mp4,7333,111
411,221,425,242,0.723,hummingbird,23,detect_123.mp4,7399,112
410,222,425,242,0.695,hummingbird,23,detect_123.mp4,7466,113
411,221,426,242,0.745,hummingbird,23,detect_123.mp4,7533,114
410,221,427,243,0.75,hummingbird,23,detect_123.mp4,7600,115
413,222,425,242,0.637,hummingbird,23,detect_123.mp4,7666,116
413,222,425,245,0.793,hummingbird,23,detect_123.mp4,7733,117
412,222,425,246,0.833,hummingbird,23,detect_123.mp4,7800,118
412,222,425,247,0.833,hummingbird,23,detect_123.mp4,7866,119
412,221,425,242,0.63,hummingbird,23,detect_125.mp4,0,1
413,221,426,243,0.665,hummingbird,23,detect_125.mp4,66,2
412,221,425,242,0.673,hummingbird,23,detect_125.mp4,133,3
320,366,339,386,0.835,hummingbird,29,detect_125.mp4,133,3
412,221,425,243,0.66,hummingbird,23,detect_125.mp4,200,4
316,369,331,392,0.827,hummingbird,29,detect_125.mp4,200,4
412,221,425,243,0.671,hummingbird,23,detect_125.mp4,266,5
412,221,425,243,0.67,hummingbird,23,detect_125.mp4,333,6
311,361,332,388,0.84,hummingbird,29,detect_125.mp4,333,6
412,221,425,243,0.69,hummingbird,23,detect_125.mp4,400,7
316,361,330,384,0.866,hummingbird,29,detect_125.mp4,400,7
412,221,425,243,0.691,hummingbird,23,detect_125.mp4,466,8
316,361,331,383,0.867,hummingbird,29,detect_125.mp4,466,8
412,221,425,243,0.692,hummingbird,23,detect_125.mp4,533,9
315,361,330,387,0.835,hummingbird,29,detect_125.mp4,533,9
413,221,426,243,0.699,hummingbird,23,detect_125.mp4,600,10
313,362,331,384,0.863,hummingbird,29,detect_125.mp4,600,10
412,221,425,243,0.69,hummingbird,23,detect_125.mp4,666,11
312,364,331,385,0.84,hummingbird,29,detect_125.mp4,666,11
412,221,425,243,0.688,hummingbird,23,detect_125.mp4,733,12
312,366,329,385,0.812,hummingbird,29,detect_125.mp4,733,12
412,221,425,242,0.68,hummingbird,23,detect_125.mp4,800,13
313,366,330,387,0.806,hummingbird,29,detect_125.mp4,800,13
412,221,425,242,0.705,hummingbird,23,detect_125.mp4,866,14
313,366,330,386,0.814,hummingbird,29,detect_125.mp4,866,14
412,221,425,242,0.711,hummingbird,23,detect_125.mp4,933,15
312,367,330,386,0.802,hummingbird,29,detect_125.mp4,933,15
412,221,425,242,0.708,hummingbird,23,detect_125.mp4,1000,16
311,368,330,386,0.785,hummingbird,29,detect_125.mp4,1000,16
412,221,425,242,0.711,hummingbird,23,detect_125.mp4,1066,17
312,368,329,386,0.765,hummingbird,29,detect_125.mp4,1066,17
412,221,425,242,0.703,hummingbird,23,detect_125.mp4,1133,18
313,369,330,390,0.813,hummingbird,29,detect_125.mp4,1133,18
412,221,425,242,0.7,hummingbird,23,detect_125.mp4,1200,19
312,368,329,387,0.745,hummingbird,29,detect_125.mp4,1200,19
412,221,425,242,0.705,hummingbird,23,detect_125.mp4,1266,20
311,369,329,387,0.741,hummingbird,29,detect_125.mp4,1266,20
412,221,425,242,0.701,hummingbird,23,detect_125.mp4,1333,21
312,371,326,386,0.626,hummingbird,29,detect_125.mp4,1333,21
412,221,425,242,0.699,hummingbird,23,detect_125.mp4,1400,22
412,221,425,242,0.687,hummingbird,23,detect_125.mp4,1466,23
412,221,425,242,0.687,hummingbird,23,detect_125.mp4,1533,24
412,221,425,242,0.667,hummingbird,23,detect_125.mp4,1600,25
412,221,425,242,0.666,hummingbird,23,detect_125.mp4,1666,26
412,221,425,242,0.638,hummingbird,23,detect_125.mp4,1733,27
315,264,334,284,0.856,hummingbird,30,detect_125.mp4,1733,27
412,221,425,242,0.617,hummingbird,23,detect_125.mp4,1800,28
315,265,334,303,0.845,hummingbird,30,detect_125.mp4,1800,28
412,221,425,242,0.622,hummingbird,23,detect_125.mp4,1866,29
313,266,334,297,0.847,hummingbird,30,detect_125.mp4,1866,29
412,221,425,242,0.623,hummingbird,23,detect_125.mp4,1933,30
315,265,332,300,0.851,hummingbird,30,detect_125.mp4,1933,30
412,221,425,242,0.644,hummingbird,23,detect_125.mp4,2000,31
413,221,425,243,0.638,hummingbird,23,detect_125.mp4,2066,32
411,221,426,243,0.771,hummingbird,23,detect_125.mp4,2133,33
412,221,426,242,0.763,hummingbird,23,detect_125.mp4,2200,34
411,221,426,243,0.736,hummingbird,23,detect_125.mp4,2266,35
412,221,425,243,0.753,hummingbird,23,detect_125.mp4,2333,36
411,221,426,243,0.771,hummingbird,23,detect_125.mp4,2400,37
412,221,425,243,0.754,hummingbird,23,detect_125.mp4,2466,38
412,221,425,243,0.762,hummingbird,23,detect_125.mp4,2533,39
412,221,425,243,0.766,hummingbird,23,detect_125.mp4,2600,40
412,221,425,243,0.765,hummingbird,23,detect_125.mp4,2666,41
412,221,425,243,0.769,hummingbird,23,detect_125.mp4,2733,42
412,221,425,243,0.762,hummingbird,23,detect_125.mp4,2800,43
412,221,425,243,0.764,hummingbird,23,detect_125.mp4,2866,44
412,221,425,243,0.765,hummingbird,23,detect_125.mp4,2933,45
412,221,425,243,0.764,hummingbird,23,detect_125.mp4,3000,46
412,221,425,243,0.768,hummingbird,23,detect_125.mp4,3066,47
412,221,425,243,0.774,hummingbird,23,detect_125.mp4,3133,48
412,221,425,243,0.768,hummingbird,23,detect_125.mp4,3200,49
411,221,426,245,0.737,hummingbird,23,detect_125.mp4,3266,50
412,221,425,243,0.722,hummingbird,23,detect_125.mp4,3333,51
410,221,426,244,0.581,hummingbird,23,detect_125.mp4,3400,52
412,221,425,244,0.757,hummingbird,23,detect_125.mp4,3466,53
412,221,425,243,0.751,hummingbird,23,detect_125.mp4,3533,54
412,221,425,243,0.774,hummingbird,23,detect_125.mp4,3600,55
412,221,426,243,0.761,hummingbird,23,detect_125.mp4,3666,56
412,221,426,243,0.756,hummingbird,23,detect_125.mp4,3733,57
411,221,424,242,0.767,hummingbird,23,detect_125.mp4,3800,58
411,221,425,243,0.751,hummingbird,23,detect_125.mp4,3866,59
411,221,425,243,0.753,hummingbird,23,detect_125.mp4,3933,60
411,221,425,242,0.766,hummingbird,23,detect_125.mp4,4000,61
411,221,425,243,0.77,hummingbird,23,detect_125.mp4,4066,62
412,221,425,243,0.555,hummingbird,23,detect_125.mp4,4133,63
412,221,425,243,0.515,hummingbird,23,detect_125.mp4,4200,64
411,221,425,244,0.626,hummingbird,23,detect_125.mp4,4266,65
413,221,426,243,0.498,hummingbird,23,detect_125.mp4,4333,66
413,221,426,243,0.598,hummingbird,23,detect_125.mp4,4400,67
412,221,426,243,0.617,hummingbird,23,detect_125.mp4,4466,68
412,221,425,243,0.645,hummingbird,23,detect_125.mp4,4533,69
425,212,451,228,0.778,hummingbird,31,detect_129.mp4,266,5
425,211,451,230,0.849,hummingbird,31,detect_129.mp4,333,6
415,219,441,236,0.813,hummingbird,32,detect_129.mp4,533,9
429,212,448,240,0.851,hummingbird,31,detect_129.mp4,600,10
435,212,460,235,0.816,hummingbird,31,detect_129.mp4,733,12
436,212,463,230,0.606,hummingbird,31,detect_129.mp4,800,13
416,220,443,244,0.71,hummingbird,32,detect_129.mp4,933,15
410,232,425,263,0.806,hummingbird,33,detect_129.mp4,1266,20
410,227,427,268,0.813,hummingbird,33,detect_129.mp4,1333,21
409,229,428,262,0.853,hummingbird,33,detect_129.mp4,1400,22
410,227,424,268,0.776,hummingbird,33,detect_129.mp4,1466,23
411,221,423,240,0.768,hummingbird,23,detect_129.mp4,1533,24
410,221,424,241,0.739,hummingbird,23,detect_129.mp4,1600,25
411,221,424,242,0.748,hummingbird,23,detect_129.mp4,1666,26
411,221,424,242,0.719,hummingbird,23,detect_129.mp4,1733,27
411,221,425,242,0.719,hummingbird,23,detect_129.mp4,1800,28
412,221,425,242,0.679,hummingbird,23,detect_129.mp4,1866,29
412,221,425,241,0.68,hummingbird,23,detect_129.mp4,1933,30
412,221,425,242,0.682,hummingbird,23,detect_129.mp4,2000,31
412,221,425,242,0.686,hummingbird,23,detect_129.mp4,2066,32
412,221,425,242,0.669,hummingbird,23,detect_129.mp4,2133,33
412,221,425,242,0.647,hummingbird,23,detect_129.mp4,2200,34
412,221,425,242,0.707,hummingbird,23,detect_129.mp4,2266,35
412,221,426,242,0.741,hummingbird,23,detect_129.mp4,2333,36
412,221,426,242,0.749,hummingbird,23,detect_129.mp4,2400,37
411,221,425,242,0.762,hummingbird,23,detect_129.mp4,2466,38
411,221,424,242,0.776,hummingbird,23,detect_129.mp4,2533,39
410,221,423,242,0.759,hummingbird,23,detect_129.mp4,2600,40
410,221,423,241,0.76,hummingbird,23,detect_129.mp4,2666,41
410,221,423,241,0.758,hummingbird,23,detect_129.mp4,2733,42
410,221,423,241,0.759,hummingbird,23,detect_129.mp4,2800,43
410,221,423,242,0.748,hummingbird,23,detect_129.mp4,2866,44
410,221,424,242,0.755,hummingbird,23,detect_129.mp4,2933,45
411,221,424,242,0.729,hummingbird,23,detect_129.mp4,3000,46
411,222,425,242,0.74,hummingbird,23,detect_129.mp4,3066,47
411,222,425,241,0.697,hummingbird,23,detect_129.mp4,3133,48
412,222,427,242,0.76,hummingbird,23,detect_129.mp4,3200,49
412,223,428,244,0.698,hummingbird,23,detect_129.mp4,3266,50
412,223,427,244,0.699,hummingbird,23,detect_129.mp4,3333,51
412,222,425,244,0.49,hummingbird,23,detect_129.mp4,3400,52
411,223,426,245,0.724,hummingbird,23,detect_129.mp4,3466,53
412,222,426,243,0.752,hummingbird,23,detect_129.mp4,3533,54
412,223,427,246,0.773,hummingbird,23,detect_129.mp4,3600,55
412,222,425,245,0.743,hummingbird,23,detect_129.mp4,3666,56
410,221,423,241,0.736,hummingbird,23,detect_129.mp4,3733,57
410,221,423,242,0.74,hummingbird,23,detect_129.mp4,3800,58
410,221,423,242,0.72,hummingbird,23,detect_129.mp4,3866,59
410,221,423,242,0.744,hummingbird,23,detect_129.mp4,3933,60
410,221,423,241,0.735,hummingbird,23,detect_129.mp4,4000,61
410,221,423,241,0.694,hummingbird,23,detect_129.mp4,4066,62
410,221,423,241,0.716,hummingbird,23,detect_129.mp4,4133,63
410,221,423,242,0.751,hummingbird,23,detect_129.mp4,4200,64
410,221,423,241,0.762,hummingbird,23,detect_129.mp4,4266,65
410,221,424,242,0.672,hummingbird,23,detect_129.mp4,4333,66
411,221,425,242,0.712,hummingbird,23,detect_129.mp4,4400,67
348,221,368,242,0.704,hummingbird,34,detect_129.mp4,4400,67
411,222,424,242,0.709,hummingbird,23,detect_129.mp4,4466,68
348,222,368,240,0.726,hummingbird,34,detect_129.mp4,4466,68
411,222,424,242,0.699,hummingbird,23,detect_129.mp4,4533,69
348,222,368,240,0.759,hummingbird,34,detect_129.mp4,4533,69
411,221,424,242,0.677,hummingbird,23,detect_129.mp4,4600,70
348,222,368,241,0.717,hummingbird,34,detect_129.mp4,4600,70
411,222,424,242,0.661,hummingbird,23,detect_129.mp4,4666,71
348,222,367,241,0.698,hummingbird,34,detect_129.mp4,4666,71
410,222,425,242,0.679,hummingbird,23,detect_129.mp4,4733,72
346,224,364,251,0.849,hummingbird,34,detect_129.mp4,4733,72
410,221,425,242,0.685,hummingbird,23,detect_129.mp4,4800,73
341,224,368,245,0.852,hummingbird,34,detect_129.mp4,4800,73
410,222,425,242,0.78,hummingbird,23,detect_129.mp4,4866,74
345,223,363,244,0.81,hummingbird,34,detect_129.mp4,4866,74
411,221,425,242,0.67,hummingbird,23,detect_129.mp4,4933,75
410,221,424,242,0.753,hummingbird,23,detect_129.mp4,5000,76
330,210,358,238,0.872,hummingbird,35,detect_129.mp4,5000,76
410,221,424,242,0.778,hummingbird,23,detect_129.mp4,5066,77
328,216,357,240,0.857,hummingbird,35,detect_129.mp4,5066,77
410,221,423,242,0.743,hummingbird,23,detect_129.mp4,5133,78
328,217,357,240,0.86,hummingbird,35,detect_129.mp4,5133,78
410,221,423,242,0.735,hummingbird,23,detect_129.mp4,5200,79
332,219,359,240,0.869,hummingbird,35,detect_129.mp4,5200,79
410,221,424,242,0.655,hummingbird,23,detect_129.mp4,5266,80
332,221,361,240,0.865,hummingbird,35,detect_129.mp4,5266,80
410,221,423,242,0.681,hummingbird,23,detect_129.mp4,5333,81
332,219,361,240,0.856,hummingbird,35,detect_129.mp4,5333,81
410,221,423,242,0.682,hummingbird,23,detect_129.mp4,5400,82
335,223,360,240,0.864,hummingbird,35,detect_129.mp4,5400,82
410,221,424,242,0.66,hummingbird,23,detect_129.mp4,5466,83
334,223,361,241,0.866,hummingbird,35,detect_129.mp4,5466,83
411,221,425,242,0.626,hummingbird,23,detect_129.mp4,5533,84
334,223,361,241,0.865,hummingbird,35,detect_129.mp4,5533,84
411,221,425,242,0.6,hummingbird,23,detect_129.mp4,5600,85
334,223,361,241,0.865,hummingbird,35,detect_129.mp4,5600,85
411,222,425,242,0.635,hummingbird,23,detect_129.mp4,5666,86
334,223,362,241,0.863,hummingbird,35,detect_129.mp4,5666,86
411,221,425,242,0.622,hummingbird,23,detect_129.mp4,5733,87
334,223,362,241,0.863,hummingbird,35,detect_129.mp4,5733,87
411,221,425,242,0.652,hummingbird,23,detect_129.mp4,5800,88
335,223,362,242,0.864,hummingbird,35,detect_129.mp4,5800,88
411,221,425,241,0.676,hummingbird,23,detect_129.mp4,5866,89
334,223,362,242,0.865,hummingbird,35,detect_129.mp4,5866,89
411,221,425,242,0.662,hummingbird,23,detect_129.mp4,5933,90
335,223,362,242,0.865,hummingbird,35,detect_129.mp4,5933,90
411,221,425,242,0.661,hummingbird,23,detect_129.mp4,6000,91
335,223,362,242,0.865,hummingbird,35,detect_129.mp4,6000,91
411,221,425,242,0.667,hummingbird,23,detect_129.mp4,6066,92
335,223,362,242,0.866,hummingbird,35,detect_129.mp4,6066,92
410,221,425,242,0.707,hummingbird,23,detect_129.mp4,6133,93
334,223,362,242,0.866,hummingbird,35,detect_129.mp4,6133,93
410,221,425,242,0.713,hummingbird,23,detect_129.mp4,6200,94
334,223,361,242,0.867,hummingbird,35,detect_129.mp4,6200,94
411,221,426,242,0.677,hummingbird,23,detect_129.mp4,6266,95
334,223,361,242,0.869,hummingbird,35,detect_129.mp4,6266,95
411,221,425,242,0.686,hummingbird,23,detect_129.mp4,6333,96
334,223,361,242,0.871,hummingbird,35,detect_129.mp4,6333,96
411,221,425,242,0.691,hummingbird,23,detect_129.mp4,6400,97
334,223,360,242,0.872,hummingbird,35,detect_129.mp4,6400,97
409,221,422,241,0.699,hummingbird,23,detect_129.mp4,6466,98
334,224,360,242,0.873,hummingbird,35,detect_129.mp4,6466,98
409,221,422,241,0.708,hummingbird,23,detect_129.mp4,6533,99
333,224,359,241,0.873,hummingbird,35,detect_129.mp4,6533,99
409,221,422,241,0.704,hummingbird,23,detect_129.mp4,6600,100
333,224,359,241,0.874,hummingbird,35,detect_129.mp4,6600,100
409,221,422,241,0.708,hummingbird,23,detect_129.mp4,6666,101
334,224,359,241,0.874,hummingbird,35,detect_129.mp4,6666,101
409,221,422,241,0.693,hummingbird,23,detect_129.mp4,6733,102
334,224,360,242,0.874,hummingbird,35,detect_129.mp4,6733,102
410,221,423,242,0.665,hummingbird,23,detect_129.mp4,6800,103
334,224,360,242,0.873,hummingbird,35,detect_129.mp4,6800,103
411,222,424,242,0.663,hummingbird,23,detect_129.mp4,6866,104
334,224,360,242,0.874,hummingbird,35,detect_129.mp4,6866,104
411,221,424,241,0.657,hummingbird,23,detect_129.mp4,6933,105
334,224,361,242,0.873,hummingbird,35,detect_129.mp4,6933,105
410,222,424,241,0.663,hummingbird,23,detect_129.mp4,7000,106
334,224,361,242,0.873,hummingbird,35,detect_129.mp4,7000,106
411,222,425,242,0.671,hummingbird,23,detect_129.mp4,7066,107
334,224,362,242,0.873,hummingbird,35,detect_129.mp4,7066,107
410,222,425,242,0.7,hummingbird,23,detect_129.mp4,7133,108
334,224,362,242,0.872,hummingbird,35,detect_129.mp4,7133,108
410,222,425,242,0.682,hummingbird,23,detect_129.mp4,7200,109
334,224,362,242,0.871,hummingbird,35,detect_129.mp4,7200,109
410,221,424,241,0.744,hummingbird,23,detect_129.mp4,7266,110
331,219,357,240,0.859,hummingbird,35,detect_129.mp4,7266,110
410,221,424,241,0.755,hummingbird,23,detect_129.mp4,7333,111
331,217,349,243,0.87,hummingbird,35,detect_129.mp4,7333,111
410,221,424,241,0.758,hummingbird,23,detect_129.mp4,7399,112
326,218,349,244,0.775,hummingbird,35,detect_129.mp4,7399,112
409,222,423,241,0.775,hummingbird,23,detect_129.mp4,7466,113
325,219,350,244,0.781,hummingbird,35,detect_129.mp4,7466,113
410,221,424,242,0.775,hummingbird,23,detect_129.mp4,7533,114
325,220,351,244,0.804,hummingbird,35,detect_129.mp4,7533,114
409,221,423,241,0.764,hummingbird,23,detect_129.mp4,7600,115
326,220,352,244,0.859,hummingbird,35,detect_129.mp4,7600,115
409,221,423,241,0.741,hummingbird,23,detect_129.mp4,7666,116
332,218,352,245,0.88,hummingbird,35,detect_129.mp4,7666,116
409,221,422,241,0.734,hummingbird,23,detect_129.mp4,7733,117
331,219,351,246,0.881,hummingbird,35,detect_129.mp4,7733,117
409,221,422,241,0.729,hummingbird,23,detect_129.mp4,7800,118
331,219,351,245,0.881,hummingbird,35,detect_129.mp4,7800,118
409,221,422,241,0.731,hummingbird,23,detect_129.mp4,7866,119
331,219,351,246,0.88,hummingbird,35,detect_129.mp4,7866,119
409,221,422,241,0.741,hummingbird,23,detect_129.mp4,7933,120
331,219,351,246,0.88,hummingbird,35,detect_129.mp4,7933,120
409,221,423,241,0.755,hummingbird,23,detect_129.mp4,8000,121
332,219,351,245,0.88,hummingbird,35,detect_129.mp4,8000,121
410,221,423,241,0.748,hummingbird,23,detect_129.mp4,8066,122
333,221,353,245,0.877,hummingbird,35,detect_129.mp4,8066,122
410,221,424,241,0.762,hummingbird,23,detect_129.mp4,8133,123
333,222,350,248,0.878,hummingbird,35,detect_129.mp4,8133,123
411,222,424,241,0.754,hummingbird,23,detect_129.mp4,8200,124
333,222,351,247,0.88,hummingbird,35,detect_129.mp4,8200,124
410,222,424,241,0.741,hummingbird,23,detect_129.mp4,8266,125
333,223,352,247,0.886,hummingbird,35,detect_129.mp4,8266,125
411,221,425,241,0.682,hummingbird,23,detect_129.mp4,8333,126
334,223,357,246,0.889,hummingbird,35,detect_129.mp4,8333,126
411,221,425,241,0.631,hummingbird,23,detect_129.mp4,8400,127
334,223,359,246,0.886,hummingbird,35,detect_129.mp4,8400,127
410,221,425,241,0.746,hummingbird,23,detect_129.mp4,8466,128
334,223,358,246,0.887,hummingbird,35,detect_129.mp4,8466,128
410,221,425,241,0.747,hummingbird,23,detect_129.mp4,8533,129
334,223,358,246,0.887,hummingbird,35,detect_129.mp4,8533,129
411,221,426,241,0.753,hummingbird,23,detect_129.mp4,8600,130
334,223,358,246,0.886,hummingbird,35,detect_129.mp4,8600,130
411,221,426,241,0.751,hummingbird,23,detect_129.mp4,8666,131
334,223,358,246,0.886,hummingbird,35,detect_129.mp4,8666,131
410,221,425,242,0.755,hummingbird,23,detect_129.mp4,8733,132
334,223,358,245,0.883,hummingbird,35,detect_129.mp4,8733,132
410,221,425,242,0.739,hummingbird,23,detect_129.mp4,8800,133
333,222,357,245,0.882,hummingbird,35,detect_129.mp4,8800,133
410,221,424,242,0.739,hummingbird,23,detect_129.mp4,8866,134
334,222,357,245,0.881,hummingbird,35,detect_129.mp4,8866,134
410,221,424,241,0.749,hummingbird,23,detect_129.mp4,8933,135
333,222,353,245,0.878,hummingbird,35,detect_129.mp4,8933,135
410,221,424,242,0.756,hummingbird,23,detect_129.mp4,9000,136
333,222,353,245,0.878,hummingbird,35,detect_129.mp4,9000,136
409,221,423,241,0.744,hummingbird,23,detect_129.mp4,9066,137
333,222,353,245,0.878,hummingbird,35,detect_129.mp4,9066,137
410,221,423,241,0.745,hummingbird,23,detect_129.mp4,9133,138
333,222,353,245,0.877,hummingbird,35,detect_129.mp4,9133,138
410,221,423,241,0.742,hummingbird,23,detect_129.mp4,9200,139
333,222,353,245,0.878,hummingbird,35,detect_129.mp4,9200,139
410,221,423,241,0.742,hummingbird,23,detect_129.mp4,9266,140
333,222,353,245,0.878,hummingbird,35,detect_129.mp4,9266,140
410,221,423,241,0.737,hummingbird,23,detect_129.mp4,9333,141
333,222,354,245,0.878,hummingbird,35,detect_129.mp4,9333,141
410,221,424,242,0.733,hummingbird,23,detect_129.mp4,9400,142
333,222,356,245,0.878,hummingbird,35,detect_129.mp4,9400,142
410,221,424,241,0.719,hummingbird,23,detect_129.mp4,9466,143
334,222,357,245,0.88,hummingbird,35,detect_129.mp4,9466,143
411,221,425,241,0.731,hummingbird,23,detect_129.mp4,9533,144
334,222,358,245,0.882,hummingbird,35,detect_129.mp4,9533,144
411,221,425,241,0.738,hummingbird,23,detect_129.mp4,9600,145
334,223,359,245,0.883,hummingbird,35,detect_129.mp4,9600,145
412,221,425,241,0.726,hummingbird,23,detect_129.mp4,9666,146
332,218,358,241,0.854,hummingbird,35,detect_129.mp4,9666,146
412,221,425,241,0.719,hummingbird,23,detect_129.mp4,9733,147
412,221,425,241,0.705,hummingbird,23,detect_129.mp4,9800,148
412,221,425,241,0.705,hummingbird,23,detect_129.mp4,9866,149
412,221,425,241,0.73,hummingbird,23,detect_129.mp4,9933,150
411,221,425,241,0.752,hummingbird,23,detect_129.mp4,10000,151
411,221,425,242,0.77,hummingbird,23,detect_129.mp4,10066,152
411,221,425,242,0.761,hummingbird,23,detect_129.mp4,10133,153
410,221,423,241,0.727,hummingbird,23,detect_129.mp4,10200,154
409,220,422,241,0.772,hummingbird,23,detect_129.mp4,10266,155
409,220,422,241,0.771,hummingbird,23,detect_129.mp4,10333,156
408,221,421,240,0.767,hummingbird,23,detect_129.mp4,10400,157
409,221,422,241,0.738,hummingbird,23,detect_129.mp4,10466,158
410,221,423,241,0.746,hummingbird,23,detect_129.mp4,10533,159
410,221,424,241,0.738,hummingbird,23,detect_129.mp4,10600,160
410,221,424,241,0.745,hummingbird,23,detect_129.mp4,10666,161
411,221,424,242,0.697,hummingbird,23,detect_129.mp4,10733,162
411,221,424,242,0.667,hummingbird,23,detect_129.mp4,10800,163
411,222,424,242,0.681,hummingbird,23,detect_129.mp4,10866,164
412,221,426,242,0.693,hummingbird,23,detect_129.mp4,10933,165
412,221,425,241,0.653,hummingbird,23,detect_129.mp4,11000,166
412,221,425,241,0.647,hummingbird,23,detect_129.mp4,11066,167
412,221,426,241,0.725,hummingbird,23,detect_129.mp4,11133,168
412,221,426,242,0.726,hummingbird,23,detect_129.mp4,11200,169
411,221,426,242,0.752,hummingbird,23,detect_129.mp4,11266,170
411,221,425,242,0.724,hummingbird,23,detect_129.mp4,11333,171
411,221,425,242,0.723,hummingbird,23,detect_129.mp4,11400,172
411,221,425,242,0.734,hummingbird,23,detect_129.mp4,11466,173
410,221,424,241,0.718,hummingbird,23,detect_129.mp4,11533,174
410,221,423,241,0.725,hummingbird,23,detect_129.mp4,11600,175
409,221,422,241,0.737,hummingbird,23,detect_129.mp4,11666,176
409,221,422,241,0.751,hummingbird,23,detect_129.mp4,11733,177
409,221,422,241,0.757,hummingbird,23,detect_129.mp4,11800,178
409,221,422,241,0.763,hummingbird,23,detect_129.mp4,11866,179
409,221,422,241,0.766,hummingbird,23,detect_129.mp4,11933,180
410,221,423,241,0.732,hummingbird,23,detect_129.mp4,12000,181
411,221,425,242,0.703,hummingbird,23,detect_129.mp4,12066,182
411,222,424,241,0.685,hummingbird,23,detect_129.mp4,12133,183
411,222,425,242,0.665,hummingbird,23,detect_129.mp4,12200,184
412,221,425,242,0.649,hummingbird,23,detect_129.mp4,12266,185
412,221,425,241,0.655,hummingbird,23,detect_129.mp4,12333,186
412,221,425,241,0.608,hummingbird,23,detect_129.mp4,12400,187
411,221,424,241,0.641,hummingbird,23,detect_129.mp4,12466,188
411,221,424,241,0.623,hummingbird,23,detect_129.mp4,12533,189
410,221,424,241,0.713,hummingbird,23,detect_129.mp4,12600,190
410,222,424,242,0.716,hummingbird,23,detect_129.mp4,12666,191
410,221,424,242,0.724,hummingbird,23,detect_129.mp4,12733,192
410,221,423,241,0.759,hummingbird,23,detect_129.mp4,12800,193
409,221,422,241,0.749,hummingbird,23,detect_129.mp4,12866,194
409,221,422,241,0.77,hummingbird,23,detect_129.mp4,12933,195
409,221,422,241,0.768,hummingbird,23,detect_129.mp4,13000,196
408,220,421,240,0.733,hummingbird,23,detect_129.mp4,13066,197
408,220,421,240,0.731,hummingbird,23,detect_129.mp4,13133,198
408,220,421,240,0.731,hummingbird,23,detect_129.mp4,13200,199
409,221,422,241,0.738,hummingbird,23,detect_129.mp4,13266,200
410,221,423,241,0.707,hummingbird,23,detect_129.mp4,13333,201
410,221,423,241,0.654,hummingbird,23,detect_129.mp4,13400,202
410,221,424,241,0.609,hummingbird,23,detect_129.mp4,13466,203
411,221,425,242,0.645,hummingbird,23,detect_129.mp4,13533,204
410,221,424,242,0.684,hummingbird,23,detect_129.mp4,13600,205
411,221,425,242,0.708,hummingbird,23,detect_129.mp4,13666,206
411,221,425,242,0.71,hummingbird,23,detect_129.mp4,13733,207
411,221,425,241,0.692,hummingbird,23,detect_129.mp4,13799,208
411,221,426,242,0.73,hummingbird,23,detect_129.mp4,13866,209
411,221,425,242,0.746,hummingbird,23,detect_129.mp4,13933,210
411,221,425,242,0.729,hummingbird,23,detect_129.mp4,14000,211
410,221,424,242,0.751,hummingbird,23,detect_129.mp4,14066,212
410,221,423,241,0.754,hummingbird,23,detect_129.mp4,14133,213
410,221,423,241,0.757,hummingbird,23,detect_129.mp4,14200,214
409,221,422,241,0.772,hummingbird,23,detect_129.mp4,14266,215
409,221,422,242,0.776,hummingbird,23,detect_129.mp4,14333,216
409,221,422,241,0.729,hummingbird,23,detect_129.mp4,14400,217
409,221,422,241,0.711,hummingbird,23,detect_129.mp4,14466,218
409,221,422,241,0.682,hummingbird,23,detect_129.mp4,14533,219
409,221,422,241,0.656,hummingbird,23,detect_129.mp4,14600,220
411,221,423,241,0.661,hummingbird,23,detect_129.mp4,14666,221
412,221,425,242,0.588,hummingbird,23,detect_129.mp4,14733,222
411,221,425,242,0.614,hummingbird,23,detect_129.mp4,14799,223
411,221,425,242,0.588,hummingbird,23,detect_129.mp4,14866,224
412,221,425,241,0.668,hummingbird,23,detect_129.mp4,14933,225
412,221,425,241,0.682,hummingbird,23,detect_129.mp4,15000,226
411,221,425,241,0.684,hummingbird,23,detect_129.mp4,15066,227
412,221,425,241,0.691,hummingbird,23,detect_129.mp4,15133,228
412,221,426,241,0.708,hummingbird,23,detect_129.mp4,15200,229
411,221,423,241,0.701,hummingbird,23,detect_151.mp4,0,1
411,221,424,242,0.684,hummingbird,23,detect_151.mp4,66,2
411,221,423,242,0.701,hummingbird,23,detect_151.mp4,133,3
411,221,423,241,0.691,hummingbird,23,detect_151.mp4,200,4
411,221,424,242,0.651,hummingbird,23,detect_151.mp4,266,5
346,190,368,209,0.781,hummingbird,36,detect_151.mp4,266,5
412,221,424,242,0.62,hummingbird,23,detect_151.mp4,333,6
344,195,365,216,0.842,hummingbird,36,detect_151.mp4,333,6
410,221,423,242,0.674,hummingbird,23,detect_151.mp4,400,7
410,221,423,241,0.696,hummingbird,23,detect_151.mp4,466,8
410,221,423,241,0.691,hummingbird,23,detect_151.mp4,533,9
410,221,423,241,0.673,hummingbird,23,detect_151.mp4,600,10
410,221,423,241,0.687,hummingbird,23,detect_151.mp4,666,11
348,190,366,210,0.85,hummingbird,37,detect_151.mp4,666,11
410,221,423,241,0.71,hummingbird,23,detect_151.mp4,733,12
410,221,424,241,0.704,hummingbird,23,detect_151.mp4,800,13
411,221,423,242,0.57,hummingbird,23,detect_151.mp4,866,14
411,221,423,242,0.536,hummingbird,23,detect_151.mp4,933,15
347,222,367,241,0.847,hummingbird,38,detect_151.mp4,933,15
411,221,423,243,0.556,hummingbird,23,detect_151.mp4,1000,16
346,223,366,244,0.864,hummingbird,38,detect_151.mp4,1000,16
411,221,424,243,0.543,hummingbird,23,detect_151.mp4,1066,17
345,224,367,246,0.865,hummingbird,38,detect_151.mp4,1066,17
411,221,424,243,0.515,hummingbird,23,detect_151.mp4,1133,18
343,224,364,246,0.725,hummingbird,38,detect_151.mp4,1133,18
411,221,424,242,0.636,hummingbird,23,detect_151.mp4,1200,19
412,221,424,242,0.629,hummingbird,23,detect_151.mp4,1266,20
348,225,368,263,0.753,hummingbird,38,detect_151.mp4,1266,20
412,222,425,242,0.65,hummingbird,23,detect_151.mp4,1333,21
412,222,425,242,0.664,hummingbird,23,detect_151.mp4,1400,22
412,222,425,242,0.668,hummingbird,23,detect_151.mp4,1466,23
412,222,425,242,0.665,hummingbird,23,detect_151.mp4,1533,24
347,235,369,277,0.83,hummingbird,38,detect_151.mp4,1533,24
412,222,425,242,0.56,hummingbird,23,detect_151.mp4,1600,25
348,234,369,271,0.729,hummingbird,38,detect_151.mp4,1600,25
412,222,425,242,0.639,hummingbird,23,detect_151.mp4,1666,26
348,234,369,276,0.807,hummingbird,38,detect_151.mp4,1666,26
412,222,425,242,0.643,hummingbird,23,detect_151.mp4,1733,27
348,239,371,272,0.71,hummingbird,38,detect_151.mp4,1733,27
413,222,425,242,0.641,hummingbird,23,detect_151.mp4,1800,28
348,224,369,275,0.632,hummingbird,38,detect_151.mp4,1800,28
412,222,424,242,0.719,hummingbird,23,detect_151.mp4,1866,29
412,222,424,242,0.715,hummingbird,23,detect_151.mp4,1933,30
411,222,424,242,0.734,hummingbird,23,detect_151.mp4,2000,31
411,222,424,242,0.738,hummingbird,23,detect_151.mp4,2066,32
411,221,424,242,0.75,hummingbird,23,detect_151.mp4,2133,33
379,273,396,307,0.826,hummingbird,39,detect_151.mp4,2133,33
411,222,423,242,0.731,hummingbird,23,detect_151.mp4,2200,34
424,235,450,264,0.861,hummingbird,40,detect_151.mp4,2533,39
427,213,455,236,0.856,hummingbird,41,detect_151.mp4,2666,41
423,213,447,239,0.86,hummingbird,41,detect_151.mp4,2733,42
424,215,449,236,0.849,hummingbird,41,detect_151.mp4,2800,43
418,218,444,238,0.834,hummingbird,41,detect_151.mp4,2866,44
416,220,441,239,0.841,hummingbird,41,detect_151.mp4,2933,45
416,218,439,237,0.861,hummingbird,41,detect_151.mp4,3000,46
415,216,439,238,0.865,hummingbird,41,detect_151.mp4,3066,47
414,215,439,239,0.866,hummingbird,41,detect_151.mp4,3133,48
414,217,439,237,0.86,hummingbird,41,detect_151.mp4,3200,49
414,218,439,238,0.848,hummingbird,41,detect_151.mp4,3266,50
414,212,444,237,0.852,hummingbird,41,detect_151.mp4,3333,51
413,219,440,239,0.809,hummingbird,41,detect_151.mp4,3400,52
415,220,440,239,0.817,hummingbird,41,detect_151.mp4,3466,53
414,216,439,238,0.859,hummingbird,41,detect_151.mp4,3533,54
414,217,439,238,0.852,hummingbird,41,detect_151.mp4,3600,55
414,219,440,239,0.842,hummingbird,41,detect_151.mp4,3666,56
415,220,440,239,0.833,hummingbird,41,detect_151.mp4,3733,57
415,216,440,239,0.857,hummingbird,41,detect_151.mp4,3800,58
415,213,443,238,0.862,hummingbird,41,detect_151.mp4,3866,59
420,217,439,245,0.866,hummingbird,41,detect_151.mp4,3933,60
441,199,476,224,0.85,hummingbird,42,detect_151.mp4,4066,62
442,203,468,227,0.808,hummingbird,42,detect_151.mp4,4133,63
444,203,469,227,0.808,hummingbird,42,detect_151.mp4,4200,64
444,203,468,232,0.784,hummingbird,42,detect_151.mp4,4266,65
445,203,471,225,0.823,hummingbird,42,detect_151.mp4,4333,66
445,202,471,226,0.839,hummingbird,42,detect_151.mp4,4400,67
419,215,439,242,0.859,hummingbird,41,detect_151.mp4,4533,69
415,218,438,238,0.861,hummingbird,41,detect_151.mp4,4600,70
415,216,438,238,0.868,hummingbird,41,detect_151.mp4,4666,71
415,213,444,238,0.867,hummingbird,41,detect_151.mp4,4733,72
415,216,444,240,0.846,hummingbird,41,detect_151.mp4,4800,73
416,218,439,239,0.856,hummingbird,41,detect_151.mp4,4866,74
416,218,440,240,0.845,hummingbird,41,detect_151.mp4,4933,75
415,217,444,240,0.839,hummingbird,41,detect_151.mp4,5000,76
415,219,442,240,0.832,hummingbird,41,detect_151.mp4,5066,77
415,221,439,240,0.845,hummingbird,41,detect_151.mp4,5133,78
415,220,439,240,0.851,hummingbird,41,detect_151.mp4,5200,79
414,221,439,240,0.85,hummingbird,41,detect_151.mp4,5266,80
414,221,439,240,0.85,hummingbird,41,detect_151.mp4,5333,81
415,221,439,240,0.851,hummingbird,41,detect_151.mp4,5400,82
415,221,439,241,0.853,hummingbird,41,detect_151.mp4,5466,83
415,221,439,241,0.853,hummingbird,41,detect_151.mp4,5533,84
414,221,439,241,0.853,hummingbird,41,detect_151.mp4,5600,85
414,221,439,241,0.854,hummingbird,41,detect_151.mp4,5666,86
414,221,439,240,0.846,hummingbird,41,detect_151.mp4,5733,87
420,218,440,239,0.655,hummingbird,41,detect_151.mp4,5800,88
425,218,450,246,0.861,hummingbird,41,detect_151.mp4,5866,89
424,218,444,243,0.773,hummingbird,41,detect_151.mp4,5933,90
426,219,444,245,0.835,hummingbird,41,detect_151.mp4,6000,91
426,219,451,246,0.855,hummingbird,41,detect_151.mp4,6066,92
426,219,445,245,0.854,hummingbird,41,detect_151.mp4,6133,93
420,218,439,247,0.797,hummingbird,41,detect_151.mp4,6200,94
418,217,443,239,0.862,hummingbird,41,detect_151.mp4,6266,95
415,221,443,240,0.758,hummingbird,41,detect_151.mp4,6333,96
416,220,443,240,0.797,hummingbird,41,detect_151.mp4,6400,97
416,221,441,240,0.842,hummingbird,41,detect_151.mp4,6466,98
416,221,439,241,0.864,hummingbird,41,detect_151.mp4,6533,99
415,221,439,241,0.865,hummingbird,41,detect_151.mp4,6600,100
415,221,439,241,0.864,hummingbird,41,detect_151.mp4,6666,101
415,221,439,241,0.866,hummingbird,41,detect_151.mp4,6733,102
415,221,439,241,0.864,hummingbird,41,detect_151.mp4,6800,103
415,221,439,241,0.863,hummingbird,41,detect_151.mp4,6866,104
415,221,439,241,0.862,hummingbird,41,detect_151.mp4,6933,105
414,221,439,241,0.86,hummingbird,41,detect_151.mp4,7000,106
414,221,439,241,0.861,hummingbird,41,detect_151.mp4,7066,107
415,221,439,241,0.86,hummingbird,41,detect_151.mp4,7133,108
414,221,439,241,0.86,hummingbird,41,detect_151.mp4,7200,109
414,221,439,241,0.86,hummingbird,41,detect_151.mp4,7266,110
414,220,439,241,0.856,hummingbird,41,detect_151.mp4,7333,111
415,221,439,241,0.859,hummingbird,41,detect_151.mp4,7399,112
414,221,439,241,0.86,hummingbird,41,detect_151.mp4,7466,113
416,222,442,240,0.81,hummingbird,41,detect_151.mp4,7533,114
420,218,440,243,0.711,hummingbird,41,detect_151.mp4,7600,115
425,217,444,245,0.831,hummingbird,41,detect_151.mp4,7666,116
426,218,449,243,0.858,hummingbird,41,detect_151.mp4,7733,117
424,218,444,243,0.579,hummingbird,41,detect_151.mp4,7800,118
424,219,444,244,0.686,hummingbird,41,detect_151.mp4,7866,119
420,219,440,246,0.708,hummingbird,41,detect_151.mp4,7933,120
420,220,440,246,0.703,hummingbird,41,detect_151.mp4,8000,121
420,219,439,246,0.756,hummingbird,41,detect_151.mp4,8066,122
420,220,439,246,0.747,hummingbird,41,detect_151.mp4,8133,123
420,220,439,247,0.752,hummingbird,41,detect_151.mp4,8200,124
420,220,439,247,0.775,hummingbird,41,detect_151.mp4,8266,125
420,220,439,247,0.787,hummingbird,41,detect_151.mp4,8333,126
420,220,438,247,0.794,hummingbird,41,detect_151.mp4,8400,127
420,220,439,246,0.796,hummingbird,41,detect_151.mp4,8466,128
423,219,444,243,0.754,hummingbird,41,detect_151.mp4,8533,129
420,218,439,244,0.788,hummingbird,41,detect_151.mp4,8600,130
416,221,441,241,0.853,hummingbird,41,detect_151.mp4,8666,131
416,221,439,242,0.872,hummingbird,41,detect_151.mp4,8733,132
415,221,439,242,0.868,hummingbird,41,detect_151.mp4,8800,133
415,221,440,240,0.84,hummingbird,41,detect_151.mp4,8866,134
415,221,440,241,0.846,hummingbird,41,detect_151.mp4,8933,135
415,221,440,241,0.858,hummingbird,41,detect_151.mp4,9000,136
416,221,440,241,0.856,hummingbird,41,detect_151.mp4,9066,137
415,221,440,241,0.857,hummingbird,41,detect_151.mp4,9133,138
415,221,440,241,0.858,hummingbird,41,detect_151.mp4,9200,139
416,221,440,242,0.857,hummingbird,41,detect_151.mp4,9266,140
415,221,440,242,0.858,hummingbird,41,detect_151.mp4,9333,141
415,221,440,242,0.857,hummingbird,41,detect_151.mp4,9400,142
415,221,440,242,0.861,hummingbird,41,detect_151.mp4,9466,143
414,221,440,242,0.866,hummingbird,41,detect_151.mp4,9533,144
414,221,439,242,0.869,hummingbird,41,detect_151.mp4,9600,145
414,221,439,242,0.87,hummingbird,41,detect_151.mp4,9666,146
414,221,439,242,0.868,hummingbird,41,detect_151.mp4,9733,147
414,221,439,242,0.866,hummingbird,41,detect_151.mp4,9800,148
414,221,439,242,0.866,hummingbird,41,detect_151.mp4,9866,149
414,221,439,242,0.866,hummingbird,41,detect_151.mp4,9933,150
416,221,442,239,0.822,hummingbird,41,detect_151.mp4,10000,151
425,219,446,240,0.828,hummingbird,41,detect_151.mp4,10066,152
424,216,444,243,0.592,hummingbird,41,detect_151.mp4,10133,153
425,217,444,245,0.75,hummingbird,41,detect_151.mp4,10200,154
426,218,447,246,0.861,hummingbird,41,detect_151.mp4,10266,155
429,218,450,244,0.862,hummingbird,41,detect_151.mp4,10333,156
427,218,448,243,0.864,hummingbird,41,detect_151.mp4,10400,157
425,217,444,244,0.73,hummingbird,41,detect_151.mp4,10466,158
419,219,442,242,0.807,hummingbird,41,detect_151.mp4,10533,159
416,219,444,241,0.813,hummingbird,41,detect_151.mp4,10600,160
415,220,440,242,0.862,hummingbird,41,detect_151.mp4,10666,161
415,221,440,242,0.866,hummingbird,41,detect_151.mp4,10733,162
415,221,439,242,0.872,hummingbird,41,detect_151.mp4,10800,163
415,221,439,242,0.872,hummingbird,41,detect_151.mp4,10866,164
415,221,439,242,0.872,hummingbird,41,detect_151.mp4,10933,165
414,221,438,242,0.871,hummingbird,41,detect_151.mp4,11000,166
414,221,438,242,0.869,hummingbird,41,detect_151.mp4,11066,167
414,221,438,242,0.868,hummingbird,41,detect_151.mp4,11133,168
415,221,439,242,0.867,hummingbird,41,detect_151.mp4,11200,169
414,221,438,242,0.866,hummingbird,41,detect_151.mp4,11266,170
414,220,439,242,0.863,hummingbird,41,detect_151.mp4,11333,171
415,221,439,241,0.865,hummingbird,41,detect_151.mp4,11400,172
415,221,438,241,0.864,hummingbird,41,detect_151.mp4,11466,173
415,221,439,241,0.86,hummingbird,41,detect_151.mp4,11533,174
415,221,439,241,0.862,hummingbird,41,detect_151.mp4,11600,175
415,221,439,241,0.862,hummingbird,41,detect_151.mp4,11666,176
415,221,439,241,0.861,hummingbird,41,detect_151.mp4,11733,177
415,221,439,241,0.861,hummingbird,41,detect_151.mp4,11800,178
420,221,441,240,0.686,hummingbird,41,detect_151.mp4,11866,179
427,217,448,241,0.852,hummingbird,41,detect_151.mp4,11933,180
428,218,448,243,0.856,hummingbird,41,detect_151.mp4,12000,181
420,218,439,244,0.797,hummingbird,41,detect_151.mp4,12066,182
420,218,439,245,0.811,hummingbird,41,detect_151.mp4,12133,183
420,218,439,245,0.813,hummingbird,41,detect_151.mp4,12200,184
420,218,439,245,0.812,hummingbird,41,detect_151.mp4,12266,185
420,218,439,245,0.812,hummingbird,41,detect_151.mp4,12333,186
420,219,440,243,0.732,hummingbird,41,detect_151.mp4,12400,187
420,219,439,245,0.81,hummingbird,41,detect_151.mp4,12466,188
420,219,439,246,0.819,hummingbird,41,detect_151.mp4,12533,189
420,219,439,246,0.82,hummingbird,41,detect_151.mp4,12600,190
420,219,439,246,0.818,hummingbird,41,detect_151.mp4,12666,191
420,219,439,246,0.816,hummingbird,41,detect_151.mp4,12733,192
420,219,439,246,0.809,hummingbird,41,detect_151.mp4,12800,193
420,219,439,245,0.826,hummingbird,41,detect_151.mp4,12866,194
420,219,439,245,0.826,hummingbird,41,detect_151.mp4,12933,195
420,219,439,245,0.833,hummingbird,41,detect_151.mp4,13000,196
420,219,439,245,0.833,hummingbird,41,detect_151.mp4,13066,197
420,220,439,245,0.832,hummingbird,41,detect_151.mp4,13133,198
420,221,439,244,0.839,hummingbird,41,detect_151.mp4,13200,199
420,221,439,245,0.834,hummingbird,41,detect_151.mp4,13266,200
420,221,439,245,0.831,hummingbird,41,detect_151.mp4,13333,201
420,221,439,245,0.838,hummingbird,41,detect_151.mp4,13400,202
420,221,439,245,0.831,hummingbird,41,detect_151.mp4,13466,203
420,221,438,245,0.833,hummingbird,41,detect_151.mp4,13533,204
420,221,438,245,0.835,hummingbird,41,detect_151.mp4,13600,205
420,221,438,245,0.835,hummingbird,41,detect_151.mp4,13666,206
420,221,438,245,0.828,hummingbird,41,detect_151.mp4,13733,207
420,221,439,244,0.799,hummingbird,41,detect_151.mp4,13799,208
420,220,439,245,0.817,hummingbird,41,detect_151.mp4,13866,209
420,220,439,245,0.822,hummingbird,41,detect_151.mp4,13933,210
420,220,439,245,0.819,hummingbird,41,detect_151.mp4,14000,211
420,220,439,245,0.82,hummingbird,41,detect_151.mp4,14066,212
420,219,439,245,0.818,hummingbird,41,detect_151.mp4,14133,213
420,216,438,243,0.88,hummingbird,41,detect_151.mp4,14200,214
416,220,438,243,0.871,hummingbird,41,detect_151.mp4,14266,215
416,220,439,243,0.873,hummingbird,41,detect_151.mp4,14333,216
416,221,439,243,0.873,hummingbird,41,detect_151.mp4,14400,217
416,221,439,243,0.874,hummingbird,41,detect_151.mp4,14466,218
416,221,439,243,0.876,hummingbird,41,detect_151.mp4,14533,219
416,221,439,243,0.875,hummingbird,41,detect_151.mp4,14600,220
416,221,439,243,0.876,hummingbird,41,detect_151.mp4,14666,221
416,221,438,243,0.876,hummingbird,41,detect_151.mp4,14733,222
415,221,439,243,0.875,hummingbird,41,detect_151.mp4,14799,223
415,220,438,243,0.874,hummingbird,41,detect_151.mp4,14866,224
415,220,439,243,0.875,hummingbird,41,detect_151.mp4,14933,225
415,220,439,243,0.875,hummingbird,41,detect_151.mp4,15000,226
415,221,439,243,0.877,hummingbird,41,detect_151.mp4,15066,227
415,221,439,243,0.876,hummingbird,41,detect_151.mp4,15133,228
415,221,439,243,0.875,hummingbird,41,detect_151.mp4,15200,229
415,220,439,243,0.874,hummingbird,41,detect_151.mp4,15266,230
415,220,439,243,0.874,hummingbird,41,detect_151.mp4,15333,231
415,221,439,243,0.874,hummingbird,41,detect_151.mp4,15400,232
415,221,439,243,0.874,hummingbird,41,detect_151.mp4,15466,233
415,221,439,243,0.875,hummingbird,41,detect_151.mp4,15533,234
415,221,439,243,0.874,hummingbird,41,detect_151.mp4,15600,235
415,221,439,243,0.874,hummingbird,41,detect_151.mp4,15666,236
415,221,439,243,0.872,hummingbird,41,detect_151.mp4,15733,237
423,220,444,240,0.721,hummingbird,41,detect_151.mp4,15799,238
420,217,440,246,0.756,hummingbird,41,detect_151.mp4,15866,239
420,217,439,245,0.769,hummingbird,41,detect_151.mp4,15933,240
420,218,439,245,0.803,hummingbird,41,detect_151.mp4,16000,241
420,218,439,245,0.812,hummingbird,41,detect_151.mp4,16066,242
420,218,439,244,0.821,hummingbird,41,detect_151.mp4,16133,243
420,218,439,245,0.82,hummingbird,41,detect_151.mp4,16200,244
420,217,439,245,0.822,hummingbird,41,detect_151.mp4,16266,245
418,218,438,243,0.876,hummingbird,41,detect_151.mp4,16333,246
415,220,438,243,0.872,hummingbird,41,detect_151.mp4,16400,247
415,220,438,243,0.873,hummingbird,41,detect_151.mp4,16466,248
415,220,438,243,0.873,hummingbird,41,detect_151.mp4,16533,249
415,220,438,243,0.872,hummingbird,41,detect_151.mp4,16600,250
415,220,438,243,0.872,hummingbird,41,detect_151.mp4,16666,251
415,221,439,243,0.874,hummingbird,41,detect_151.mp4,16733,252
415,221,439,243,0.874,hummingbird,41,detect_151.mp4,16800,253
416,221,439,243,0.874,hummingbird,41,detect_151.mp4,16866,254
416,221,439,243,0.875,hummingbird,41,detect_151.mp4,16933,255
416,221,439,243,0.873,hummingbird,41,detect_151.mp4,17000,256
415,221,440,243,0.876,hummingbird,41,detect_151.mp4,17066,257
415,221,440,243,0.875,hummingbird,41,detect_151.mp4,17133,258
415,221,440,243,0.877,hummingbird,41,detect_151.mp4,17200,259
416,221,440,244,0.879,hummingbird,41,detect_151.mp4,17266,260
415,221,440,244,0.879,hummingbird,41,detect_151.mp4,17333,261
415,221,439,243,0.879,hummingbird,41,detect_151.mp4,17400,262
415,221,439,243,0.877,hummingbird,41,detect_151.mp4,17466,263
415,221,439,243,0.877,hummingbird,41,detect_151.mp4,17533,264
415,221,439,243,0.876,hummingbird,41,detect_151.mp4,17600,265
415,221,439,243,0.876,hummingbird,41,detect_151.mp4,17666,266
415,221,439,243,0.876,hummingbird,41,detect_151.mp4,17733,267
415,221,439,243,0.876,hummingbird,41,detect_151.mp4,17800,268
415,221,439,243,0.876,hummingbird,41,detect_151.mp4,17866,269
415,221,439,242,0.874,hummingbird,41,detect_151.mp4,17933,270
415,221,439,242,0.874,hummingbird,41,detect_151.mp4,18000,271
415,221,439,242,0.874,hummingbird,41,detect_151.mp4,18066,272
415,222,439,242,0.87,hummingbird,41,detect_151.mp4,18133,273
420,218,440,243,0.762,hummingbird,41,detect_151.mp4,18266,275
420,218,440,246,0.763,hummingbird,41,detect_151.mp4,18333,276
420,218,440,246,0.786,hummingbird,41,detect_151.mp4,18400,277
420,218,439,245,0.81,hummingbird,41,detect_151.mp4,18466,278
420,218,439,245,0.812,hummingbird,41,detect_151.mp4,18533,279
420,218,439,245,0.812,hummingbird,41,detect_151.mp4,18600,280
420,218,439,245,0.815,hummingbird,41,detect_151.mp4,18666,281
420,217,438,245,0.868,hummingbird,41,detect_151.mp4,18733,282
417,220,438,243,0.874,hummingbird,41,detect_151.mp4,18800,283
416,221,439,243,0.873,hummingbird,41,detect_151.mp4,18866,284
416,221,438,242,0.872,hummingbird,41,detect_151.mp4,18933,285
416,221,439,243,0.874,hummingbird,41,detect_151.mp4,19000,286
415,221,438,243,0.874,hummingbird,41,detect_151.mp4,19066,287
415,221,438,243,0.874,hummingbird,41,detect_151.mp4,19133,288
415,221,438,243,0.874,hummingbird,41,detect_151.mp4,19200,289
415,221,439,243,0.874,hummingbird,41,detect_151.mp4,19266,290
415,221,439,243,0.875,hummingbird,41,detect_151.mp4,19333,291
415,221,439,243,0.873,hummingbird,41,detect_151.mp4,19400,292
415,221,439,243,0.871,hummingbird,41,detect_151.mp4,19466,293
415,221,440,243,0.87,hummingbird,41,detect_151.mp4,19533,294
415,221,439,242,0.866,hummingbird,41,detect_151.mp4,19600,295
415,221,439,243,0.872,hummingbird,41,detect_151.mp4,19666,296
415,221,439,242,0.868,hummingbird,41,detect_151.mp4,19733,297
415,221,439,242,0.869,hummingbird,41,detect_151.mp4,19800,298
414,221,439,242,0.87,hummingbird,41,detect_151.mp4,19866,299
415,221,439,242,0.871,hummingbird,41,detect_151.mp4,19933,300
415,221,439,242,0.87,hummingbird,41,detect_151.mp4,20000,301
414,220,439,242,0.87,hummingbird,41,detect_151.mp4,20066,302
417,220,442,240,0.842,hummingbird,41,detect_151.mp4,20133,303
420,218,439,243,0.825,hummingbird,41,detect_151.mp4,20200,304
420,218,439,245,0.839,hummingbird,41,detect_151.mp4,20266,305
420,218,439,246,0.837,hummingbird,41,detect_151.mp4,20333,306
420,218,439,246,0.838,hummingbird,41,detect_151.mp4,20400,307
420,218,439,245,0.839,hummingbird,41,detect_151.mp4,20466,308
420,218,439,245,0.839,hummingbird,41,detect_151.mp4,20533,309
420,217,438,243,0.88,hummingbird,41,detect_151.mp4,20600,310
416,220,439,243,0.872,hummingbird,41,detect_151.mp4,20666,311
415,221,439,242,0.869,hummingbird,41,detect_151.mp4,20733,312
415,220,439,242,0.868,hummingbird,41,detect_151.mp4,20800,313
415,220,439,242,0.867,hummingbird,41,detect_151.mp4,20866,314
415,221,439,242,0.869,hummingbird,41,detect_151.mp4,20933,315
415,221,439,242,0.87,hummingbird,41,detect_151.mp4,21000,316
415,221,439,242,0.867,hummingbird,41,detect_151.mp4,21066,317
415,221,439,242,0.87,hummingbird,41,detect_151.mp4,21133,318
415,221,439,242,0.869,hummingbird,41,detect_151.mp4,21200,319
415,221,439,242,0.873,hummingbird,41,detect_151.mp4,21266,320
415,221,439,242,0.873,hummingbird,41,detect_151.mp4,21333,321
415,221,439,242,0.872,hummingbird,41,detect_151.mp4,21400,322
415,221,439,242,0.872,hummingbird,41,detect_151.mp4,21466,323
415,221,439,242,0.872,hummingbird,41,detect_151.mp4,21533,324
414,221,439,242,0.87,hummingbird,41,detect_151.mp4,21600,325
415,221,439,242,0.871,hummingbird,41,detect_151.mp4,21666,326
414,221,439,242,0.87,hummingbird,41,detect_151.mp4,21733,327
415,220,440,240,0.832,hummingbird,41,detect_151.mp4,21800,328
420,219,439,242,0.768,hummingbird,41,detect_151.mp4,21866,329
420,218,439,245,0.816,hummingbird,41,detect_151.mp4,21933,330
420,218,439,246,0.801,hummingbird,41,detect_151.mp4,22000,331
420,218,439,246,0.793,hummingbird,41,detect_151.mp4,22066,332
420,218,439,246,0.794,hummingbird,41,detect_151.mp4,22133,333
420,218,439,246,0.814,hummingbird,41,detect_151.mp4,22200,334
420,219,439,246,0.811,hummingbird,41,detect_151.mp4,22266,335
420,217,439,246,0.834,hummingbird,41,detect_151.mp4,22333,336
418,219,437,244,0.875,hummingbird,41,detect_151.mp4,22400,337
418,221,438,243,0.88,hummingbird,41,detect_151.mp4,22466,338
417,221,438,243,0.875,hummingbird,41,detect_151.mp4,22533,339
416,221,437,243,0.874,hummingbird,41,detect_151.mp4,22600,340
416,221,437,242,0.872,hummingbird,41,detect_151.mp4,22666,341
415,221,438,242,0.872,hummingbird,41,detect_151.mp4,22733,342
415,221,438,242,0.874,hummingbird,41,detect_151.mp4,22800,343
415,221,438,242,0.875,hummingbird,41,detect_151.mp4,22866,344
415,221,438,242,0.874,hummingbird,41,detect_151.mp4,22933,345
415,221,438,242,0.874,hummingbird,41,detect_151.mp4,23000,346
415,221,438,242,0.873,hummingbird,41,detect_151.mp4,23066,347
415,221,439,242,0.872,hummingbird,41,detect_151.mp4,23133,348
415,221,439,243,0.875,hummingbird,41,detect_151.mp4,23200,349
415,221,439,243,0.879,hummingbird,41,detect_151.mp4,23266,350
416,221,439,243,0.877,hummingbird,41,detect_151.mp4,23333,351
420,220,441,240,0.771,hummingbird,41,detect_151.mp4,23400,352
420,218,439,245,0.838,hummingbird,41,detect_151.mp4,23466,353
420,218,439,246,0.818,hummingbird,41,detect_151.mp4,23533,354
420,218,439,246,0.825,hummingbird,41,detect_151.mp4,23600,355
420,219,439,246,0.808,hummingbird,41,detect_151.mp4,23666,356
420,219,439,246,0.803,hummingbird,41,detect_151.mp4,23733,357
420,219,439,246,0.81,hummingbird,41,detect_151.mp4,23800,358
420,219,439,245,0.821,hummingbird,41,detect_151.mp4,23866,359
420,219,439,245,0.811,hummingbird,41,detect_151.mp4,23933,360
420,219,439,245,0.815,hummingbird,41,detect_151.mp4,24000,361
420,217,438,244,0.881,hummingbird,41,detect_151.mp4,24066,362
416,220,437,243,0.868,hummingbird,41,detect_151.mp4,24133,363
415,221,438,243,0.872,hummingbird,41,detect_151.mp4,24200,364
415,221,438,242,0.873,hummingbird,41,detect_151.mp4,24266,365
415,221,438,243,0.874,hummingbird,41,detect_151.mp4,24333,366
415,221,439,243,0.874,hummingbird,41,detect_151.mp4,24400,367
415,221,439,243,0.875,hummingbird,41,detect_151.mp4,24466,368
415,221,439,243,0.875,hummingbird,41,detect_151.mp4,24533,369
415,221,439,242,0.872,hummingbird,41,detect_151.mp4,24600,370
415,221,439,242,0.873,hummingbird,41,detect_151.mp4,24666,371
415,221,439,242,0.873,hummingbird,41,detect_151.mp4,24733,372
414,221,439,242,0.871,hummingbird,41,detect_151.mp4,24800,373
415,221,439,242,0.871,hummingbird,41,detect_151.mp4,24866,374
415,221,439,242,0.868,hummingbird,41,detect_151.mp4,24933,375
415,221,439,242,0.868,hummingbird,41,detect_151.mp4,25000,376
415,221,439,242,0.873,hummingbird,41,detect_151.mp4,25066,377
415,221,439,242,0.872,hummingbird,41,detect_151.mp4,25133,378
415,221,439,242,0.875,hummingbird,41,detect_151.mp4,25200,379
414,221,439,242,0.867,hummingbird,41,detect_151.mp4,25266,380
414,221,439,242,0.871,hummingbird,41,detect_151.mp4,25333,381
414,221,439,242,0.872,hummingbird,41,detect_151.mp4,25400,382
414,221,439,242,0.874,hummingbird,41,detect_151.mp4,25466,383
414,221,439,242,0.872,hummingbird,41,detect_151.mp4,25533,384
417,221,441,239,0.843,hummingbird,41,detect_151.mp4,25600,385
423,219,444,241,0.683,hummingbird,41,detect_151.mp4,25666,386
420,219,439,241,0.759,hummingbird,41,detect_151.mp4,25733,387
420,219,439,242,0.754,hummingbird,41,detect_151.mp4,25800,388
420,219,439,243,0.791,hummingbird,41,detect_151.mp4,25866,389
420,219,439,243,0.783,hummingbird,41,detect_151.mp4,25933,390
420,219,439,243,0.785,hummingbird,41,detect_151.mp4,26000,391
420,218,439,243,0.82,hummingbird,41,detect_151.mp4,26066,392
418,218,440,242,0.871,hummingbird,41,detect_151.mp4,26133,393
416,221,439,242,0.868,hummingbird,41,detect_151.mp4,26200,394
416,221,440,242,0.868,hummingbird,41,detect_151.mp4,26266,395
416,221,439,242,0.868,hummingbird,41,detect_151.mp4,26333,396
415,221,439,242,0.866,hummingbird,41,detect_151.mp4,26400,397
415,221,440,241,0.864,hummingbird,41,detect_151.mp4,26466,398
414,221,439,242,0.867,hummingbird,41,detect_151.mp4,26533,399
414,220,439,241,0.86,hummingbird,41,detect_151.mp4,26599,400
415,221,439,242,0.87,hummingbird,41,detect_151.mp4,26666,401
414,221,439,242,0.868,hummingbird,41,detect_151.mp4,26733,402
414,221,439,242,0.868,hummingbird,41,detect_151.mp4,26800,403
415,221,439,242,0.87,hummingbird,41,detect_151.mp4,26866,404
415,221,439,242,0.869,hummingbird,41,detect_151.mp4,26933,405
414,221,439,242,0.868,hummingbird,41,detect_151.mp4,27000,406
415,221,439,242,0.867,hummingbird,41,detect_151.mp4,27066,407
415,221,439,242,0.865,hummingbird,41,detect_151.mp4,27133,408
415,221,439,242,0.867,hummingbird,41,detect_151.mp4,27200,409
415,221,440,242,0.864,hummingbird,41,detect_151.mp4,27266,410
415,221,440,242,0.866,hummingbird,41,detect_151.mp4,27333,411
415,221,440,242,0.865,hummingbird,41,detect_151.mp4,27400,412
415,221,439,242,0.866,hummingbird,41,detect_151.mp4,27466,413
415,221,440,242,0.866,hummingbird,41,detect_151.mp4,27533,414
415,221,440,242,0.864,hummingbird,41,detect_151.mp4,27599,415
415,221,440,242,0.866,hummingbird,41,detect_151.mp4,27666,416
414,221,439,242,0.867,hummingbird,41,detect_151.mp4,27733,417
414,221,439,242,0.867,hummingbird,41,detect_151.mp4,27800,418
414,221,439,242,0.868,hummingbird,41,detect_151.mp4,27866,419
414,221,439,242,0.868,hummingbird,41,detect_151.mp4,27933,420
414,221,439,242,0.869,hummingbird,41,detect_151.mp4,28000,421
414,221,439,242,0.87,hummingbird,41,detect_151.mp4,28066,422
414,221,439,242,0.87,hummingbird,41,detect_151.mp4,28133,423
414,221,439,242,0.871,hummingbird,41,detect_151.mp4,28200,424
414,221,439,242,0.871,hummingbird,41,detect_151.mp4,28266,425
414,221,439,242,0.871,hummingbird,41,detect_151.mp4,28333,426
414,221,439,241,0.863,hummingbird,41,detect_151.mp4,28400,427
417,221,442,240,0.84,hummingbird,41,detect_151.mp4,28466,428
420,218,441,242,0.687,hummingbird,41,detect_151.mp4,28533,429
420,218,439,245,0.849,hummingbird,41,detect_151.mp4,28599,430
420,218,439,245,0.847,hummingbird,41,detect_151.mp4,28666,431
420,218,439,245,0.854,hummingbird,41,detect_151.mp4,28733,432
420,218,439,245,0.85,hummingbird,41,detect_151.mp4,28800,433
420,218,439,245,0.834,hummingbird,41,detect_151.mp4,28866,434
420,218,439,245,0.828,hummingbird,41,detect_151.mp4,28933,435
420,218,439,245,0.844,hummingbird,41,detect_151.mp4,29000,436
420,219,439,245,0.82,hummingbird,41,detect_151.mp4,29066,437
420,219,439,245,0.821,hummingbird,41,detect_151.mp4,29133,438
420,219,439,245,0.831,hummingbird,41,detect_151.mp4,29200,439
420,219,439,245,0.798,hummingbird,41,detect_151.mp4,29266,440
420,217,438,245,0.883,hummingbird,41,detect_151.mp4,29333,441
416,220,438,243,0.871,hummingbird,41,detect_151.mp4,29400,442
415,221,439,243,0.874,hummingbird,41,detect_151.mp4,29466,443
415,221,439,243,0.874,hummingbird,41,detect_151.mp4,29533,444
415,220,439,243,0.873,hummingbird,41,detect_151.mp4,29599,445
415,221,439,243,0.873,hummingbird,41,detect_151.mp4,29666,446
416,221,439,243,0.872,hummingbird,41,detect_151.mp4,29733,447
416,221,439,243,0.873,hummingbird,41,detect_151.mp4,29800,448
416,221,439,243,0.872,hummingbird,41,detect_151.mp4,29866,449
416,221,439,242,0.872,hummingbird,41,detect_151.mp4,29933,450
416,221,439,242,0.873,hummingbird,41,detect_151.mp4,30000,451
416,221,439,242,0.871,hummingbird,41,detect_151.mp4,30066,452
416,221,439,242,0.871,hummingbird,41,detect_151.mp4,30133,453
416,221,439,242,0.87,hummingbird,41,detect_151.mp4,30200,454
416,221,439,242,0.87,hummingbird,41,detect_151.mp4,30266,455
415,221,439,242,0.871,hummingbird,41,detect_151.mp4,30333,456
415,221,439,242,0.872,hummingbird,41,detect_151.mp4,30400,457
414,221,439,242,0.872,hummingbird,41,detect_151.mp4,30466,458
415,221,439,243,0.874,hummingbird,41,detect_151.mp4,30533,459
414,221,439,243,0.875,hummingbird,41,detect_151.mp4,30599,460
415,221,439,243,0.876,hummingbird,41,detect_151.mp4,30666,461
415,221,439,243,0.876,hummingbird,41,detect_151.mp4,30733,462
415,221,439,243,0.876,hummingbird,41,detect_151.mp4,30800,463
415,221,439,243,0.876,hummingbird,41,detect_151.mp4,30866,464
414,221,439,242,0.874,hummingbird,41,detect_151.mp4,30933,465
415,221,439,242,0.874,hummingbird,41,detect_151.mp4,31000,466
415,221,439,242,0.873,hummingbird,41,detect_151.mp4,31066,467
415,221,440,242,0.871,hummingbird,41,detect_151.mp4,31133,468
415,221,439,242,0.871,hummingbird,41,detect_151.mp4,31200,469
417,221,442,240,0.836,hummingbird,41,detect_151.mp4,31266,470
420,219,440,243,0.747,hummingbird,41,detect_151.mp4,31333,471
420,219,440,246,0.719,hummingbird,41,detect_151.mp4,31400,472
420,219,440,246,0.719,hummingbird,41,detect_151.mp4,31466,473
420,219,440,246,0.762,hummingbird,41,detect_151.mp4,31533,474
420,219,440,246,0.766,hummingbird,41,detect_151.mp4,31599,475
420,219,440,246,0.758,hummingbird,41,detect_151.mp4,31666,476
420,219,439,246,0.776,hummingbird,41,detect_151.mp4,31733,477
420,218,439,246,0.811,hummingbird,41,detect_151.mp4,31800,478
418,218,437,244,0.875,hummingbird,41,detect_151.mp4,31866,479
416,220,438,243,0.868,hummingbird,41,detect_151.mp4,31933,480
415,220,437,242,0.868,hummingbird,41,detect_151.mp4,32000,481
415,220,437,242,0.868,hummingbird,41,detect_151.mp4,32066,482
415,220,438,242,0.869,hummingbird,41,detect_151.mp4,32133,483
414,220,438,242,0.87,hummingbird,41,detect_151.mp4,32200,484
415,220,439,242,0.869,hummingbird,41,detect_151.mp4,32266,485
415,221,439,242,0.869,hummingbird,41,detect_151.mp4,32333,486
415,220,439,242,0.868,hummingbird,41,detect_151.mp4,32400,487
415,221,438,242,0.869,hummingbird,41,detect_151.mp4,32466,488
415,221,439,242,0.868,hummingbird,41,detect_151.mp4,32533,489
415,221,439,242,0.869,hummingbird,41,detect_151.mp4,32600,490
415,221,439,242,0.868,hummingbird,41,detect_151.mp4,32666,491
416,221,439,242,0.87,hummingbird,41,detect_151.mp4,32733,492
415,221,439,242,0.869,hummingbird,41,detect_151.mp4,32800,493
415,221,438,242,0.87,hummingbird,41,detect_151.mp4,32866,494
415,221,439,242,0.869,hummingbird,41,detect_151.mp4,32933,495
415,221,439,242,0.868,hummingbird,41,detect_151.mp4,33000,496
415,220,439,242,0.868,hummingbird,41,detect_151.mp4,33066,497
415,220,439,242,0.868,hummingbird,41,detect_151.mp4,33133,498
414,220,439,242,0.869,hummingbird,41,detect_151.mp4,33200,499
414,220,439,242,0.871,hummingbird,41,detect_151.mp4,33266,500
414,220,439,242,0.872,hummingbird,41,detect_151.mp4,33333,501
414,220,439,242,0.871,hummingbird,41,detect_151.mp4,33400,502
416,220,441,240,0.839,hummingbird,41,detect_151.mp4,33466,503
420,218,440,241,0.74,hummingbird,41,detect_151.mp4,33533,504
420,218,439,245,0.818,hummingbird,41,detect_151.mp4,33600,505
420,218,439,245,0.818,hummingbird,41,detect_151.mp4,33666,506
420,218,439,245,0.81,hummingbird,41,detect_151.mp4,33733,507
420,218,439,245,0.81,hummingbird,41,detect_151.mp4,33800,508
420,219,439,246,0.795,hummingbird,41,detect_151.mp4,33866,509
420,219,440,245,0.794,hummingbird,41,detect_151.mp4,33933,510
425,220,445,243,0.854,hummingbird,41,detect_151.mp4,34000,511
428,215,456,240,0.853,hummingbird,41,detect_151.mp4,34066,512
439,197,454,228,0.847,hummingbird,43,detect_151.mp4,34200,514
454,230,478,254,0.838,hummingbird,44,detect_166.mp4,1133,18
454,231,481,261,0.856,hummingbird,44,detect_166.mp4,1200,19
453,225,479,255,0.846,hummingbird,44,detect_166.mp4,1266,20
416,220,443,239,0.78,hummingbird,45,detect_166.mp4,2066,32
419,221,444,239,0.749,hummingbird,45,detect_166.mp4,2133,33
426,214,448,235,0.869,hummingbird,45,detect_166.mp4,2200,34
430,212,456,236,0.867,hummingbird,45,detect_166.mp4,2266,35
429,213,452,228,0.763,hummingbird,45,detect_166.mp4,2333,36
431,213,456,231,0.852,hummingbird,45,detect_166.mp4,2400,37
414,216,440,236,0.77,hummingbird,46,detect_166.mp4,2800,43
415,214,439,236,0.87,hummingbird,46,detect_166.mp4,2866,44
419,216,438,242,0.861,hummingbird,46,detect_166.mp4,2933,45
432,193,459,215,0.828,hummingbird,47,detect_166.mp4,3066,47
427,200,454,218,0.863,hummingbird,47,detect_166.mp4,3133,48
430,200,454,216,0.868,hummingbird,47,detect_166.mp4,3200,49
414,220,437,238,0.838,hummingbird,46,detect_166.mp4,3466,53
415,216,438,240,0.861,hummingbird,46,detect_166.mp4,3533,54
415,222,440,239,0.806,hummingbird,46,detect_166.mp4,3600,55
415,222,440,239,0.819,hummingbird,46,detect_166.mp4,3666,56
414,222,440,239,0.792,hummingbird,46,detect_166.mp4,3733,57
414,222,440,241,0.828,hummingbird,46,detect_166.mp4,3800,58
414,222,440,241,0.829,hummingbird,46,detect_166.mp4,3866,59
414,222,439,241,0.85,hummingbird,46,detect_166.mp4,3933,60
414,222,439,241,0.849,hummingbird,46,detect_166.mp4,4000,61
414,222,439,241,0.846,hummingbird,46,detect_166.mp4,4066,62
414,222,439,240,0.847,hummingbird,46,detect_166.mp4,4133,63
420,219,441,239,0.778,hummingbird,46,detect_166.mp4,4200,64
420,218,437,245,0.829,hummingbird,46,detect_166.mp4,4266,65
420,218,437,245,0.829,hummingbird,46,detect_166.mp4,4333,66
420,218,437,245,0.825,hummingbird,46,detect_166.mp4,4400,67
420,218,437,245,0.827,hummingbird,46,detect_166.mp4,4466,68
420,218,437,244,0.826,hummingbird,46,detect_166.mp4,4533,69
420,217,435,242,0.849,hummingbird,46,detect_166.mp4,4600,70
420,219,438,242,0.872,hummingbird,46,detect_166.mp4,4666,71
416,221,438,242,0.874,hummingbird,46,detect_166.mp4,4733,72
415,221,438,242,0.867,hummingbird,46,detect_166.mp4,4800,73
415,221,438,242,0.866,hummingbird,46,detect_166.mp4,4866,74
415,222,438,241,0.865,hummingbird,46,detect_166.mp4,4933,75
415,222,438,242,0.863,hummingbird,46,detect_166.mp4,5000,76
415,222,438,241,0.863,hummingbird,46,detect_166.mp4,5066,77
415,222,438,242,0.86,hummingbird,46,detect_166.mp4,5133,78
414,222,438,242,0.859,hummingbird,46,detect_166.mp4,5200,79
414,222,438,241,0.865,hummingbird,46,detect_166.mp4,5266,80
414,222,438,242,0.864,hummingbird,46,detect_166.mp4,5333,81
414,222,438,242,0.863,hummingbird,46,detect_166.mp4,5400,82
414,222,438,241,0.863,hummingbird,46,detect_166.mp4,5466,83
414,222,439,241,0.857,hummingbird,46,detect_166.mp4,5533,84
420,219,439,241,0.726,hummingbird,46,detect_166.mp4,5600,85
420,218,438,243,0.826,hummingbird,46,detect_166.mp4,5666,86
420,218,438,243,0.832,hummingbird,46,detect_166.mp4,5733,87
420,218,438,243,0.838,hummingbird,46,detect_166.mp4,5800,88
420,218,437,243,0.844,hummingbird,46,detect_166.mp4,5866,89
420,218,437,244,0.841,hummingbird,46,detect_166.mp4,5933,90
420,218,438,243,0.84,hummingbird,46,detect_166.mp4,6000,91
420,218,437,244,0.834,hummingbird,46,detect_166.mp4,6066,92
420,218,437,243,0.833,hummingbird,46,detect_166.mp4,6133,93
420,218,437,243,0.831,hummingbird,46,detect_166.mp4,6200,94
419,217,437,242,0.873,hummingbird,46,detect_166.mp4,6266,95
416,221,438,242,0.873,hummingbird,46,detect_166.mp4,6333,96
415,221,438,241,0.869,hummingbird,46,detect_166.mp4,6400,97
415,222,438,242,0.867,hummingbird,46,detect_166.mp4,6466,98
414,222,438,242,0.866,hummingbird,46,detect_166.mp4,6533,99
414,222,438,242,0.866,hummingbird,46,detect_166.mp4,6600,100
414,222,438,242,0.868,hummingbird,46,detect_166.mp4,6666,101
414,222,438,242,0.867,hummingbird,46,detect_166.mp4,6733,102
414,222,438,241,0.866,hummingbird,46,detect_166.mp4,6800,103
414,222,438,241,0.864,hummingbird,46,detect_166.mp4,6866,104
414,222,438,241,0.861,hummingbird,46,detect_166.mp4,6933,105
414,222,438,241,0.863,hummingbird,46,detect_166.mp4,7000,106
414,222,438,241,0.862,hummingbird,46,detect_166.mp4,7066,107
414,222,438,241,0.861,hummingbird,46,detect_166.mp4,7133,108
414,222,438,241,0.851,hummingbird,46,detect_166.mp4,7200,109
419,220,441,239,0.745,hummingbird,46,detect_166.mp4,7266,110
420,218,439,242,0.798,hummingbird,46,detect_166.mp4,7333,111
420,218,439,243,0.8,hummingbird,46,detect_166.mp4,7399,112
420,217,438,243,0.814,hummingbird,46,detect_166.mp4,7466,113
420,218,438,243,0.815,hummingbird,46,detect_166.mp4,7533,114
420,218,438,243,0.817,hummingbird,46,detect_166.mp4,7600,115
420,218,437,241,0.863,hummingbird,46,detect_166.mp4,7666,116
416,221,437,241,0.871,hummingbird,46,detect_166.mp4,7733,117
415,222,437,241,0.87,hummingbird,46,detect_166.mp4,7800,118
415,222,437,241,0.867,hummingbird,46,detect_166.mp4,7866,119
414,222,437,241,0.867,hummingbird,46,detect_166.mp4,7933,120
414,222,437,241,0.865,hummingbird,46,detect_166.mp4,8000,121
414,222,438,241,0.847,hummingbird,46,detect_166.mp4,8066,122
414,222,438,241,0.843,hummingbird,46,detect_166.mp4,8133,123
413,222,437,241,0.845,hummingbird,46,detect_166.mp4,8200,124
413,222,437,241,0.844,hummingbird,46,detect_166.mp4,8266,125
414,222,438,241,0.842,hummingbird,46,detect_166.mp4,8333,126
413,222,438,241,0.839,hummingbird,46,detect_166.mp4,8400,127
413,222,438,241,0.839,hummingbird,46,detect_166.mp4,8466,128
414,222,438,241,0.83,hummingbird,46,detect_166.mp4,8533,129
420,218,440,241,0.746,hummingbird,46,detect_166.mp4,8666,131
420,218,439,242,0.805,hummingbird,46,detect_166.mp4,8733,132
420,218,438,242,0.81,hummingbird,46,detect_166.mp4,8800,133
420,218,438,242,0.81,hummingbird,46,detect_166.mp4,8866,134
420,218,438,242,0.822,hummingbird,46,detect_166.mp4,8933,135
420,218,438,242,0.811,hummingbird,46,detect_166.mp4,9000,136
420,218,438,241,0.866,hummingbird,46,detect_166.mp4,9066,137
415,220,437,241,0.859,hummingbird,46,detect_166.mp4,9133,138
414,222,438,241,0.832,hummingbird,46,detect_166.mp4,9200,139
413,222,438,241,0.833,hummingbird,46,detect_166.mp4,9266,140
413,221,437,241,0.836,hummingbird,46,detect_166.mp4,9333,141
413,221,438,241,0.838,hummingbird,46,detect_166.mp4,9400,142
413,221,438,241,0.839,hummingbird,46,detect_166.mp4,9466,143
413,221,438,241,0.835,hummingbird,46,detect_166.mp4,9533,144
413,221,438,241,0.834,hummingbird,46,detect_166.mp4,9600,145
413,221,438,240,0.833,hummingbird,46,detect_166.mp4,9666,146
413,221,438,240,0.83,hummingbird,46,detect_166.mp4,9733,147
413,221,438,240,0.829,hummingbird,46,detect_166.mp4,9800,148
413,221,438,241,0.826,hummingbird,46,detect_166.mp4,9866,149
413,222,438,241,0.824,hummingbird,46,detect_166.mp4,9933,150
413,221,438,240,0.818,hummingbird,46,detect_166.mp4,10000,151
414,222,438,240,0.837,hummingbird,46,detect_166.mp4,10066,152
419,219,440,239,0.803,hummingbird,46,detect_166.mp4,10133,153
420,217,439,241,0.751,hummingbird,46,detect_166.mp4,10200,154
420,218,438,242,0.807,hummingbird,46,detect_166.mp4,10266,155
420,217,437,242,0.813,hummingbird,46,detect_166.mp4,10333,156
420,218,437,242,0.823,hummingbird,46,detect_166.mp4,10400,157
420,218,437,243,0.824,hummingbird,46,detect_166.mp4,10466,158
420,218,437,242,0.822,hummingbird,46,detect_166.mp4,10533,159
420,218,436,242,0.85,hummingbird,46,detect_166.mp4,10600,160
417,219,436,241,0.871,hummingbird,46,detect_166.mp4,10666,161
414,221,437,241,0.86,hummingbird,46,detect_166.mp4,10733,162
414,221,437,241,0.85,hummingbird,46,detect_166.mp4,10800,163
414,221,437,241,0.85,hummingbird,46,detect_166.mp4,10866,164
414,221,437,241,0.854,hummingbird,46,detect_166.mp4,10933,165
414,221,437,241,0.854,hummingbird,46,detect_166.mp4,11000,166
414,221,438,241,0.848,hummingbird,46,detect_166.mp4,11066,167
413,221,438,241,0.848,hummingbird,46,detect_166.mp4,11133,168
413,221,438,241,0.848,hummingbird,46,detect_166.mp4,11200,169
414,221,438,241,0.85,hummingbird,46,detect_166.mp4,11266,170
414,221,438,241,0.844,hummingbird,46,detect_166.mp4,11333,171
414,221,438,240,0.842,hummingbird,46,detect_166.mp4,11400,172
414,221,438,240,0.835,hummingbird,46,detect_166.mp4,11466,173
414,221,438,240,0.835,hummingbird,46,detect_166.mp4,11533,174
414,221,438,241,0.835,hummingbird,46,detect_166.mp4,11600,175
414,221,438,241,0.833,hummingbird,46,detect_166.mp4,11666,176
414,221,438,241,0.833,hummingbird,46,detect_166.mp4,11733,177
414,221,438,241,0.833,hummingbird,46,detect_166.mp4,11800,178
413,221,438,241,0.828,hummingbird,46,detect_166.mp4,11866,179
419,220,441,239,0.794,hummingbird,46,detect_166.mp4,11933,180
420,218,438,242,0.78,hummingbird,46,detect_166.mp4,12000,181
420,218,438,244,0.816,hummingbird,46,detect_166.mp4,12066,182
420,218,438,244,0.819,hummingbird,46,detect_166.mp4,12133,183
420,218,437,243,0.821,hummingbird,46,detect_166.mp4,12200,184
420,218,437,243,0.825,hummingbird,46,detect_166.mp4,12266,185
420,218,437,243,0.82,hummingbird,46,detect_166.mp4,12333,186
420,218,437,242,0.818,hummingbird,46,detect_166.mp4,12400,187
420,218,437,242,0.82,hummingbird,46,detect_166.mp4,12466,188
420,218,437,242,0.817,hummingbird,46,detect_166.mp4,12533,189
420,219,438,242,0.79,hummingbird,46,detect_166.mp4,12600,190
420,219,437,241,0.832,hummingbird,46,detect_166.mp4,12666,191
418,219,437,241,0.875,hummingbird,46,detect_166.mp4,12733,192
415,221,438,241,0.859,hummingbird,46,detect_166.mp4,12800,193
414,222,438,240,0.841,hummingbird,46,detect_166.mp4,12866,194
414,221,438,241,0.837,hummingbird,46,detect_166.mp4,12933,195
413,221,438,241,0.837,hummingbird,46,detect_166.mp4,13000,196
413,221,438,241,0.838,hummingbird,46,detect_166.mp4,13066,197
413,222,439,241,0.837,hummingbird,46,detect_166.mp4,13133,198
413,222,438,240,0.832,hummingbird,46,detect_166.mp4,13200,199
419,220,440,239,0.787,hummingbird,46,detect_166.mp4,13266,200
420,218,439,241,0.74,hummingbird,46,detect_166.mp4,13333,201
420,218,438,241,0.802,hummingbird,46,detect_166.mp4,13400,202
420,218,437,241,0.807,hummingbird,46,detect_166.mp4,13466,203
420,218,437,241,0.808,hummingbird,46,detect_166.mp4,13533,204
420,218,437,241,0.807,hummingbird,46,detect_166.mp4,13600,205
420,218,437,242,0.828,hummingbird,46,detect_166.mp4,13666,206
419,218,437,241,0.87,hummingbird,46,detect_166.mp4,13733,207
415,221,437,241,0.867,hummingbird,46,detect_166.mp4,13799,208
415,221,438,241,0.864,hummingbird,46,detect_166.mp4,13866,209
415,221,438,241,0.859,hummingbird,46,detect_166.mp4,13933,210
414,222,438,240,0.846,hummingbird,46,detect_166.mp4,14000,211
413,222,438,240,0.824,hummingbird,46,detect_166.mp4,14066,212
413,222,438,240,0.825,hummingbird,46,detect_166.mp4,14133,213
413,222,438,241,0.831,hummingbird,46,detect_166.mp4,14200,214
413,222,438,241,0.83,hummingbird,46,detect_166.mp4,14266,215
413,222,438,241,0.832,hummingbird,46,detect_166.mp4,14333,216
413,222,438,241,0.832,hummingbird,46,detect_166.mp4,14400,217
413,221,439,241,0.831,hummingbird,46,detect_166.mp4,14466,218
413,221,439,240,0.83,hummingbird,46,detect_166.mp4,14533,219
413,222,438,240,0.83,hummingbird,46,detect_166.mp4,14600,220
413,222,439,241,0.828,hummingbird,46,detect_166.mp4,14666,221
413,222,439,241,0.829,hummingbird,46,detect_166.mp4,14733,222
413,222,438,241,0.829,hummingbird,46,detect_166.mp4,14799,223
413,221,438,241,0.826,hummingbird,46,detect_166.mp4,14866,224
413,222,438,241,0.83,hummingbird,46,detect_166.mp4,14933,225
413,222,438,241,0.83,hummingbird,46,detect_166.mp4,15000,226
414,221,440,239,0.781,hummingbird,46,detect_166.mp4,15066,227
420,219,439,240,0.687,hummingbird,46,detect_166.mp4,15133,228
420,218,440,241,0.768,hummingbird,46,detect_166.mp4,15200,229
420,218,438,242,0.808,hummingbird,46,detect_166.mp4,15266,230
420,218,438,242,0.808,hummingbird,46,detect_166.mp4,15333,231
420,218,439,242,0.808,hummingbird,46,detect_166.mp4,15400,232
420,218,438,242,0.811,hummingbird,46,detect_166.mp4,15466,233
420,218,438,242,0.812,hummingbird,46,detect_166.mp4,15533,234
420,218,438,242,0.8,hummingbird,46,detect_166.mp4,15600,235
420,218,438,242,0.805,hummingbird,46,detect_166.mp4,15666,236
420,219,437,242,0.821,hummingbird,46,detect_166.mp4,15733,237
418,219,437,241,0.876,hummingbird,46,detect_166.mp4,15799,238
415,221,437,241,0.86,hummingbird,46,detect_166.mp4,15866,239
414,221,437,241,0.855,hummingbird,46,detect_166.mp4,15933,240
414,221,437,241,0.851,hummingbird,46,detect_166.mp4,16000,241
413,222,437,241,0.841,hummingbird,46,detect_166.mp4,16066,242
413,222,437,241,0.844,hummingbird,46,detect_166.mp4,16133,243
413,222,437,241,0.847,hummingbird,46,detect_166.mp4,16200,244
413,222,437,241,0.845,hummingbird,46,detect_166.mp4,16266,245
413,222,437,241,0.844,hummingbird,46,detect_166.mp4,16333,246
413,222,438,241,0.837,hummingbird,46,detect_166.mp4,16400,247
413,222,438,241,0.833,hummingbird,46,detect_166.mp4,16466,248
413,222,438,241,0.836,hummingbird,46,detect_166.mp4,16533,249
413,222,438,241,0.832,hummingbird,46,detect_166.mp4,16600,250
413,221,438,240,0.822,hummingbird,46,detect_166.mp4,16666,251
413,222,438,240,0.816,hummingbird,46,detect_166.mp4,16733,252
418,220,440,239,0.826,hummingbird,46,detect_166.mp4,16800,253
420,218,437,241,0.81,hummingbird,46,detect_166.mp4,16866,254
420,218,437,242,0.818,hummingbird,46,detect_166.mp4,16933,255
420,218,437,242,0.818,hummingbird,46,detect_166.mp4,17000,256
420,218,437,241,0.824,hummingbird,46,detect_166.mp4,17066,257
420,218,436,242,0.832,hummingbird,46,detect_166.mp4,17133,258
420,218,436,242,0.831,hummingbird,46,detect_166.mp4,17200,259
420,218,436,242,0.833,hummingbird,46,detect_166.mp4,17266,260
420,218,436,242,0.835,hummingbird,46,detect_166.mp4,17333,261
420,218,436,242,0.835,hummingbird,46,detect_166.mp4,17400,262
420,218,436,242,0.841,hummingbird,46,detect_166.mp4,17466,263
417,220,436,241,0.874,hummingbird,46,detect_166.mp4,17533,264
414,222,436,241,0.86,hummingbird,46,detect_166.mp4,17600,265
414,222,437,241,0.857,hummingbird,46,detect_166.mp4,17666,266
414,222,437,241,0.856,hummingbird,46,detect_166.mp4,17733,267
414,222,437,241,0.856,hummingbird,46,detect_166.mp4,17800,268
414,222,437,241,0.853,hummingbird,46,detect_166.mp4,17866,269
414,221,437,241,0.851,hummingbird,46,detect_166.mp4,17933,270
414,222,437,241,0.851,hummingbird,46,detect_166.mp4,18000,271
414,222,437,241,0.856,hummingbird,46,detect_166.mp4,18066,272
414,222,438,241,0.855,hummingbird,46,detect_166.mp4,18133,273
414,222,438,241,0.856,hummingbird,46,detect_166.mp4,18200,274
414,222,438,241,0.852,hummingbird,46,detect_166.mp4,18266,275
414,222,438,241,0.851,hummingbird,46,detect_166.mp4,18333,276
413,221,438,241,0.847,hummingbird,46,detect_166.mp4,18400,277
414,221,438,240,0.821,hummingbird,46,detect_166.mp4,18466,278
420,219,438,241,0.744,hummingbird,46,detect_166.mp4,18533,279
420,219,437,241,0.796,hummingbird,46,detect_166.mp4,18600,280
420,218,437,242,0.829,hummingbird,46,detect_166.mp4,18666,281
420,218,437,242,0.829,hummingbird,46,detect_166.mp4,18733,282
420,219,437,242,0.823,hummingbird,46,detect_166.mp4,18800,283
420,218,437,241,0.84,hummingbird,46,detect_166.mp4,18866,284
417,219,437,241,0.868,hummingbird,46,detect_166.mp4,18933,285
414,221,438,240,0.837,hummingbird,46,detect_166.mp4,19000,286
414,222,438,240,0.835,hummingbird,46,detect_166.mp4,19066,287
414,222,438,241,0.84,hummingbird,46,detect_166.mp4,19133,288
414,222,438,241,0.837,hummingbird,46,detect_166.mp4,19200,289
414,222,438,241,0.833,hummingbird,46,detect_166.mp4,19266,290
414,222,438,241,0.829,hummingbird,46,detect_166.mp4,19333,291
414,222,438,241,0.829,hummingbird,46,detect_166.mp4,19400,292
414,221,438,241,0.828,hummingbird,46,detect_166.mp4,19466,293
414,221,438,241,0.823,hummingbird,46,detect_166.mp4,19533,294
414,221,438,241,0.824,hummingbird,46,detect_166.mp4,19600,295
414,221,438,241,0.825,hummingbird,46,detect_166.mp4,19666,296
413,221,439,241,0.821,hummingbird,46,detect_166.mp4,19733,297
413,221,438,241,0.822,hummingbird,46,detect_166.mp4,19800,298
413,221,438,240,0.814,hummingbird,46,detect_166.mp4,19866,299
418,221,440,239,0.816,hummingbird,46,detect_166.mp4,19933,300
420,219,438,241,0.77,hummingbird,46,detect_166.mp4,20000,301
420,218,437,242,0.818,hummingbird,46,detect_166.mp4,20066,302
420,218,437,242,0.825,hummingbird,46,detect_166.mp4,20133,303
420,218,437,241,0.832,hummingbird,46,detect_166.mp4,20200,304
420,218,437,242,0.831,hummingbird,46,detect_166.mp4,20266,305
420,218,437,242,0.832,hummingbird,46,detect_166.mp4,20333,306
420,218,437,242,0.82,hummingbird,46,detect_166.mp4,20400,307
420,218,437,242,0.829,hummingbird,46,detect_166.mp4,20466,308
419,217,436,241,0.871,hummingbird,46,detect_166.mp4,20533,309
417,220,437,241,0.871,hummingbird,46,detect_166.mp4,20600,310
416,220,437,241,0.864,hummingbird,46,detect_166.mp4,20666,311
416,221,437,241,0.864,hummingbird,46,detect_166.mp4,20733,312
416,221,437,241,0.863,hummingbird,46,detect_166.mp4,20800,313
416,221,437,241,0.859,hummingbird,46,detect_166.mp4,20866,314
415,221,437,241,0.858,hummingbird,46,detect_166.mp4,20933,315
415,221,438,241,0.854,hummingbird,46,detect_166.mp4,21000,316
415,221,438,241,0.853,hummingbird,46,detect_166.mp4,21066,317
414,221,438,241,0.851,hummingbird,46,detect_166.mp4,21133,318
414,221,438,241,0.852,hummingbird,46,detect_166.mp4,21200,319
414,221,437,241,0.851,hummingbird,46,detect_166.mp4,21266,320
414,221,437,241,0.851,hummingbird,46,detect_166.mp4,21333,321
414,221,437,241,0.851,hummingbird,46,detect_166.mp4,21400,322
414,221,437,241,0.851,hummingbird,46,detect_166.mp4,21466,323
414,221,437,241,0.85,hummingbird,46,detect_166.mp4,21533,324
414,221,437,241,0.852,hummingbird,46,detect_166.mp4,21600,325
414,221,438,241,0.85,hummingbird,46,detect_166.mp4,21666,326
414,221,438,241,0.85,hummingbird,46,detect_166.mp4,21733,327
415,221,437,241,0.849,hummingbird,46,detect_166.mp4,21800,328
415,221,437,241,0.848,hummingbird,46,detect_166.mp4,21866,329
415,221,437,241,0.847,hummingbird,46,detect_166.mp4,21933,330
414,221,438,241,0.847,hummingbird,46,detect_166.mp4,22000,331
414,221,438,241,0.841,hummingbird,46,detect_166.mp4,22066,332
414,221,438,241,0.841,hummingbird,46,detect_166.mp4,22133,333
414,221,438,241,0.84,hummingbird,46,detect_166.mp4,22200,334
417,220,440,239,0.822,hummingbird,46,detect_166.mp4,22266,335
420,218,438,241,0.787,hummingbird,46,detect_166.mp4,22333,336
420,218,437,242,0.805,hummingbird,46,detect_166.mp4,22400,337
420,218,437,242,0.808,hummingbird,46,detect_166.mp4,22466,338
420,218,437,242,0.808,hummingbird,46,detect_166.mp4,22533,339
420,218,437,242,0.805,hummingbird,46,detect_166.mp4,22600,340
420,218,437,241,0.841,hummingbird,46,detect_166.mp4,22666,341
416,219,437,241,0.865,hummingbird,46,detect_166.mp4,22733,342
414,220,437,240,0.85,hummingbird,46,detect_166.mp4,22800,343
414,220,438,240,0.844,hummingbird,46,detect_166.mp4,22866,344
414,220,438,240,0.846,hummingbird,46,detect_166.mp4,22933,345
414,220,437,240,0.848,hummingbird,46,detect_166.mp4,23000,346
414,221,438,240,0.838,hummingbird,46,detect_166.mp4,23066,347
414,221,438,240,0.841,hummingbird,46,detect_166.mp4,23133,348
414,221,438,240,0.836,hummingbird,46,detect_166.mp4,23200,349
414,221,438,240,0.833,hummingbird,46,detect_166.mp4,23266,350
414,221,438,240,0.832,hummingbird,46,detect_166.mp4,23333,351
414,221,438,240,0.825,hummingbird,46,detect_166.mp4,23400,352
414,221,438,240,0.82,hummingbird,46,detect_166.mp4,23466,353
414,221,438,240,0.821,hummingbird,46,detect_166.mp4,23533,354
414,221,438,240,0.82,hummingbird,46,detect_166.mp4,23600,355
413,221,438,240,0.826,hummingbird,46,detect_166.mp4,23666,356
414,221,438,240,0.828,hummingbird,46,detect_166.mp4,23733,357
414,221,438,240,0.829,hummingbird,46,detect_166.mp4,23800,358
414,221,438,240,0.832,hummingbird,46,detect_166.mp4,23866,359
414,221,438,240,0.835,hummingbird,46,detect_166.mp4,23933,360
413,221,438,240,0.834,hummingbird,46,detect_166.mp4,24000,361
416,221,440,239,0.807,hummingbird,46,detect_166.mp4,24066,362
420,219,438,240,0.757,hummingbird,46,detect_166.mp4,24133,363
420,218,438,241,0.784,hummingbird,46,detect_166.mp4,24200,364
420,218,437,241,0.802,hummingbird,46,detect_166.mp4,24266,365
420,218,437,241,0.804,hummingbird,46,detect_166.mp4,24333,366
420,218,437,241,0.801,hummingbird,46,detect_166.mp4,24400,367
420,218,437,241,0.806,hummingbird,46,detect_166.mp4,24466,368
418,218,437,240,0.87,hummingbird,46,detect_166.mp4,24533,369
414,221,438,240,0.83,hummingbird,46,detect_166.mp4,24600,370
414,221,438,240,0.83,hummingbird,46,detect_166.mp4,24666,371
414,221,438,240,0.833,hummingbird,46,detect_166.mp4,24733,372
414,221,438,240,0.833,hummingbird,46,detect_166.mp4,24800,373
414,221,438,240,0.832,hummingbird,46,detect_166.mp4,24866,374
414,221,438,240,0.836,hummingbird,46,detect_166.mp4,24933,375
414,221,438,240,0.837,hummingbird,46,detect_166.mp4,25000,376
414,221,438,240,0.839,hummingbird,46,detect_166.mp4,25066,377
414,221,438,240,0.836,hummingbird,46,detect_166.mp4,25133,378
414,221,438,240,0.836,hummingbird,46,detect_166.mp4,25200,379
414,221,438,240,0.838,hummingbird,46,detect_166.mp4,25266,380
414,221,438,240,0.838,hummingbird,46,detect_166.mp4,25333,381
414,221,438,240,0.837,hummingbird,46,detect_166.mp4,25400,382
414,221,438,240,0.836,hummingbird,46,detect_166.mp4,25466,383
414,221,438,240,0.836,hummingbird,46,detect_166.mp4,25533,384
414,221,437,240,0.835,hummingbird,46,detect_166.mp4,25600,385
414,221,437,240,0.833,hummingbird,46,detect_166.mp4,25666,386
414,221,437,240,0.832,hummingbird,46,detect_166.mp4,25733,387
414,221,437,240,0.831,hummingbird,46,detect_166.mp4,25800,388
419,220,440,239,0.82,hummingbird,46,detect_166.mp4,25866,389
420,218,439,241,0.778,hummingbird,46,detect_166.mp4,25933,390
420,218,438,241,0.801,hummingbird,46,detect_166.mp4,26000,391
420,218,437,241,0.806,hummingbird,46,detect_166.mp4,26066,392
420,218,437,241,0.806,hummingbird,46,detect_166.mp4,26133,393
420,218,437,241,0.813,hummingbird,46,detect_166.mp4,26200,394
420,218,437,241,0.816,hummingbird,46,detect_166.mp4,26266,395
420,218,437,241,0.818,hummingbird,46,detect_166.mp4,26333,396
420,218,437,241,0.819,hummingbird,46,detect_166.mp4,26400,397
419,218,437,240,0.869,hummingbird,46,detect_166.mp4,26466,398
415,220,437,241,0.856,hummingbird,46,detect_166.mp4,26533,399
414,221,437,240,0.845,hummingbird,46,detect_166.mp4,26599,400
414,221,437,240,0.843,hummingbird,46,detect_166.mp4,26666,401
414,221,437,240,0.843,hummingbird,46,detect_166.mp4,26733,402
413,221,437,240,0.834,hummingbird,46,detect_166.mp4,26800,403
413,221,437,240,0.835,hummingbird,46,detect_166.mp4,26866,404
414,221,437,240,0.834,hummingbird,46,detect_166.mp4,26933,405
414,221,437,240,0.833,hummingbird,46,detect_166.mp4,27000,406
414,221,438,240,0.832,hummingbird,46,detect_166.mp4,27066,407
414,221,438,240,0.831,hummingbird,46,detect_166.mp4,27133,408
414,221,438,240,0.832,hummingbird,46,detect_166.mp4,27200,409
414,221,438,240,0.832,hummingbird,46,detect_166.mp4,27266,410
414,221,438,240,0.827,hummingbird,46,detect_166.mp4,27333,411
414,221,438,240,0.827,hummingbird,46,detect_166.mp4,27400,412
414,221,438,240,0.823,hummingbird,46,detect_166.mp4,27466,413
418,219,440,239,0.836,hummingbird,46,detect_166.mp4,27533,414
420,219,440,241,0.653,hummingbird,46,detect_166.mp4,27599,415
420,218,438,242,0.804,hummingbird,46,detect_166.mp4,27666,416
420,218,438,242,0.802,hummingbird,46,detect_166.mp4,27733,417
420,218,438,242,0.799,hummingbird,46,detect_166.mp4,27800,418
420,218,437,242,0.801,hummingbird,46,detect_166.mp4,27866,419
420,218,437,242,0.801,hummingbird,46,detect_166.mp4,27933,420
420,218,437,242,0.803,hummingbird,46,detect_166.mp4,28000,421
420,218,437,242,0.82,hummingbird,46,detect_166.mp4,28066,422
420,218,437,242,0.82,hummingbird,46,detect_166.mp4,28133,423
420,218,437,242,0.819,hummingbird,46,detect_166.mp4,28200,424
420,218,438,241,0.788,hummingbird,46,detect_166.mp4,28266,425
420,218,437,241,0.805,hummingbird,46,detect_166.mp4,28333,426
420,218,437,241,0.806,hummingbird,46,detect_166.mp4,28400,427
420,218,437,241,0.805,hummingbird,46,detect_166.mp4,28466,428
420,218,437,242,0.81,hummingbird,46,detect_166.mp4,28533,429
420,218,437,241,0.81,hummingbird,46,detect_166.mp4,28599,430
420,218,437,241,0.812,hummingbird,46,detect_166.mp4,28666,431
420,218,437,241,0.816,hummingbird,46,detect_166.mp4,28733,432
420,218,437,241,0.817,hummingbird,46,detect_166.mp4,28800,433
419,218,436,240,0.865,hummingbird,46,detect_166.mp4,28866,434
415,220,437,240,0.857,hummingbird,46,detect_166.mp4,28933,435
414,221,437,240,0.84,hummingbird,46,detect_166.mp4,29000,436
414,221,437,240,0.843,hummingbird,46,detect_166.mp4,29066,437
414,221,437,240,0.846,hummingbird,46,detect_166.mp4,29133,438
414,221,437,240,0.829,hummingbird,46,detect_166.mp4,29200,439
414,221,437,240,0.827,hummingbird,46,detect_166.mp4,29266,440
414,221,437,240,0.825,hummingbird,46,detect_166.mp4,29333,441
415,221,439,239,0.795,hummingbird,46,detect_166.mp4,29400,442
420,218,438,240,0.747,hummingbird,46,detect_166.mp4,29466,443
420,218,439,241,0.757,hummingbird,46,detect_166.mp4,29533,444
420,218,438,241,0.794,hummingbird,46,detect_166.mp4,29599,445
420,218,438,241,0.801,hummingbird,46,detect_166.mp4,29666,446
420,218,438,241,0.803,hummingbird,46,detect_166.mp4,29733,447
420,218,437,241,0.818,hummingbird,46,detect_166.mp4,29800,448
417,219,437,240,0.862,hummingbird,46,detect_166.mp4,29866,449
414,221,437,240,0.832,hummingbird,46,detect_166.mp4,29933,450
414,221,437,240,0.826,hummingbird,46,detect_166.mp4,30000,451
413,222,438,240,0.808,hummingbird,46,detect_166.mp4,30066,452
413,221,438,240,0.804,hummingbird,46,detect_166.mp4,30133,453
413,222,437,240,0.81,hummingbird,46,detect_166.mp4,30200,454
413,221,437,240,0.824,hummingbird,46,detect_166.mp4,30266,455
413,222,437,240,0.827,hummingbird,46,detect_166.mp4,30333,456
413,222,438,240,0.826,hummingbird,46,detect_166.mp4,30400,457
413,221,438,240,0.826,hummingbird,46,detect_166.mp4,30466,458
413,221,438,240,0.829,hummingbird,46,detect_166.mp4,30533,459
413,221,438,240,0.832,hummingbird,46,detect_166.mp4,30599,460
413,221,438,240,0.827,hummingbird,46,detect_166.mp4,30666,461
413,221,438,240,0.822,hummingbird,46,detect_166.mp4,30733,462
413,221,437,240,0.822,hummingbird,46,detect_166.mp4,30800,463
413,221,438,240,0.822,hummingbird,46,detect_166.mp4,30866,464
414,221,439,239,0.798,hummingbird,46,detect_166.mp4,30933,465
420,219,439,240,0.692,hummingbird,46,detect_166.mp4,31000,466
420,217,438,241,0.83,hummingbird,46,detect_166.mp4,31066,467
420,217,437,241,0.832,hummingbird,46,detect_166.mp4,31133,468
420,218,437,241,0.837,hummingbird,46,detect_166.mp4,31200,469
420,217,437,241,0.835,hummingbird,46,detect_166.mp4,31266,470
420,218,437,241,0.837,hummingbird,46,detect_166.mp4,31333,471
420,218,437,241,0.831,hummingbird,46,detect_166.mp4,31400,472
420,217,437,240,0.807,hummingbird,46,detect_166.mp4,31466,473
417,218,436,240,0.869,hummingbird,46,detect_166.mp4,31533,474
414,221,438,240,0.825,hummingbird,46,detect_166.mp4,31599,475
414,221,438,240,0.821,hummingbird,46,detect_166.mp4,31666,476
414,221,438,240,0.824,hummingbird,46,detect_166.mp4,31733,477
414,221,438,240,0.827,hummingbird,46,detect_166.mp4,31800,478
414,221,437,240,0.832,hummingbird,46,detect_166.mp4,31866,479
414,221,437,240,0.83,hummingbird,46,detect_166.mp4,31933,480
414,221,437,240,0.827,hummingbird,46,detect_166.mp4,32000,481
414,221,437,240,0.826,hummingbird,46,detect_166.mp4,32066,482
414,221,437,240,0.824,hummingbird,46,detect_166.mp4,32133,483
414,221,437,240,0.824,hummingbird,46,detect_166.mp4,32200,484
414,221,437,240,0.822,hummingbird,46,detect_166.mp4,32266,485
414,221,437,239,0.826,hummingbird,46,detect_166.mp4,32333,486
414,221,437,239,0.826,hummingbird,46,detect_166.mp4,32400,487
414,221,437,239,0.827,hummingbird,46,detect_166.mp4,32466,488
414,221,437,240,0.83,hummingbird,46,detect_166.mp4,32533,489
414,221,437,240,0.827,hummingbird,46,detect_166.mp4,32600,490
414,221,437,239,0.822,hummingbird,46,detect_166.mp4,32666,491
414,221,437,239,0.821,hummingbird,46,detect_166.mp4,32733,492
414,221,437,240,0.815,hummingbird,46,detect_166.mp4,32800,493
413,221,437,240,0.809,hummingbird,46,detect_166.mp4,32866,494
413,221,437,240,0.818,hummingbird,46,detect_166.mp4,32933,495
413,221,437,239,0.818,hummingbird,46,detect_166.mp4,33000,496
420,219,439,239,0.725,hummingbird,46,detect_166.mp4,33066,497
420,218,438,241,0.8,hummingbird,46,detect_166.mp4,33133,498
420,218,436,242,0.827,hummingbird,46,detect_166.mp4,33200,499
420,217,436,242,0.825,hummingbird,46,detect_166.mp4,33266,500
420,217,436,242,0.825,hummingbird,46,detect_166.mp4,33333,501
420,218,436,242,0.828,hummingbird,46,detect_166.mp4,33400,502
420,217,437,241,0.828,hummingbird,46,detect_166.mp4,33466,503
420,218,437,241,0.797,hummingbird,46,detect_166.mp4,33533,504
419,218,436,240,0.867,hummingbird,46,detect_166.mp4,33600,505
417,220,436,240,0.861,hummingbird,46,detect_166.mp4,33666,506
416,220,437,240,0.855,hummingbird,46,detect_166.mp4,33733,507
415,220,437,240,0.849,hummingbird,46,detect_166.mp4,33800,508
414,221,437,240,0.838,hummingbird,46,detect_166.mp4,33866,509
415,221,437,240,0.833,hummingbird,46,detect_166.mp4,33933,510
415,221,437,240,0.833,hummingbird,46,detect_166.mp4,34000,511
414,221,438,240,0.818,hummingbird,46,detect_166.mp4,34066,512
414,221,438,240,0.819,hummingbird,46,detect_166.mp4,34133,513
414,221,438,240,0.817,hummingbird,46,detect_166.mp4,34200,514
414,221,438,240,0.826,hummingbird,46,detect_166.mp4,34266,515
414,221,438,240,0.827,hummingbird,46,detect_166.mp4,34333,516
414,221,438,241,0.823,hummingbird,46,detect_166.mp4,34400,517
414,221,438,241,0.82,hummingbird,46,detect_166.mp4,34466,518
414,221,438,241,0.818,hummingbird,46,detect_166.mp4,34533,519
414,221,438,241,0.82,hummingbird,46,detect_166.mp4,34600,520
414,221,438,241,0.817,hummingbird,46,detect_166.mp4,34666,521
413,221,438,241,0.816,hummingbird,46,detect_166.mp4,34733,522
414,221,438,240,0.812,hummingbird,46,detect_166.mp4,34800,523
416,221,440,239,0.792,hummingbird,46,detect_166.mp4,34866,524
420,219,439,241,0.714,hummingbird,46,detect_166.mp4,34933,525
420,218,438,241,0.817,hummingbird,46,detect_166.mp4,35000,526
420,218,437,241,0.825,hummingbird,46,detect_166.mp4,35066,527
420,218,437,241,0.826,hummingbird,46,detect_166.mp4,35133,528
420,218,438,242,0.825,hummingbird,46,detect_166.mp4,35200,529
420,218,437,241,0.807,hummingbird,46,detect_166.mp4,35266,530
419,218,437,241,0.868,hummingbird,46,detect_166.mp4,35333,531
415,221,437,241,0.844,hummingbird,46,detect_166.mp4,35400,532
415,221,436,241,0.848,hummingbird,46,detect_166.mp4,35466,533
415,221,437,240,0.839,hummingbird,46,detect_166.mp4,35533,534
414,221,437,240,0.818,hummingbird,46,detect_166.mp4,35600,535
414,221,437,240,0.82,hummingbird,46,detect_166.mp4,35666,536
414,221,437,241,0.824,hummingbird,46,detect_166.mp4,35733,537
414,221,437,240,0.821,hummingbird,46,detect_166.mp4,35800,538
414,221,437,240,0.821,hummingbird,46,detect_166.mp4,35866,539
413,221,437,240,0.816,hummingbird,46,detect_166.mp4,35933,540
413,221,437,240,0.818,hummingbird,46,detect_166.mp4,36000,541
414,222,438,240,0.818,hummingbird,46,detect_166.mp4,36066,542
414,222,438,240,0.816,hummingbird,46,detect_166.mp4,36133,543
414,222,438,240,0.817,hummingbird,46,detect_166.mp4,36200,544
414,222,438,240,0.815,hummingbird,46,detect_166.mp4,36266,545
416,221,440,239,0.81,hummingbird,46,detect_166.mp4,36333,546
420,218,439,240,0.721,hummingbird,46,detect_166.mp4,36400,547
420,218,437,241,0.816,hummingbird,46,detect_166.mp4,36466,548
420,218,437,241,0.823,hummingbird,46,detect_166.mp4,36533,549
420,218,437,241,0.818,hummingbird,46,detect_166.mp4,36600,550
420,218,437,241,0.824,hummingbird,46,detect_166.mp4,36666,551
420,218,436,241,0.835,hummingbird,46,detect_166.mp4,36733,552
420,218,436,241,0.833,hummingbird,46,detect_166.mp4,36800,553
420,218,436,241,0.832,hummingbird,46,detect_166.mp4,36866,554
420,218,436,241,0.835,hummingbird,46,detect_166.mp4,36933,555
420,218,437,240,0.829,hummingbird,46,detect_166.mp4,37000,556
420,217,437,241,0.83,hummingbird,46,detect_166.mp4,37066,557
417,219,436,240,0.868,hummingbird,46,detect_166.mp4,37133,558
414,221,438,241,0.839,hummingbird,46,detect_166.mp4,37200,559
414,221,438,240,0.835,hummingbird,46,detect_166.mp4,37266,560
414,221,438,240,0.836,hummingbird,46,detect_166.mp4,37333,561
414,221,438,240,0.836,hummingbird,46,detect_166.mp4,37400,562
414,221,438,240,0.826,hummingbird,46,detect_166.mp4,37466,563
414,221,438,240,0.828,hummingbird,46,detect_166.mp4,37533,564
414,221,438,240,0.825,hummingbird,46,detect_166.mp4,37600,565
414,221,438,240,0.817,hummingbird,46,detect_166.mp4,37666,566
414,221,438,240,0.817,hummingbird,46,detect_166.mp4,37733,567
415,221,438,240,0.816,hummingbird,46,detect_166.mp4,37800,568
415,221,438,240,0.819,hummingbird,46,detect_166.mp4,37866,569
414,221,438,240,0.815,hummingbird,46,detect_166.mp4,37933,570
414,221,438,240,0.81,hummingbird,46,detect_166.mp4,38000,571
413,221,438,241,0.839,hummingbird,46,detect_166.mp4,38066,572
414,221,438,241,0.838,hummingbird,46,detect_166.mp4,38133,573
413,221,438,240,0.835,hummingbird,46,detect_166.mp4,38200,574
414,221,438,240,0.838,hummingbird,46,detect_166.mp4,38266,575
413,221,438,240,0.836,hummingbird,46,detect_166.mp4,38333,576
413,221,437,240,0.833,hummingbird,46,detect_166.mp4,38400,577
420,219,439,240,0.757,hummingbird,46,detect_166.mp4,38466,578
420,218,437,240,0.816,hummingbird,46,detect_166.mp4,38533,579
420,218,437,241,0.821,hummingbird,46,detect_166.mp4,38600,580
420,218,437,241,0.822,hummingbird,46,detect_166.mp4,38666,581
420,218,437,241,0.829,hummingbird,46,detect_166.mp4,38733,582
420,218,436,241,0.833,hummingbird,46,detect_166.mp4,38800,583
420,218,436,241,0.833,hummingbird,46,detect_166.mp4,38866,584
420,218,436,241,0.833,hummingbird,46,detect_166.mp4,38933,585
420,218,436,240,0.839,hummingbird,46,detect_166.mp4,39000,586
420,218,437,240,0.832,hummingbird,46,detect_166.mp4,39066,587
420,217,437,239,0.829,hummingbird,46,detect_166.mp4,39133,588
418,218,436,240,0.872,hummingbird,46,detect_166.mp4,39200,589
414,221,438,241,0.826,hummingbird,46,detect_166.mp4,39266,590
413,222,437,240,0.813,hummingbird,46,detect_166.mp4,39333,591
414,222,438,240,0.812,hummingbird,46,detect_166.mp4,39400,592
414,222,438,240,0.815,hummingbird,46,detect_166.mp4,39466,593
413,222,437,240,0.814,hummingbird,46,detect_166.mp4,39533,594
414,222,438,240,0.816,hummingbird,46,detect_166.mp4,39600,595
414,222,438,240,0.817,hummingbird,46,detect_166.mp4,39666,596
414,222,438,240,0.814,hummingbird,46,detect_166.mp4,39733,597
414,222,438,240,0.811,hummingbird,46,detect_166.mp4,39800,598
414,222,438,240,0.8,hummingbird,46,detect_166.mp4,39866,599
414,222,437,240,0.795,hummingbird,46,detect_166.mp4,39933,600
414,222,437,240,0.797,hummingbird,46,detect_166.mp4,40000,601
414,222,437,240,0.799,hummingbird,46,detect_166.mp4,40066,602
414,222,437,240,0.799,hummingbird,46,detect_166.mp4,40133,603
414,222,438,240,0.797,hummingbird,46,detect_166.mp4,40200,604
414,222,437,240,0.8,hummingbird,46,detect_166.mp4,40266,605
414,222,438,240,0.802,hummingbird,46,detect_166.mp4,40333,606
414,222,437,240,0.813,hummingbird,46,detect_166.mp4,40400,607
413,222,438,240,0.778,hummingbird,46,detect_166.mp4,40466,608
420,221,440,239,0.731,hummingbird,46,detect_166.mp4,40533,609
420,218,439,242,0.755,hummingbird,46,detect_166.mp4,40600,610
420,218,437,242,0.834,hummingbird,46,detect_166.mp4,40666,611
420,218,437,242,0.839,hummingbird,46,detect_166.mp4,40733,612
420,218,437,242,0.837,hummingbird,46,detect_166.mp4,40800,613
420,218,436,242,0.84,hummingbird,46,detect_166.mp4,40866,614
420,218,437,241,0.828,hummingbird,46,detect_166.mp4,40933,615
420,218,437,241,0.85,hummingbird,46,detect_166.mp4,41000,616
418,220,436,241,0.872,hummingbird,46,detect_166.mp4,41066,617
417,221,437,242,0.867,hummingbird,46,detect_166.mp4,41133,618
416,221,437,241,0.855,hummingbird,46,detect_166.mp4,41200,619
415,222,437,241,0.847,hummingbird,46,detect_166.mp4,41266,620
415,222,438,241,0.832,hummingbird,46,detect_166.mp4,41333,621
415,222,437,241,0.821,hummingbird,46,detect_166.mp4,41400,622
415,222,437,241,0.823,hummingbird,46,detect_166.mp4,41466,623
415,222,437,241,0.826,hummingbird,46,detect_166.mp4,41533,624
414,222,438,241,0.804,hummingbird,46,detect_166.mp4,41600,625
414,222,438,241,0.8,hummingbird,46,detect_166.mp4,41666,626
414,222,438,241,0.803,hummingbird,46,detect_166.mp4,41733,627
414,222,438,241,0.796,hummingbird,46,detect_166.mp4,41800,628
414,222,437,240,0.802,hummingbird,46,detect_166.mp4,41866,629
414,222,437,240,0.798,hummingbird,46,detect_166.mp4,41933,630
420,220,438,239,0.741,hummingbird,46,detect_166.mp4,42000,631
420,218,437,242,0.825,hummingbird,46,detect_166.mp4,42066,632
420,218,437,242,0.837,hummingbird,46,detect_166.mp4,42133,633
420,219,437,242,0.841,hummingbird,46,detect_166.mp4,42200,634
420,219,436,242,0.836,hummingbird,46,detect_166.mp4,42266,635
420,217,436,241,0.868,hummingbird,46,detect_166.mp4,42333,636
416,221,437,241,0.862,hummingbird,46,detect_166.mp4,42400,637
415,222,438,241,0.843,hummingbird,46,detect_166.mp4,42466,638
415,221,438,241,0.843,hummingbird,46,detect_166.mp4,42533,639
415,221,438,241,0.842,hummingbird,46,detect_166.mp4,42600,640
415,221,438,241,0.841,hummingbird,46,detect_166.mp4,42666,641
415,222,438,241,0.838,hummingbird,46,detect_166.mp4,42733,642
415,221,438,241,0.835,hummingbird,46,detect_166.mp4,42800,643
415,222,438,241,0.835,hummingbird,46,detect_166.mp4,42866,644
414,222,438,241,0.826,hummingbird,46,detect_166.mp4,42933,645
414,222,438,241,0.833,hummingbird,46,detect_166.mp4,43000,646
414,222,438,241,0.825,hummingbird,46,detect_166.mp4,43066,647
414,222,439,241,0.82,hummingbird,46,detect_166.mp4,43133,648
414,222,438,241,0.822,hummingbird,46,detect_166.mp4,43200,649
414,222,438,241,0.822,hummingbird,46,detect_166.mp4,43266,650
414,222,437,240,0.817,hummingbird,46,detect_166.mp4,43333,651
414,222,437,240,0.816,hummingbird,46,detect_166.mp4,43400,652
414,222,437,240,0.817,hummingbird,46,detect_166.mp4,43466,653
414,222,438,239,0.808,hummingbird,46,detect_166.mp4,43533,654
420,220,439,239,0.713,hummingbird,46,detect_166.mp4,43600,655
420,218,438,243,0.83,hummingbird,46,detect_166.mp4,43666,656
420,218,437,243,0.839,hummingbird,46,detect_166.mp4,43733,657
420,219,437,243,0.832,hummingbird,46,detect_166.mp4,43800,658
420,219,437,243,0.831,hummingbird,46,detect_166.mp4,43866,659
420,219,437,242,0.829,hummingbird,46,detect_166.mp4,43933,660
418,219,437,241,0.874,hummingbird,46,detect_166.mp4,44000,661
415,221,437,240,0.845,hummingbird,46,detect_166.mp4,44066,662
415,221,437,240,0.833,hummingbird,46,detect_166.mp4,44133,663
414,222,438,240,0.829,hummingbird,46,detect_166.mp4,44200,664
414,221,438,240,0.831,hummingbird,46,detect_166.mp4,44266,665
414,221,437,240,0.829,hummingbird,46,detect_166.mp4,44333,666
414,221,437,240,0.831,hummingbird,46,detect_166.mp4,44400,667
414,222,438,241,0.812,hummingbird,46,detect_166.mp4,44466,668
414,222,438,241,0.802,hummingbird,46,detect_166.mp4,44533,669
414,222,438,241,0.8,hummingbird,46,detect_166.mp4,44600,670
414,222,438,241,0.8,hummingbird,46,detect_166.mp4,44666,671
414,222,438,241,0.799,hummingbird,46,detect_166.mp4,44733,672
414,222,438,241,0.798,hummingbird,46,detect_166.mp4,44800,673
413,222,438,241,0.799,hummingbird,46,detect_166.mp4,44866,674
413,222,438,241,0.793,hummingbird,46,detect_166.mp4,44933,675
413,222,438,241,0.794,hummingbird,46,detect_166.mp4,45000,676
413,222,438,241,0.801,hummingbird,46,detect_166.mp4,45066,677
414,222,438,241,0.807,hummingbird,46,detect_166.mp4,45133,678
414,222,438,240,0.802,hummingbird,46,detect_166.mp4,45200,679
414,222,438,240,0.799,hummingbird,46,detect_166.mp4,45266,680
414,222,438,240,0.799,hummingbird,46,detect_166.mp4,45333,681
414,222,438,240,0.795,hummingbird,46,detect_166.mp4,45400,682
414,222,438,240,0.786,hummingbird,46,detect_166.mp4,45466,683
418,221,440,239,0.817,hummingbird,46,detect_166.mp4,45533,684
420,219,437,240,0.821,hummingbird,46,detect_166.mp4,45600,685
420,219,436,241,0.829,hummingbird,46,detect_166.mp4,45666,686
420,219,436,241,0.831,hummingbird,46,detect_166.mp4,45733,687
420,219,436,240,0.83,hummingbird,46,detect_166.mp4,45800,688
420,219,436,241,0.834,hummingbird,46,detect_166.mp4,45866,689
420,219,436,241,0.832,hummingbird,46,detect_166.mp4,45933,690
420,219,435,240,0.831,hummingbird,46,detect_166.mp4,46000,691
420,218,436,240,0.834,hummingbird,46,detect_166.mp4,46066,692
420,218,435,240,0.864,hummingbird,46,detect_166.mp4,46133,693
416,220,437,240,0.857,hummingbird,46,detect_166.mp4,46200,694
416,220,437,240,0.857,hummingbird,46,detect_166.mp4,46266,695
416,220,436,240,0.861,hummingbird,46,detect_166.mp4,46333,696
415,220,437,241,0.862,hummingbird,46,detect_166.mp4,46400,697
416,220,436,240,0.859,hummingbird,46,detect_166.mp4,46466,698
415,221,436,240,0.857,hummingbird,46,detect_166.mp4,46533,699
415,221,437,240,0.837,hummingbird,46,detect_166.mp4,46600,700
414,221,437,240,0.82,hummingbird,46,detect_166.mp4,46666,701
414,221,437,240,0.819,hummingbird,46,detect_166.mp4,46733,702
414,221,437,240,0.814,hummingbird,46,detect_166.mp4,46800,703
414,221,437,240,0.8,hummingbird,46,detect_166.mp4,46866,704
414,221,437,240,0.82,hummingbird,46,detect_166.mp4,46933,705
414,221,437,240,0.817,hummingbird,46,detect_166.mp4,47000,706
414,221,437,240,0.817,hummingbird,46,detect_166.mp4,47066,707
414,221,437,240,0.819,hummingbird,46,detect_166.mp4,47133,708
414,221,437,240,0.825,hummingbird,46,detect_166.mp4,47200,709
414,221,437,240,0.828,hummingbird,46,detect_166.mp4,47266,710
414,221,437,240,0.828,hummingbird,46,detect_166.mp4,47333,711
414,222,437,240,0.827,hummingbird,46,detect_166.mp4,47400,712
414,221,437,240,0.819,hummingbird,46,detect_166.mp4,47466,713
414,221,437,240,0.822,hummingbird,46,detect_166.mp4,47533,714
414,221,437,240,0.82,hummingbird,46,detect_166.mp4,47600,715
414,221,439,239,0.769,hummingbird,46,detect_166.mp4,47666,716
420,219,438,239,0.704,hummingbird,46,detect_166.mp4,47733,717
420,218,437,242,0.83,hummingbird,46,detect_166.mp4,47800,718
420,218,437,243,0.84,hummingbird,46,detect_166.mp4,47866,719
420,218,437,243,0.841,hummingbird,46,detect_166.mp4,47933,720
420,218,437,243,0.843,hummingbird,46,detect_166.mp4,48000,721
420,218,437,243,0.84,hummingbird,46,detect_166.mp4,48066,722
420,217,436,242,0.847,hummingbird,46,detect_166.mp4,48133,723
418,218,436,241,0.874,hummingbird,46,detect_166.mp4,48200,724
416,221,436,240,0.859,hummingbird,46,detect_166.mp4,48266,725
415,221,437,241,0.851,hummingbird,46,detect_166.mp4,48333,726
415,222,437,241,0.847,hummingbird,46,detect_166.mp4,48400,727
413,222,437,241,0.828,hummingbird,46,detect_166.mp4,48466,728
413,222,437,241,0.817,hummingbird,46,detect_166.mp4,48533,729
413,222,437,241,0.816,hummingbird,46,detect_166.mp4,48600,730
413,222,437,241,0.814,hummingbird,46,detect_166.mp4,48666,731
413,222,437,240,0.812,hummingbird,46,detect_166.mp4,48733,732
413,222,438,241,0.813,hummingbird,46,detect_166.mp4,48800,733
414,222,438,241,0.808,hummingbird,46,detect_166.mp4,48866,734
413,222,438,241,0.805,hummingbird,46,detect_166.mp4,48933,735
414,222,438,240,0.803,hummingbird,46,detect_166.mp4,49000,736
414,222,438,240,0.786,hummingbird,46,detect_166.mp4,49066,737
420,221,439,239,0.735,hummingbird,46,detect_166.mp4,49133,738
420,219,437,241,0.81,hummingbird,46,detect_166.mp4,49200,739
420,219,437,241,0.817,hummingbird,46,detect_166.mp4,49266,740
420,219,437,241,0.824,hummingbird,46,detect_166.mp4,49333,741
420,219,437,241,0.827,hummingbird,46,detect_166.mp4,49400,742
420,219,437,241,0.826,hummingbird,46,detect_166.mp4,49466,743
420,218,437,241,0.857,hummingbird,46,detect_166.mp4,49533,744
416,220,436,240,0.864,hummingbird,46,detect_166.mp4,49600,745
414,221,437,240,0.83,hummingbird,46,detect_166.mp4,49666,746
414,221,437,240,0.82,hummingbird,46,detect_166.mp4,49733,747
414,221,437,240,0.828,hummingbird,46,detect_166.mp4,49800,748
414,221,437,240,0.828,hummingbird,46,detect_166.mp4,49866,749
414,221,437,240,0.828,hummingbird,46,detect_166.mp4,49933,750
414,221,437,240,0.833,hummingbird,46,detect_166.mp4,50000,751
414,221,437,240,0.834,hummingbird,46,detect_166.mp4,50066,752
414,221,437,240,0.829,hummingbird,46,detect_166.mp4,50133,753
414,222,437,240,0.832,hummingbird,46,detect_166.mp4,50200,754
414,222,437,240,0.837,hummingbird,46,detect_166.mp4,50266,755
414,222,437,240,0.832,hummingbird,46,detect_166.mp4,50333,756
414,221,437,240,0.825,hummingbird,46,detect_166.mp4,50400,757
414,222,438,240,0.798,hummingbird,46,detect_166.mp4,50466,758
414,222,438,240,0.803,hummingbird,46,detect_166.mp4,50533,759
414,222,438,240,0.804,hummingbird,46,detect_166.mp4,50600,760
414,222,438,240,0.805,hummingbird,46,detect_166.mp4,50666,761
414,222,438,240,0.805,hummingbird,46,detect_166.mp4,50733,762
414,222,438,240,0.805,hummingbird,46,detect_166.mp4,50800,763
414,222,438,240,0.806,hummingbird,46,detect_166.mp4,50866,764
414,222,438,240,0.8,hummingbird,46,detect_166.mp4,50933,765
414,222,438,240,0.796,hummingbird,46,detect_166.mp4,51000,766
414,222,438,240,0.794,hummingbird,46,detect_166.mp4,51066,767
414,222,438,240,0.791,hummingbird,46,detect_166.mp4,51133,768
413,222,437,239,0.788,hummingbird,46,detect_166.mp4,51200,769
419,221,440,239,0.789,hummingbird,46,detect_166.mp4,51266,770
420,218,437,242,0.82,hummingbird,46,detect_166.mp4,51333,771
420,218,436,242,0.828,hummingbird,46,detect_166.mp4,51400,772
420,218,436,242,0.83,hummingbird,46,detect_166.mp4,51466,773
420,218,436,242,0.831,hummingbird,46,detect_166.mp4,51533,774
420,218,436,241,0.828,hummingbird,46,detect_166.mp4,51600,775
420,218,436,241,0.829,hummingbird,46,detect_166.mp4,51666,776
420,218,436,241,0.829,hummingbird,46,detect_166.mp4,51733,777
420,218,436,241,0.837,hummingbird,46,detect_166.mp4,51800,778
418,219,436,240,0.871,hummingbird,46,detect_166.mp4,51866,779
415,221,437,240,0.846,hummingbird,46,detect_166.mp4,51933,780
414,221,437,240,0.829,hummingbird,46,detect_166.mp4,52000,781
414,222,437,240,0.825,hummingbird,46,detect_166.mp4,52066,782
414,222,437,240,0.822,hummingbird,46,detect_166.mp4,52133,783
414,221,437,240,0.82,hummingbird,46,detect_166.mp4,52199,784
414,222,437,240,0.82,hummingbird,46,detect_166.mp4,52266,785
414,222,438,240,0.82,hummingbird,46,detect_166.mp4,52333,786
414,222,437,240,0.823,hummingbird,46,detect_166.mp4,52400,787
414,222,437,241,0.817,hummingbird,46,detect_166.mp4,52466,788
414,222,437,241,0.809,hummingbird,46,detect_166.mp4,52533,789
414,222,437,241,0.81,hummingbird,46,detect_166.mp4,52600,790
414,222,437,241,0.81,hummingbird,46,detect_166.mp4,52666,791
414,222,437,241,0.802,hummingbird,46,detect_166.mp4,52733,792
414,222,437,241,0.807,hummingbird,46,detect_166.mp4,52800,793
414,222,437,241,0.805,hummingbird,46,detect_166.mp4,52866,794
414,222,437,241,0.804,hummingbird,46,detect_166.mp4,52933,795
414,222,437,241,0.806,hummingbird,46,detect_166.mp4,53000,796
414,222,437,241,0.803,hummingbird,46,detect_166.mp4,53066,797
414,222,437,241,0.805,hummingbird,46,detect_166.mp4,53133,798
414,222,437,241,0.803,hummingbird,46,detect_166.mp4,53199,799
414,222,437,241,0.802,hummingbird,46,detect_166.mp4,53266,800
414,222,437,241,0.8,hummingbird,46,detect_166.mp4,53333,801
414,222,437,241,0.801,hummingbird,46,detect_166.mp4,53400,802
414,222,437,241,0.81,hummingbird,46,detect_166.mp4,53466,803
414,222,437,241,0.818,hummingbird,46,detect_166.mp4,53533,804
414,222,437,240,0.819,hummingbird,46,detect_166.mp4,53600,805
418,221,440,239,0.82,hummingbird,46,detect_166.mp4,53666,806
420,219,437,241,0.812,hummingbird,46,detect_166.mp4,53733,807
420,219,437,242,0.832,hummingbird,46,detect_166.mp4,53800,808
420,219,437,242,0.835,hummingbird,46,detect_166.mp4,53866,809
420,219,436,242,0.839,hummingbird,46,detect_166.mp4,53933,810
420,219,436,242,0.841,hummingbird,46,detect_166.mp4,54000,811
420,219,436,242,0.84,hummingbird,46,detect_166.mp4,54066,812
420,219,436,242,0.839,hummingbird,46,detect_166.mp4,54133,813
420,219,436,241,0.834,hummingbird,46,detect_166.mp4,54199,814
420,218,437,241,0.863,hummingbird,46,detect_166.mp4,54266,815
418,220,436,241,0.874,hummingbird,46,detect_166.mp4,54333,816
415,222,437,241,0.857,hummingbird,46,detect_166.mp4,54400,817
415,222,437,241,0.842,hummingbird,46,detect_166.mp4,54466,818
414,222,437,241,0.838,hummingbird,46,detect_166.mp4,54533,819
414,222,437,241,0.842,hummingbird,46,detect_166.mp4,54600,820
415,222,437,241,0.846,hummingbird,46,detect_166.mp4,54666,821
414,222,437,241,0.845,hummingbird,46,detect_166.mp4,54733,822
414,222,437,241,0.839,hummingbird,46,detect_166.mp4,54800,823
414,222,437,241,0.839,hummingbird,46,detect_166.mp4,54866,824
414,221,437,240,0.839,hummingbird,46,detect_166.mp4,54933,825
414,222,437,241,0.841,hummingbird,46,detect_166.mp4,55000,826
414,222,437,241,0.842,hummingbird,46,detect_166.mp4,55066,827
414,222,437,241,0.842,hummingbird,46,detect_166.mp4,55133,828
414,222,437,241,0.841,hummingbird,46,detect_166.mp4,55199,829
414,222,437,241,0.838,hummingbird,46,detect_166.mp4,55266,830
414,222,437,241,0.836,hummingbird,46,detect_166.mp4,55333,831
414,222,437,241,0.836,hummingbird,46,detect_166.mp4,55400,832
414,222,437,241,0.833,hummingbird,46,detect_166.mp4,55466,833
414,222,437,241,0.828,hummingbird,46,detect_166.mp4,55533,834
414,222,438,241,0.823,hummingbird,46,detect_166.mp4,55600,835
414,222,438,241,0.814,hummingbird,46,detect_166.mp4,55666,836
414,222,438,241,0.798,hummingbird,46,detect_166.mp4,55733,837
414,222,438,241,0.801,hummingbird,46,detect_166.mp4,55800,838
414,222,438,241,0.803,hummingbird,46,detect_166.mp4,55866,839
414,222,438,241,0.803,hummingbird,46,detect_166.mp4,55933,840
414,222,438,241,0.804,hummingbird,46,detect_166.mp4,56000,841
414,222,438,240,0.795,hummingbird,46,detect_166.mp4,56066,842
420,220,438,239,0.804,hummingbird,46,detect_166.mp4,56133,843
420,219,437,241,0.811,hummingbird,46,detect_166.mp4,56199,844
420,219,437,241,0.83,hummingbird,46,detect_166.mp4,56266,845
420,219,437,241,0.832,hummingbird,46,detect_166.mp4,56333,846
420,220,437,241,0.834,hummingbird,46,detect_166.mp4,56400,847
420,220,437,242,0.839,hummingbird,46,detect_166.mp4,56466,848
420,220,437,241,0.837,hummingbird,46,detect_166.mp4,56533,849
420,220,437,241,0.837,hummingbird,46,detect_166.mp4,56600,850
420,220,437,241,0.839,hummingbird,46,detect_166.mp4,56666,851
420,219,437,242,0.841,hummingbird,46,detect_166.mp4,56733,852
419,219,436,241,0.872,hummingbird,46,detect_166.mp4,56800,853
417,220,436,240,0.868,hummingbird,46,detect_166.mp4,56866,854
416,221,436,241,0.87,hummingbird,46,detect_166.mp4,56933,855
416,221,437,241,0.867,hummingbird,46,detect_166.mp4,57000,856
416,221,437,241,0.858,hummingbird,46,detect_166.mp4,57066,857
416,221,437,241,0.856,hummingbird,46,detect_166.mp4,57133,858
415,221,437,241,0.853,hummingbird,46,detect_166.mp4,57199,859
415,221,437,240,0.846,hummingbird,46,detect_166.mp4,57266,860
414,221,437,240,0.842,hummingbird,46,detect_166.mp4,57333,861
415,221,437,240,0.841,hummingbird,46,detect_166.mp4,57400,862
414,221,437,240,0.846,hummingbird,46,detect_166.mp4,57466,863
414,221,437,240,0.849,hummingbird,46,detect_166.mp4,57533,864
414,222,437,240,0.847,hummingbird,46,detect_166.mp4,57600,865
414,221,437,240,0.847,hummingbird,46,detect_166.mp4,57666,866
415,222,437,241,0.849,hummingbird,46,detect_166.mp4,57733,867
415,222,437,241,0.852,hummingbird,46,detect_166.mp4,57800,868
414,222,438,241,0.85,hummingbird,46,detect_166.mp4,57866,869
414,222,438,241,0.849,hummingbird,46,detect_166.mp4,57933,870
414,222,438,241,0.849,hummingbird,46,detect_166.mp4,58000,871
414,222,438,241,0.849,hummingbird,46,detect_166.mp4,58066,872
414,222,438,240,0.846,hummingbird,46,detect_166.mp4,58133,873
414,222,438,240,0.844,hummingbird,46,detect_166.mp4,58199,874
415,222,437,240,0.843,hummingbird,46,detect_166.mp4,58266,875
415,222,437,240,0.843,hummingbird,46,detect_166.mp4,58333,876
415,222,437,240,0.838,hummingbird,46,detect_166.mp4,58400,877
414,222,438,241,0.837,hummingbird,46,detect_166.mp4,58466,878
414,222,438,241,0.836,hummingbird,46,detect_166.mp4,58533,879
414,222,438,241,0.836,hummingbird,46,detect_166.mp4,58600,880
414,222,437,240,0.835,hummingbird,46,detect_166.mp4,58666,881
414,222,438,241,0.835,hummingbird,46,detect_166.mp4,58733,882
414,222,438,240,0.831,hummingbird,46,detect_166.mp4,58800,883
414,222,438,241,0.831,hummingbird,46,detect_166.mp4,58866,884
414,222,438,241,0.829,hummingbird,46,detect_166.mp4,58933,885
413,222,437,241,0.836,hummingbird,46,detect_166.mp4,59000,886
414,222,437,241,0.837,hummingbird,46,detect_166.mp4,59066,887
413,222,437,240,0.825,hummingbird,46,detect_166.mp4,59133,888
416,221,440,239,0.793,hummingbird,46,detect_166.mp4,59199,889
420,220,438,240,0.754,hummingbird,46,detect_166.mp4,59266,890
420,219,437,241,0.816,hummingbird,46,detect_166.mp4,59333,891
420,219,437,242,0.824,hummingbird,46,detect_166.mp4,59400,892
420,219,437,242,0.823,hummingbird,46,detect_166.mp4,59466,893
420,219,437,242,0.831,hummingbird,46,detect_166.mp4,59533,894
420,219,437,241,0.819,hummingbird,46,detect_166.mp4,59600,895
420,219,437,241,0.823,hummingbird,46,detect_166.mp4,59666,896
419,218,436,240,0.875,hummingbird,46,detect_166.mp4,59733,897
416,220,436,241,0.863,hummingbird,46,detect_166.mp4,59800,898
414,221,437,241,0.85,hummingbird,46,detect_166.mp4,59866,899
414,221,437,240,0.846,hummingbird,46,detect_166.mp4,59933,900
414,221,437,241,0.836,hummingbird,46,detect_166.mp4,60000,901
414,221,437,241,0.836,hummingbird,46,detect_166.mp4,60066,902
414,221,437,241,0.845,hummingbird,46,detect_166.mp4,60133,903
414,221,437,241,0.848,hummingbird,46,detect_166.mp4,60199,904
414,221,437,241,0.849,hummingbird,46,detect_166.mp4,60266,905
414,221,437,241,0.85,hummingbird,46,detect_166.mp4,60333,906
414,221,437,241,0.851,hummingbird,46,detect_166.mp4,60400,907
414,222,437,241,0.835,hummingbird,46,detect_166.mp4,60466,908
414,222,437,241,0.837,hummingbird,46,detect_166.mp4,60533,909
414,222,437,241,0.839,hummingbird,46,detect_166.mp4,60600,910
414,222,437,241,0.838,hummingbird,46,detect_166.mp4,60666,911
414,222,437,241,0.838,hummingbird,46,detect_166.mp4,60733,912
414,222,437,240,0.831,hummingbird,46,detect_166.mp4,60800,913
414,222,437,240,0.829,hummingbird,46,detect_166.mp4,60866,914
414,222,437,240,0.817,hummingbird,46,detect_166.mp4,60933,915
414,222,437,240,0.819,hummingbird,46,detect_166.mp4,61000,916
414,222,437,240,0.825,hummingbird,46,detect_166.mp4,61066,917
414,222,437,240,0.821,hummingbird,46,detect_166.mp4,61133,918
414,222,437,240,0.822,hummingbird,46,detect_166.mp4,61199,919
414,222,437,240,0.832,hummingbird,46,detect_166.mp4,61266,920
414,222,437,240,0.831,hummingbird,46,detect_166.mp4,61333,921
414,222,437,240,0.832,hummingbird,46,detect_166.mp4,61400,922
414,222,437,240,0.84,hummingbird,46,detect_166.mp4,61466,923
414,222,437,240,0.841,hummingbird,46,detect_166.mp4,61533,924
414,222,437,240,0.839,hummingbird,46,detect_166.mp4,61600,925
414,222,438,239,0.813,hummingbird,46,detect_166.mp4,61666,926
420,220,438,239,0.793,hummingbird,46,detect_166.mp4,61733,927
420,219,437,241,0.784,hummingbird,46,detect_166.mp4,61800,928
420,219,436,241,0.817,hummingbird,46,detect_166.mp4,61866,929
420,219,437,240,0.813,hummingbird,46,detect_166.mp4,61933,930
420,219,436,241,0.812,hummingbird,46,detect_166.mp4,62000,931
420,219,436,240,0.814,hummingbird,46,detect_166.mp4,62066,932
420,219,436,241,0.817,hummingbird,46,detect_166.mp4,62133,933
420,219,436,240,0.836,hummingbird,46,detect_166.mp4,62199,934
420,219,436,240,0.867,hummingbird,46,detect_166.mp4,62266,935
416,220,436,240,0.865,hummingbird,46,detect_166.mp4,62333,936
414,221,436,240,0.857,hummingbird,46,detect_166.mp4,62400,937
415,222,437,241,0.846,hummingbird,46,detect_166.mp4,62466,938
415,222,437,241,0.85,hummingbird,46,detect_166.mp4,62533,939
414,222,437,241,0.852,hummingbird,46,detect_166.mp4,62600,940
415,222,437,241,0.847,hummingbird,46,detect_166.mp4,62666,941
414,222,437,241,0.844,hummingbird,46,detect_166.mp4,62733,942
414,222,437,241,0.845,hummingbird,46,detect_166.mp4,62800,943
414,222,437,241,0.844,hummingbird,46,detect_166.mp4,62866,944
414,222,437,241,0.843,hummingbird,46,detect_166.mp4,62933,945
414,222,437,241,0.843,hummingbird,46,detect_166.mp4,63000,946
414,222,437,241,0.84,hummingbird,46,detect_166.mp4,63066,947
414,222,437,241,0.828,hummingbird,46,detect_166.mp4,63133,948
414,222,437,241,0.823,hummingbird,46,detect_166.mp4,63199,949
414,222,437,241,0.827,hummingbird,46,detect_166.mp4,63266,950
414,222,437,240,0.823,hummingbird,46,detect_166.mp4,63333,951
414,222,437,241,0.824,hummingbird,46,detect_166.mp4,63400,952
414,222,437,241,0.824,hummingbird,46,detect_166.mp4,63466,953
414,222,437,240,0.826,hummingbird,46,detect_166.mp4,63533,954
414,222,438,241,0.828,hummingbird,46,detect_166.mp4,63600,955
414,222,438,241,0.827,hummingbird,46,detect_166.mp4,63666,956
414,222,438,240,0.818,hummingbird,46,detect_166.mp4,63733,957
420,219,438,243,0.792,hummingbird,46,detect_166.mp4,63866,959
420,220,438,242,0.786,hummingbird,46,detect_166.mp4,63933,960
420,220,437,242,0.812,hummingbird,46,detect_166.mp4,64000,961
420,219,437,242,0.82,hummingbird,46,detect_166.mp4,64066,962
420,220,437,242,0.819,hummingbird,46,detect_166.mp4,64133,963
420,220,436,242,0.831,hummingbird,46,detect_166.mp4,64200,964
420,220,437,242,0.821,hummingbird,46,detect_166.mp4,64266,965
420,220,437,242,0.818,hummingbird,46,detect_166.mp4,64333,966
420,220,437,242,0.817,hummingbird,46,detect_166.mp4,64400,967
420,220,437,242,0.802,hummingbird,46,detect_166.mp4,64466,968
420,220,437,241,0.813,hummingbird,46,detect_166.mp4,64533,969
420,220,437,241,0.8,hummingbird,46,detect_166.mp4,64599,970
420,220,438,242,0.806,hummingbird,46,detect_166.mp4,64666,971
420,220,438,242,0.81,hummingbird,46,detect_166.mp4,64733,972
420,220,438,242,0.814,hummingbird,46,detect_166.mp4,64800,973
420,219,438,242,0.816,hummingbird,46,detect_166.mp4,64866,974
420,219,437,242,0.832,hummingbird,46,detect_166.mp4,64933,975
420,219,437,242,0.836,hummingbird,46,detect_166.mp4,65000,976
420,220,437,242,0.83,hummingbird,46,detect_166.mp4,65066,977
420,218,437,242,0.859,hummingbird,46,detect_166.mp4,65133,978
418,220,437,241,0.876,hummingbird,46,detect_166.mp4,65200,979
415,221,437,241,0.853,hummingbird,46,detect_166.mp4,65266,980
415,222,437,241,0.852,hummingbird,46,detect_166.mp4,65333,981
415,221,437,241,0.85,hummingbird,46,detect_166.mp4,65400,982
415,222,437,241,0.85,hummingbird,46,detect_166.mp4,65466,983
415,222,437,241,0.851,hummingbird,46,detect_166.mp4,65533,984
415,222,437,241,0.853,hummingbird,46,detect_166.mp4,65600,985
414,222,438,241,0.845,hummingbird,46,detect_166.mp4,65666,986
414,222,438,241,0.849,hummingbird,46,detect_166.mp4,65733,987
414,222,438,240,0.84,hummingbird,46,detect_166.mp4,65800,988
414,222,438,240,0.839,hummingbird,46,detect_166.mp4,65866,989
414,222,438,241,0.842,hummingbird,46,detect_166.mp4,65933,990
414,222,437,241,0.837,hummingbird,46,detect_166.mp4,66000,991
414,222,438,240,0.83,hummingbird,46,detect_166.mp4,66066,992
417,221,441,239,0.801,hummingbird,46,detect_166.mp4,66133,993
420,220,438,240,0.742,hummingbird,46,detect_166.mp4,66200,994
420,219,437,241,0.825,hummingbird,46,detect_166.mp4,66266,995
420,219,437,241,0.825,hummingbird,46,detect_166.mp4,66333,996
420,219,437,241,0.822,hummingbird,46,detect_166.mp4,66400,997
420,220,437,241,0.821,hummingbird,46,detect_166.mp4,66466,998
420,220,437,241,0.82,hummingbird,46,detect_166.mp4,66533,999
420,220,437,241,0.821,hummingbird,46,detect_166.mp4,66600,1000
420,220,437,242,0.82,hummingbird,46,detect_166.mp4,66666,1001
420,220,437,242,0.818,hummingbird,46,detect_166.mp4,66733,1002
420,220,436,241,0.82,hummingbird,46,detect_166.mp4,66800,1003
420,220,436,241,0.822,hummingbird,46,detect_166.mp4,66866,1004
420,220,436,240,0.814,hummingbird,46,detect_166.mp4,66933,1005
420,220,436,240,0.819,hummingbird,46,detect_166.mp4,67000,1006
420,220,436,240,0.818,hummingbird,46,detect_166.mp4,67066,1007
420,220,437,241,0.81,hummingbird,46,detect_166.mp4,67133,1008
420,219,437,241,0.801,hummingbird,46,detect_166.mp4,67200,1009
420,219,436,241,0.81,hummingbird,46,detect_166.mp4,67266,1010
420,219,436,241,0.811,hummingbird,46,detect_166.mp4,67333,1011
420,220,437,241,0.801,hummingbird,46,detect_166.mp4,67400,1012
420,219,437,241,0.817,hummingbird,46,detect_166.mp4,67466,1013
420,219,437,241,0.82,hummingbird,46,detect_166.mp4,67533,1014
420,219,437,241,0.814,hummingbird,46,detect_166.mp4,67600,1015
420,219,436,241,0.817,hummingbird,46,detect_166.mp4,67666,1016
420,219,436,240,0.851,hummingbird,46,detect_166.mp4,67733,1017
416,220,436,240,0.866,hummingbird,46,detect_166.mp4,67800,1018
414,222,437,240,0.848,hummingbird,46,detect_166.mp4,67866,1019
414,222,437,240,0.841,hummingbird,46,detect_166.mp4,67933,1020
414,222,437,240,0.844,hummingbird,46,detect_166.mp4,68000,1021
414,222,437,240,0.841,hummingbird,46,detect_166.mp4,68066,1022
414,222,437,240,0.84,hummingbird,46,detect_166.mp4,68133,1023
414,222,437,240,0.839,hummingbird,46,detect_166.mp4,68200,1024
414,222,437,240,0.84,hummingbird,46,detect_166.mp4,68266,1025
414,222,437,240,0.841,hummingbird,46,detect_166.mp4,68333,1026
414,222,437,240,0.84,hummingbird,46,detect_166.mp4,68400,1027
414,222,437,240,0.842,hummingbird,46,detect_166.mp4,68466,1028
414,222,437,240,0.842,hummingbird,46,detect_166.mp4,68533,1029
414,222,437,240,0.842,hummingbird,46,detect_166.mp4,68600,1030
414,222,437,240,0.842,hummingbird,46,detect_166.mp4,68666,1031
413,222,437,240,0.842,hummingbird,46,detect_166.mp4,68733,1032
414,222,437,240,0.845,hummingbird,46,detect_166.mp4,68800,1033
414,222,437,241,0.841,hummingbird,46,detect_166.mp4,68866,1034
414,222,437,241,0.841,hummingbird,46,detect_166.mp4,68933,1035
414,222,437,241,0.839,hummingbird,46,detect_166.mp4,69000,1036
414,222,437,241,0.84,hummingbird,46,detect_166.mp4,69066,1037
414,222,437,241,0.842,hummingbird,46,detect_166.mp4,69133,1038
414,222,437,241,0.841,hummingbird,46,detect_166.mp4,69200,1039
414,222,437,241,0.84,hummingbird,46,detect_166.mp4,69266,1040
414,222,437,241,0.841,hummingbird,46,detect_166.mp4,69333,1041
414,222,437,241,0.847,hummingbird,46,detect_166.mp4,69400,1042
414,222,437,241,0.845,hummingbird,46,detect_166.mp4,69466,1043
414,222,437,241,0.845,hummingbird,46,detect_166.mp4,69533,1044
414,222,437,241,0.844,hummingbird,46,detect_166.mp4,69600,1045
414,222,437,241,0.841,hummingbird,46,detect_166.mp4,69666,1046
414,222,437,241,0.842,hummingbird,46,detect_166.mp4,69733,1047
414,222,437,241,0.841,hummingbird,46,detect_166.mp4,69800,1048
414,222,437,241,0.837,hummingbird,46,detect_166.mp4,69866,1049
414,222,437,241,0.837,hummingbird,46,detect_166.mp4,69933,1050
414,222,437,240,0.838,hummingbird,46,detect_166.mp4,70000,1051
414,222,437,240,0.835,hummingbird,46,detect_166.mp4,70066,1052
414,222,437,240,0.834,hummingbird,46,detect_166.mp4,70133,1053
414,222,437,240,0.832,hummingbird,46,detect_166.mp4,70200,1054
414,222,437,240,0.83,hummingbird,46,detect_166.mp4,70266,1055
414,222,437,240,0.829,hummingbird,46,detect_166.mp4,70333,1056
414,222,437,240,0.827,hummingbird,46,detect_166.mp4,70400,1057
414,222,437,240,0.814,hummingbird,46,detect_166.mp4,70466,1058
414,222,437,240,0.822,hummingbird,46,detect_166.mp4,70533,1059
414,222,437,240,0.822,hummingbird,46,detect_166.mp4,70600,1060
414,222,437,240,0.829,hummingbird,46,detect_166.mp4,70666,1061
414,222,437,240,0.833,hummingbird,46,detect_166.mp4,70733,1062
414,222,437,240,0.832,hummingbird,46,detect_166.mp4,70800,1063
414,222,437,240,0.832,hummingbird,46,detect_166.mp4,70866,1064
414,222,437,240,0.832,hummingbird,46,detect_166.mp4,70933,1065
414,222,437,240,0.828,hummingbird,46,detect_166.mp4,71000,1066
414,222,437,240,0.825,hummingbird,46,detect_166.mp4,71066,1067
414,222,437,240,0.827,hummingbird,46,detect_166.mp4,71133,1068
416,221,440,239,0.793,hummingbird,46,detect_166.mp4,71200,1069
420,220,437,242,0.797,hummingbird,46,detect_166.mp4,71266,1070
420,220,437,242,0.805,hummingbird,46,detect_166.mp4,71333,1071
420,220,437,242,0.803,hummingbird,46,detect_166.mp4,71400,1072
420,220,437,242,0.803,hummingbird,46,detect_166.mp4,71466,1073
420,220,437,242,0.806,hummingbird,46,detect_166.mp4,71533,1074
420,220,437,241,0.8,hummingbird,46,detect_166.mp4,71600,1075
420,220,436,241,0.804,hummingbird,46,detect_166.mp4,71666,1076
420,219,436,241,0.813,hummingbird,46,detect_166.mp4,71733,1077
420,219,436,241,0.815,hummingbird,46,detect_166.mp4,71800,1078
420,220,436,242,0.817,hummingbird,46,detect_166.mp4,71866,1079
420,220,436,242,0.818,hummingbird,46,detect_166.mp4,71933,1080
420,220,436,243,0.819,hummingbird,46,detect_166.mp4,72000,1081
420,219,436,243,0.825,hummingbird,46,detect_166.mp4,72066,1082
420,219,436,243,0.826,hummingbird,46,detect_166.mp4,72133,1083
420,219,436,242,0.826,hummingbird,46,detect_166.mp4,72200,1084
420,219,436,242,0.828,hummingbird,46,detect_166.mp4,72266,1085
420,219,436,242,0.829,hummingbird,46,detect_166.mp4,72333,1086
420,219,436,243,0.829,hummingbird,46,detect_166.mp4,72400,1087
420,219,436,242,0.824,hummingbird,46,detect_166.mp4,72466,1088
420,218,436,242,0.824,hummingbird,46,detect_166.mp4,72533,1089
420,218,436,242,0.825,hummingbird,46,detect_166.mp4,72600,1090
420,218,436,243,0.846,hummingbird,46,detect_166.mp4,72666,1091
419,219,436,240,0.869,hummingbird,46,detect_166.mp4,72733,1092
416,221,436,240,0.866,hummingbird,46,detect_166.mp4,72800,1093
415,222,437,241,0.858,hummingbird,46,detect_166.mp4,72866,1094
415,222,437,240,0.848,hummingbird,46,detect_166.mp4,72933,1095
414,222,437,240,0.839,hummingbird,46,detect_166.mp4,73000,1096
414,222,437,240,0.842,hummingbird,46,detect_166.mp4,73066,1097
414,222,437,241,0.848,hummingbird,46,detect_166.mp4,73133,1098
414,221,437,240,0.85,hummingbird,46,detect_166.mp4,73200,1099
416,221,439,239,0.83,hummingbird,46,detect_166.mp4,73266,1100
420,220,438,241,0.768,hummingbird,46,detect_166.mp4,73333,1101
420,219,437,242,0.829,hummingbird,46,detect_166.mp4,73400,1102
420,220,437,242,0.829,hummingbird,46,detect_166.mp4,73466,1103
420,220,437,242,0.829,hummingbird,46,detect_166.mp4,73533,1104
420,220,437,242,0.827,hummingbird,46,detect_166.mp4,73600,1105
420,219,437,242,0.829,hummingbird,46,detect_166.mp4,73666,1106
420,219,437,242,0.829,hummingbird,46,detect_166.mp4,73733,1107
420,219,437,242,0.825,hummingbird,46,detect_166.mp4,73800,1108
420,220,437,242,0.824,hummingbird,46,detect_166.mp4,73866,1109
420,219,437,242,0.832,hummingbird,46,detect_166.mp4,73933,1110
420,219,437,241,0.829,hummingbird,46,detect_166.mp4,74000,1111
420,219,437,241,0.825,hummingbird,46,detect_166.mp4,74066,1112
420,219,437,242,0.825,hummingbird,46,detect_166.mp4,74133,1113
420,220,439,241,0.76,hummingbird,46,detect_166.mp4,74200,1114
420,219,437,241,0.797,hummingbird,46,detect_166.mp4,74266,1115
420,219,437,241,0.81,hummingbird,46,detect_166.mp4,74333,1116
420,220,437,241,0.81,hummingbird,46,detect_166.mp4,74400,1117
420,220,436,240,0.825,hummingbird,46,detect_166.mp4,74466,1118
420,219,436,240,0.829,hummingbird,46,detect_166.mp4,74533,1119
420,218,435,241,0.834,hummingbird,46,detect_166.mp4,74600,1120
420,219,435,242,0.843,hummingbird,46,detect_166.mp4,74666,1121
420,218,435,241,0.87,hummingbird,46,detect_166.mp4,74733,1122
417,219,436,241,0.872,hummingbird,46,detect_166.mp4,74800,1123
418,219,436,240,0.874,hummingbird,46,detect_166.mp4,74866,1124
420,220,441,238,0.645,hummingbird,46,detect_166.mp4,74933,1125
429,219,448,243,0.839,hummingbird,48,detect_166.mp4,75066,1127
428,220,449,243,0.843,hummingbird,48,detect_166.mp4,75133,1128
427,219,449,245,0.842,hummingbird,48,detect_166.mp4,75200,1129
428,220,446,247,0.832,hummingbird,48,detect_166.mp4,75266,1130
427,219,445,247,0.86,hummingbird,48,detect_166.mp4,75333,1131
426,218,445,243,0.837,hummingbird,48,detect_166.mp4,75400,1132
425,218,444,243,0.785,hummingbird,48,detect_166.mp4,75466,1133
424,217,447,239,0.862,hummingbird,48,detect_166.mp4,75533,1134
424,218,445,243,0.849,hummingbird,48,detect_166.mp4,75600,1135
419,218,442,239,0.826,hummingbird,48,detect_166.mp4,75666,1136
416,222,441,240,0.797,hummingbird,48,detect_166.mp4,75733,1137
414,222,438,240,0.812,hummingbird,48,detect_166.mp4,75800,1138
413,222,438,240,0.818,hummingbird,48,detect_166.mp4,75866,1139
413,222,438,240,0.821,hummingbird,48,detect_166.mp4,75933,1140
413,222,438,240,0.817,hummingbird,48,detect_166.mp4,76000,1141
414,222,438,240,0.837,hummingbird,48,detect_166.mp4,76066,1142
414,222,438,240,0.835,hummingbird,48,detect_166.mp4,76133,1143
414,222,438,240,0.833,hummingbird,48,detect_166.mp4,76200,1144
414,222,438,240,0.837,hummingbird,48,detect_166.mp4,76266,1145
414,222,438,240,0.838,hummingbird,48,detect_166.mp4,76333,1146
414,222,438,240,0.834,hummingbird,48,detect_166.mp4,76400,1147
415,222,437,240,0.833,hummingbird,48,detect_166.mp4,76466,1148
415,222,438,240,0.822,hummingbird,48,detect_166.mp4,76533,1149
415,222,438,240,0.824,hummingbird,48,detect_166.mp4,76600,1150
415,222,438,240,0.827,hummingbird,48,detect_166.mp4,76666,1151
415,222,438,240,0.827,hummingbird,48,detect_166.mp4,76733,1152
415,222,438,240,0.828,hummingbird,48,detect_166.mp4,76800,1153
414,222,438,240,0.832,hummingbird,48,detect_166.mp4,76866,1154
414,222,438,240,0.827,hummingbird,48,detect_166.mp4,76933,1155
414,222,438,240,0.828,hummingbird,48,detect_166.mp4,77000,1156
414,222,438,240,0.827,hummingbird,48,detect_166.mp4,77066,1157
414,222,438,240,0.827,hummingbird,48,detect_166.mp4,77133,1158
414,222,437,240,0.835,hummingbird,48,detect_166.mp4,77200,1159
413,222,437,241,0.844,hummingbird,48,detect_166.mp4,77266,1160
413,222,437,241,0.842,hummingbird,48,detect_166.mp4,77333,1161
414,222,438,241,0.838,hummingbird,48,detect_166.mp4,77400,1162
414,222,438,241,0.838,hummingbird,48,detect_166.mp4,77466,1163
414,222,438,240,0.836,hummingbird,48,detect_166.mp4,77533,1164
414,222,438,240,0.838,hummingbird,48,detect_166.mp4,77600,1165
414,221,440,239,0.757,hummingbird,48,detect_166.mp4,77666,1166
420,221,440,240,0.676,hummingbird,48,detect_166.mp4,77733,1167
420,220,438,241,0.777,hummingbird,48,detect_166.mp4,77800,1168
420,219,438,242,0.803,hummingbird,48,detect_166.mp4,77866,1169
420,219,438,242,0.791,hummingbird,48,detect_166.mp4,77933,1170
420,219,438,242,0.802,hummingbird,48,detect_166.mp4,78000,1171
419,217,438,240,0.863,hummingbird,48,detect_166.mp4,78066,1172
415,221,438,240,0.845,hummingbird,48,detect_166.mp4,78133,1173
415,221,438,240,0.837,hummingbird,48,detect_166.mp4,78200,1174
415,221,439,240,0.841,hummingbird,48,detect_166.mp4,78266,1175
415,221,438,240,0.848,hummingbird,48,detect_166.mp4,78333,1176
415,221,438,240,0.846,hummingbird,48,detect_166.mp4,78400,1177
414,222,438,240,0.847,hummingbird,48,detect_166.mp4,78466,1178
414,222,438,241,0.849,hummingbird,48,detect_166.mp4,78533,1179
414,222,438,241,0.85,hummingbird,48,detect_166.mp4,78600,1180
414,222,438,241,0.846,hummingbird,48,detect_166.mp4,78666,1181
414,222,438,241,0.852,hummingbird,48,detect_166.mp4,78733,1182
414,222,438,241,0.846,hummingbird,48,detect_166.mp4,78800,1183
414,222,438,241,0.846,hummingbird,48,detect_166.mp4,78866,1184
414,222,438,240,0.847,hummingbird,48,detect_166.mp4,78933,1185
414,222,438,240,0.849,hummingbird,48,detect_166.mp4,79000,1186
414,222,438,240,0.841,hummingbird,48,detect_166.mp4,79066,1187
414,222,438,240,0.842,hummingbird,48,detect_166.mp4,79133,1188
414,222,439,240,0.837,hummingbird,48,detect_166.mp4,79200,1189
416,221,441,239,0.798,hummingbird,48,detect_166.mp4,79266,1190
420,220,438,240,0.76,hummingbird,48,detect_166.mp4,79333,1191
420,219,439,242,0.803,hummingbird,48,detect_166.mp4,79400,1192
420,219,439,242,0.797,hummingbird,48,detect_166.mp4,79466,1193
420,220,438,242,0.788,hummingbird,48,detect_166.mp4,79533,1194
420,220,438,242,0.757,hummingbird,48,detect_166.mp4,79600,1195
420,218,438,241,0.857,hummingbird,48,detect_166.mp4,79666,1196
416,221,438,241,0.862,hummingbird,48,detect_166.mp4,79733,1197
416,221,438,241,0.857,hummingbird,48,detect_166.mp4,79800,1198
415,222,438,241,0.847,hummingbird,48,detect_166.mp4,79866,1199
414,222,438,241,0.851,hummingbird,48,detect_166.mp4,79933,1200
414,222,437,241,0.853,hummingbird,48,detect_166.mp4,80000,1201
414,221,438,241,0.852,hummingbird,48,detect_166.mp4,80066,1202
414,222,438,241,0.851,hummingbird,48,detect_166.mp4,80133,1203
414,222,438,241,0.852,hummingbird,48,detect_166.mp4,80200,1204
414,222,438,240,0.841,hummingbird,48,detect_166.mp4,80266,1205
414,222,438,240,0.844,hummingbird,48,detect_166.mp4,80333,1206
415,221,438,240,0.84,hummingbird,48,detect_166.mp4,80400,1207
414,221,438,240,0.835,hummingbird,48,detect_166.mp4,80466,1208
414,222,438,240,0.839,hummingbird,48,detect_166.mp4,80533,1209
414,222,438,240,0.843,hummingbird,48,detect_166.mp4,80600,1210
415,222,438,240,0.835,hummingbird,48,detect_166.mp4,80666,1211
414,222,438,240,0.826,hummingbird,48,detect_166.mp4,80733,1212
414,222,438,240,0.821,hummingbird,48,detect_166.mp4,80800,1213
415,222,438,240,0.821,hummingbird,48,detect_166.mp4,80866,1214
415,222,438,240,0.82,hummingbird,48,detect_166.mp4,80933,1215
414,222,438,241,0.842,hummingbird,48,detect_166.mp4,81000,1216
414,222,438,241,0.833,hummingbird,48,detect_166.mp4,81066,1217
414,222,438,241,0.832,hummingbird,48,detect_166.mp4,81133,1218
414,222,438,241,0.835,hummingbird,48,detect_166.mp4,81200,1219
414,222,438,241,0.833,hummingbird,48,detect_166.mp4,81266,1220
414,222,438,241,0.838,hummingbird,48,detect_166.mp4,81333,1221
414,222,438,241,0.849,hummingbird,48,detect_166.mp4,81400,1222
414,222,438,241,0.844,hummingbird,48,detect_166.mp4,81466,1223
414,222,439,239,0.819,hummingbird,48,detect_166.mp4,81533,1224
420,220,438,239,0.677,hummingbird,48,detect_166.mp4,81600,1225
420,219,438,241,0.755,hummingbird,48,detect_166.mp4,81666,1226
420,219,437,241,0.816,hummingbird,48,detect_166.mp4,81733,1227
420,219,438,241,0.799,hummingbird,48,detect_166.mp4,81800,1228
420,219,438,241,0.796,hummingbird,48,detect_166.mp4,81866,1229
420,219,438,242,0.801,hummingbird,48,detect_166.mp4,81933,1230
419,218,437,240,0.865,hummingbird,48,detect_166.mp4,82000,1231
416,221,437,240,0.859,hummingbird,48,detect_166.mp4,82066,1232
415,222,437,240,0.845,hummingbird,48,detect_166.mp4,82133,1233
414,221,438,240,0.825,hummingbird,48,detect_166.mp4,82200,1234
414,221,438,240,0.822,hummingbird,48,detect_166.mp4,82266,1235
414,221,438,240,0.82,hummingbird,48,detect_166.mp4,82333,1236
414,221,438,241,0.844,hummingbird,48,detect_166.mp4,82400,1237
413,222,438,241,0.839,hummingbird,48,detect_166.mp4,82466,1238
413,222,438,241,0.842,hummingbird,48,detect_166.mp4,82533,1239
413,222,439,241,0.842,hummingbird,48,detect_166.mp4,82600,1240
413,222,438,241,0.84,hummingbird,48,detect_166.mp4,82666,1241
413,222,438,241,0.841,hummingbird,48,detect_166.mp4,82733,1242
413,222,438,241,0.846,hummingbird,48,detect_166.mp4,82800,1243
413,222,438,241,0.841,hummingbird,48,detect_166.mp4,82866,1244
413,222,438,241,0.84,hummingbird,48,detect_166.mp4,82933,1245
413,222,438,241,0.841,hummingbird,48,detect_166.mp4,83000,1246
413,222,438,241,0.837,hummingbird,48,detect_166.mp4,83066,1247
413,222,438,241,0.84,hummingbird,48,detect_166.mp4,83133,1248
414,222,438,241,0.835,hummingbird,48,detect_166.mp4,83200,1249
413,222,439,241,0.833,hummingbird,48,detect_166.mp4,83266,1250
413,222,439,241,0.829,hummingbird,48,detect_166.mp4,83333,1251
414,222,438,241,0.831,hummingbird,48,detect_166.mp4,83400,1252
414,222,438,241,0.831,hummingbird,48,detect_166.mp4,83466,1253
413,222,439,241,0.828,hummingbird,48,detect_166.mp4,83533,1254
414,222,438,240,0.83,hummingbird,48,detect_166.mp4,83600,1255
414,222,438,240,0.827,hummingbird,48,detect_166.mp4,83666,1256
413,222,439,240,0.818,hummingbird,48,detect_166.mp4,83733,1257
420,221,440,240,0.694,hummingbird,48,detect_166.mp4,83800,1258
420,220,438,241,0.777,hummingbird,48,detect_166.mp4,83866,1259
420,220,437,242,0.801,hummingbird,48,detect_166.mp4,83933,1260
420,220,437,242,0.799,hummingbird,48,detect_166.mp4,84000,1261
420,220,438,242,0.798,hummingbird,48,detect_166.mp4,84066,1262
420,218,438,241,0.856,hummingbird,48,detect_166.mp4,84133,1263
415,221,439,241,0.854,hummingbird,48,detect_166.mp4,84200,1264
414,222,438,241,0.853,hummingbird,48,detect_166.mp4,84266,1265
414,222,438,240,0.845,hummingbird,48,detect_166.mp4,84333,1266
414,222,438,240,0.845,hummingbird,48,detect_166.mp4,84400,1267
414,222,438,240,0.83,hummingbird,48,detect_166.mp4,84466,1268
414,222,438,240,0.829,hummingbird,48,detect_166.mp4,84533,1269
414,222,438,240,0.83,hummingbird,48,detect_166.mp4,84600,1270
414,222,439,240,0.791,hummingbird,48,detect_166.mp4,84666,1271
420,222,440,239,0.651,hummingbird,48,detect_166.mp4,84733,1272
420,220,439,241,0.737,hummingbird,48,detect_166.mp4,84800,1273
420,220,438,241,0.769,hummingbird,48,detect_166.mp4,84866,1274
420,220,437,241,0.797,hummingbird,48,detect_166.mp4,84933,1275
420,220,438,242,0.799,hummingbird,48,detect_166.mp4,85000,1276
420,219,437,241,0.803,hummingbird,48,detect_166.mp4,85066,1277
417,221,438,241,0.872,hummingbird,48,detect_166.mp4,85133,1278
414,222,438,240,0.846,hummingbird,48,detect_166.mp4,85200,1279
414,222,438,240,0.834,hummingbird,48,detect_166.mp4,85266,1280
414,222,438,240,0.834,hummingbird,48,detect_166.mp4,85333,1281
414,222,438,240,0.834,hummingbird,48,detect_166.mp4,85400,1282
414,222,439,240,0.832,hummingbird,48,detect_166.mp4,85466,1283
414,222,439,240,0.835,hummingbird,48,detect_166.mp4,85533,1284
414,222,439,240,0.833,hummingbird,48,detect_166.mp4,85600,1285
414,222,439,240,0.832,hummingbird,48,detect_166.mp4,85666,1286
414,222,439,240,0.832,hummingbird,48,detect_166.mp4,85733,1287
414,222,439,240,0.828,hummingbird,48,detect_166.mp4,85800,1288
414,222,439,240,0.821,hummingbird,48,detect_166.mp4,85866,1289
415,222,439,240,0.82,hummingbird,48,detect_166.mp4,85933,1290
415,222,439,240,0.82,hummingbird,48,detect_166.mp4,86000,1291
415,222,439,240,0.82,hummingbird,48,detect_166.mp4,86066,1292
414,222,438,240,0.829,hummingbird,48,detect_166.mp4,86133,1293
414,222,438,240,0.83,hummingbird,48,detect_166.mp4,86200,1294
414,222,438,240,0.824,hummingbird,48,detect_166.mp4,86266,1295
414,222,439,240,0.821,hummingbird,48,detect_166.mp4,86333,1296
414,222,439,240,0.819,hummingbird,48,detect_166.mp4,86400,1297
414,222,438,241,0.836,hummingbird,48,detect_166.mp4,86466,1298
413,222,438,241,0.841,hummingbird,48,detect_166.mp4,86533,1299
413,222,438,241,0.849,hummingbird,48,detect_166.mp4,86600,1300
413,222,438,241,0.847,hummingbird,48,detect_166.mp4,86666,1301
413,222,438,241,0.845,hummingbird,48,detect_166.mp4,86733,1302
413,222,438,241,0.845,hummingbird,48,detect_166.mp4,86800,1303
414,222,438,241,0.844,hummingbird,48,detect_166.mp4,86866,1304
414,222,438,241,0.843,hummingbird,48,detect_166.mp4,86933,1305
414,222,438,241,0.833,hummingbird,48,detect_166.mp4,87000,1306
414,222,438,241,0.834,hummingbird,48,detect_166.mp4,87066,1307
414,222,438,240,0.835,hummingbird,48,detect_166.mp4,87133,1308
414,222,439,241,0.828,hummingbird,48,detect_166.mp4,87200,1309
414,222,439,241,0.826,hummingbird,48,detect_166.mp4,87266,1310
414,222,439,241,0.826,hummingbird,48,detect_166.mp4,87333,1311
414,222,439,241,0.827,hummingbird,48,detect_166.mp4,87400,1312
414,222,439,241,0.827,hummingbird,48,detect_166.mp4,87466,1313
414,222,439,241,0.827,hummingbird,48,detect_166.mp4,87533,1314
414,222,438,240,0.825,hummingbird,48,detect_166.mp4,87600,1315
414,222,438,241,0.827,hummingbird,48,detect_166.mp4,87666,1316
416,221,441,240,0.795,hummingbird,48,detect_166.mp4,87733,1317
420,221,440,241,0.699,hummingbird,48,detect_166.mp4,87800,1318
420,220,438,242,0.795,hummingbird,48,detect_166.mp4,87866,1319
420,220,438,242,0.797,hummingbird,48,detect_166.mp4,87933,1320
420,220,438,242,0.801,hummingbird,48,detect_166.mp4,88000,1321
420,220,437,242,0.806,hummingbird,48,detect_166.mp4,88066,1322
420,220,438,242,0.795,hummingbird,48,detect_166.mp4,88133,1323
420,220,438,242,0.799,hummingbird,48,detect_166.mp4,88200,1324
420,220,438,242,0.795,hummingbird,48,detect_166.mp4,88266,1325
420,220,438,242,0.792,hummingbird,48,detect_166.mp4,88333,1326
420,220,438,242,0.789,hummingbird,48,detect_166.mp4,88400,1327
420,221,439,242,0.776,hummingbird,48,detect_166.mp4,88466,1328
420,220,439,241,0.771,hummingbird,48,detect_166.mp4,88533,1329
420,221,439,241,0.77,hummingbird,48,detect_166.mp4,88600,1330
420,221,439,241,0.775,hummingbird,48,detect_166.mp4,88666,1331
420,221,438,241,0.776,hummingbird,48,detect_166.mp4,88733,1332
420,220,439,242,0.778,hummingbird,48,detect_166.mp4,88800,1333
420,220,439,242,0.772,hummingbird,48,detect_166.mp4,88866,1334
420,220,439,242,0.774,hummingbird,48,detect_166.mp4,88933,1335
420,220,439,242,0.786,hummingbird,48,detect_166.mp4,89000,1336
420,220,439,242,0.78,hummingbird,48,detect_166.mp4,89066,1337
420,221,440,241,0.692,hummingbird,48,detect_166.mp4,89133,1338
420,221,437,242,0.807,hummingbird,48,detect_166.mp4,89200,1339
420,221,438,242,0.791,hummingbird,48,detect_166.mp4,89266,1340
420,221,437,242,0.8,hummingbird,48,detect_166.mp4,89333,1341
420,221,437,242,0.804,hummingbird,48,detect_166.mp4,89400,1342
420,221,437,242,0.797,hummingbird,48,detect_166.mp4,89466,1343
423,222,444,241,0.621,hummingbird,48,detect_166.mp4,89533,1344
408,222,422,241,0.739,hummingbird,49,rec_1206.mp4,99933,1500
408,221,421,241,0.563,hummingbird,49,rec_1206.mp4,100000,1501
408,221,421,241,0.677,hummingbird,49,rec_1206.mp4,100067,1502
409,221,422,241,0.709,hummingbird,49,rec_1206.mp4,100133,1503
409,221,422,241,0.709,hummingbird,49,rec_1206.mp4,100200,1504
409,221,422,241,0.708,hummingbird,49,rec_1206.mp4,100267,1505
409,221,422,241,0.705,hummingbird,49,rec_1206.mp4,100333,1506
409,221,422,241,0.705,hummingbird,49,rec_1206.mp4,100400,1507
409,221,422,241,0.705,hummingbird,49,rec_1206.mp4,100467,1508
409,221,422,242,0.704,hummingbird,49,rec_1206.mp4,100533,1509
409,221,422,242,0.702,hummingbird,49,rec_1206.mp4,100600,1510
409,221,422,242,0.703,hummingbird,49,rec_1206.mp4,100667,1511
408,221,421,241,0.682,hummingbird,49,rec_1206.mp4,100733,1512
408,221,421,241,0.682,hummingbird,49,rec_1206.mp4,100800,1513
408,221,421,241,0.683,hummingbird,49,rec_1206.mp4,100867,1514
408,221,421,241,0.679,hummingbird,49,rec_1206.mp4,100933,1515
408,221,421,241,0.67,hummingbird,49,rec_1206.mp4,101000,1516
408,221,421,241,0.67,hummingbird,49,rec_1206.mp4,101067,1517
408,221,421,241,0.672,hummingbird,49,rec_1206.mp4,101133,1518
407,220,421,241,0.646,hummingbird,49,rec_1206.mp4,101200,1519
407,220,421,241,0.647,hummingbird,49,rec_1206.mp4,101267,1520
407,220,421,241,0.646,hummingbird,49,rec_1206.mp4,101333,1521
407,220,421,241,0.644,hummingbird,49,rec_1206.mp4,101400,1522
407,220,421,241,0.645,hummingbird,49,rec_1206.mp4,101467,1523
407,220,421,241,0.638,hummingbird,49,rec_1206.mp4,101533,1524
409,221,423,242,0.73,hummingbird,49,rec_1206.mp4,102000,1531
409,221,423,242,0.727,hummingbird,49,rec_1206.mp4,102067,1532
409,221,423,242,0.729,hummingbird,49,rec_1206.mp4,102133,1533
409,221,423,242,0.734,hummingbird,49,rec_1206.mp4,102200,1534
409,221,423,242,0.73,hummingbird,49,rec_1206.mp4,102267,1535
409,221,423,242,0.73,hummingbird,49,rec_1206.mp4,102333,1536
409,221,423,242,0.73,hummingbird,49,rec_1206.mp4,102400,1537
409,221,423,242,0.732,hummingbird,49,rec_1206.mp4,102467,1538
409,221,423,242,0.733,hummingbird,49,rec_1206.mp4,102533,1539
409,221,423,242,0.754,hummingbird,49,rec_1206.mp4,102600,1540
409,221,423,242,0.752,hummingbird,49,rec_1206.mp4,102667,1541
409,221,423,242,0.741,hummingbird,49,rec_1206.mp4,102733,1542
409,221,423,242,0.728,hummingbird,49,rec_1206.mp4,102800,1543
409,221,423,242,0.744,hummingbird,49,rec_1206.mp4,102867,1544
409,221,423,242,0.755,hummingbird,49,rec_1206.mp4,102933,1545
409,221,422,242,0.753,hummingbird,49,rec_1206.mp4,103000,1546
409,221,422,242,0.753,hummingbird,49,rec_1206.mp4,103067,1547
409,221,422,242,0.751,hummingbird,49,rec_1206.mp4,103133,1548
409,221,422,242,0.75,hummingbird,49,rec_1206.mp4,103200,1549
409,221,422,242,0.754,hummingbird,49,rec_1206.mp4,103267,1550
409,221,422,242,0.754,hummingbird,49,rec_1206.mp4,103333,1551
409,221,423,242,0.761,hummingbird,49,rec_1206.mp4,103400,1552
409,221,423,241,0.755,hummingbird,49,rec_1206.mp4,103467,1553
409,221,423,242,0.763,hummingbird,49,rec_1206.mp4,103533,1554
409,221,423,242,0.763,hummingbird,49,rec_1206.mp4,103600,1555
409,221,423,242,0.763,hummingbird,49,rec_1206.mp4,103667,1556
409,221,423,242,0.763,hummingbird,49,rec_1206.mp4,103733,1557
409,221,423,242,0.762,hummingbird,49,rec_1206.mp4,103800,1558
409,221,423,242,0.762,hummingbird,49,rec_1206.mp4,103867,1559
409,221,423,242,0.762,hummingbird,49,rec_1206.mp4,103933,1560
408,221,422,241,0.729,hummingbird,49,rec_1206.mp4,104000,1561
408,221,422,241,0.728,hummingbird,49,rec_1206.mp4,104067,1562
408,221,422,241,0.729,hummingbird,49,rec_1206.mp4,104133,1563
408,221,422,241,0.723,hummingbird,49,rec_1206.mp4,104200,1564
408,221,422,241,0.729,hummingbird,49,rec_1206.mp4,104267,1565
408,221,422,241,0.729,hummingbird,49,rec_1206.mp4,104333,1566
408,221,422,241,0.73,hummingbird,49,rec_1206.mp4,104400,1567
408,221,422,241,0.73,hummingbird,49,rec_1206.mp4,104467,1568
408,221,422,241,0.73,hummingbird,49,rec_1206.mp4,104533,1569
408,221,422,241,0.73,hummingbird,49,rec_1206.mp4,104600,1570
408,221,422,241,0.73,hummingbird,49,rec_1206.mp4,104667,1571
408,221,422,241,0.743,hummingbird,49,rec_1206.mp4,104733,1572
408,221,422,241,0.743,hummingbird,49,rec_1206.mp4,104800,1573
408,221,422,241,0.743,hummingbird,49,rec_1206.mp4,104867,1574
408,221,422,241,0.744,hummingbird,49,rec_1206.mp4,104933,1575
408,221,422,241,0.744,hummingbird,49,rec_1206.mp4,105000,1576
408,221,422,241,0.745,hummingbird,49,rec_1206.mp4,105067,1577
408,221,422,241,0.745,hummingbird,49,rec_1206.mp4,105133,1578
408,221,422,241,0.745,hummingbird,49,rec_1206.mp4,105200,1579
408,221,422,241,0.745,hummingbird,49,rec_1206.mp4,105267,1580
408,221,422,241,0.746,hummingbird,49,rec_1206.mp4,105333,1581
408,221,422,241,0.745,hummingbird,49,rec_1206.mp4,105400,1582
408,221,422,241,0.745,hummingbird,49,rec_1206.mp4,105467,1583
408,221,422,241,0.745,hummingbird,49,rec_1206.mp4,105533,1584
408,221,422,241,0.745,hummingbird,49,rec_1206.mp4,105600,1585
408,221,422,241,0.745,hummingbird,49,rec_1206.mp4,105667,1586
408,221,422,241,0.745,hummingbird,49,rec_1206.mp4,105733,1587
408,221,422,241,0.745,hummingbird,49,rec_1206.mp4,105800,1588
408,221,422,241,0.742,hummingbird,49,rec_1206.mp4,105867,1589
408,221,422,241,0.742,hummingbird,49,rec_1206.mp4,105933,1590
409,221,422,241,0.687,hummingbird,49,rec_1206.mp4,106000,1591
409,221,422,242,0.676,hummingbird,49,rec_1206.mp4,106067,1592
409,221,422,242,0.677,hummingbird,49,rec_1206.mp4,106133,1593
409,221,422,241,0.672,hummingbird,49,rec_1206.mp4,106200,1594
409,221,422,241,0.674,hummingbird,49,rec_1206.mp4,106267,1595
409,221,422,241,0.675,hummingbird,49,rec_1206.mp4,106333,1596
409,221,422,242,0.673,hummingbird,49,rec_1206.mp4,106400,1597
409,221,422,241,0.673,hummingbird,49,rec_1206.mp4,106467,1598
409,221,422,241,0.673,hummingbird,49,rec_1206.mp4,106533,1599
409,221,422,242,0.674,hummingbird,49,rec_1206.mp4,106600,1600
409,221,422,241,0.674,hummingbird,49,rec_1206.mp4,106667,1601
409,221,422,241,0.674,hummingbird,49,rec_1206.mp4,106733,1602
409,221,422,242,0.674,hummingbird,49,rec_1206.mp4,106800,1603
409,221,422,241,0.673,hummingbird,49,rec_1206.mp4,106867,1604
409,221,422,241,0.694,hummingbird,49,rec_1206.mp4,106933,1605
409,221,422,241,0.694,hummingbird,49,rec_1206.mp4,107000,1606
409,221,422,241,0.694,hummingbird,49,rec_1206.mp4,107067,1607
409,221,422,242,0.695,hummingbird,49,rec_1206.mp4,107133,1608
409,221,422,241,0.695,hummingbird,49,rec_1206.mp4,107200,1609
409,221,422,241,0.695,hummingbird,49,rec_1206.mp4,107267,1610
409,221,422,242,0.695,hummingbird,49,rec_1206.mp4,107333,1611
409,221,422,242,0.699,hummingbird,49,rec_1206.mp4,107400,1612
409,221,422,242,0.7,hummingbird,49,rec_1206.mp4,107467,1613
409,221,422,241,0.7,hummingbird,49,rec_1206.mp4,107533,1614
409,221,422,242,0.702,hummingbird,49,rec_1206.mp4,107600,1615
409,221,422,241,0.704,hummingbird,49,rec_1206.mp4,107667,1616
409,221,422,242,0.703,hummingbird,49,rec_1206.mp4,107733,1617
409,221,422,242,0.704,hummingbird,49,rec_1206.mp4,107800,1618
409,221,422,241,0.704,hummingbird,49,rec_1206.mp4,107867,1619
409,221,422,242,0.703,hummingbird,49,rec_1206.mp4,107933,1620
410,221,423,242,0.621,hummingbird,49,rec_1206.mp4,108000,1621
409,221,422,242,0.631,hummingbird,49,rec_1206.mp4,108067,1622
409,221,422,242,0.631,hummingbird,49,rec_1206.mp4,108133,1623
409,221,422,242,0.633,hummingbird,49,rec_1206.mp4,108200,1624
409,221,422,242,0.675,hummingbird,49,rec_1206.mp4,108267,1625
409,221,422,242,0.667,hummingbird,49,rec_1206.mp4,108333,1626
409,221,422,242,0.662,hummingbird,49,rec_1206.mp4,108400,1627
409,221,422,242,0.663,hummingbird,49,rec_1206.mp4,108467,1628
409,221,422,242,0.663,hummingbird,49,rec_1206.mp4,108533,1629
409,221,422,242,0.663,hummingbird,49,rec_1206.mp4,108600,1630
409,221,422,242,0.663,hummingbird,49,rec_1206.mp4,108667,1631
409,221,422,242,0.662,hummingbird,49,rec_1206.mp4,108733,1632
409,221,422,242,0.662,hummingbird,49,rec_1206.mp4,108800,1633
409,221,422,242,0.67,hummingbird,49,rec_1206.mp4,108867,1634
409,221,422,242,0.651,hummingbird,49,rec_1206.mp4,108933,1635
409,221,422,242,0.65,hummingbird,49,rec_1206.mp4,109000,1636
409,221,422,242,0.649,hummingbird,49,rec_1206.mp4,109067,1637
409,221,422,242,0.653,hummingbird,49,rec_1206.mp4,109133,1638
409,221,422,242,0.652,hummingbird,49,rec_1206.mp4,109200,1639
409,221,422,242,0.652,hummingbird,49,rec_1206.mp4,109267,1640
409,221,422,242,0.645,hummingbird,49,rec_1206.mp4,109333,1641
409,221,422,242,0.649,hummingbird,49,rec_1206.mp4,109400,1642
409,221,422,242,0.65,hummingbird,49,rec_1206.mp4,109467,1643
409,221,423,242,0.704,hummingbird,49,rec_1206.mp4,109533,1644
409,221,423,242,0.703,hummingbird,49,rec_1206.mp4,109600,1645
409,221,423,242,0.703,hummingbird,49,rec_1206.mp4,109667,1646
409,221,423,242,0.704,hummingbird,49,rec_1206.mp4,109733,1647
409,221,423,242,0.704,hummingbird,49,rec_1206.mp4,109800,1648
409,221,423,242,0.704,hummingbird,49,rec_1206.mp4,109867,1649
409,221,423,242,0.704,hummingbird,49,rec_1206.mp4,109933,1650
409,221,422,242,0.722,hummingbird,49,rec_1206.mp4,110000,1651
409,221,422,242,0.724,hummingbird,49,rec_1206.mp4,110067,1652
409,221,422,242,0.724,hummingbird,49,rec_1206.mp4,110133,1653
409,221,422,242,0.719,hummingbird,49,rec_1206.mp4,110200,1654
409,221,422,242,0.719,hummingbird,49,rec_1206.mp4,110267,1655
409,221,422,242,0.731,hummingbird,49,rec_1206.mp4,110333,1656
409,221,422,242,0.729,hummingbird,49,rec_1206.mp4,110400,1657
409,221,422,242,0.733,hummingbird,49,rec_1206.mp4,110467,1658
409,221,422,242,0.75,hummingbird,49,rec_1206.mp4,110533,1659
409,221,422,242,0.75,hummingbird,49,rec_1206.mp4,110600,1660
409,221,422,242,0.75,hummingbird,49,rec_1206.mp4,110667,1661
409,221,422,242,0.736,hummingbird,49,rec_1206.mp4,110733,1662
409,221,422,242,0.736,hummingbird,49,rec_1206.mp4,110800,1663
409,221,422,242,0.728,hummingbird,49,rec_1206.mp4,110867,1664
409,221,422,242,0.737,hummingbird,49,rec_1206.mp4,110933,1665
409,221,423,242,0.78,hummingbird,49,rec_1206.mp4,111000,1666
446,203,475,225,0.857,hummingbird,50,rec_1206.mp4,111200,1669
439,205,464,241,0.856,hummingbird,51,rec_1206.mp4,111333,1671
442,208,468,240,0.774,hummingbird,51,rec_1206.mp4,111400,1672
434,209,461,239,0.857,hummingbird,51,rec_1206.mp4,111467,1673
439,208,459,238,0.856,hummingbird,51,rec_1206.mp4,111533,1674
447,209,470,240,0.866,hummingbird,50,rec_1206.mp4,111600,1675
423,223,460,256,0.871,hummingbird,52,rec_1206.mp4,111867,1679
441,226,462,250,0.887,hummingbird,50,rec_1206.mp4,111933,1680
438,224,463,247,0.881,hummingbird,50,rec_1206.mp4,112000,1681
431,226,456,252,0.86,hummingbird,50,rec_1206.mp4,112067,1682
435,225,455,258,0.856,hummingbird,50,rec_1206.mp4,112133,1683
442,214,471,238,0.819,hummingbird,53,rec_1206.mp4,112267,1685
434,201,463,239,0.862,hummingbird,53,rec_1206.mp4,112333,1686
433,211,463,236,0.877,hummingbird,53,rec_1206.mp4,112400,1687
440,214,463,238,0.866,hummingbird,53,rec_1206.mp4,112467,1688
429,207,460,237,0.872,hummingbird,53,rec_1206.mp4,112533,1689
419,214,452,238,0.846,hummingbird,53,rec_1206.mp4,112600,1690
416,214,439,241,0.858,hummingbird,53,rec_1206.mp4,112667,1691
414,216,442,237,0.857,hummingbird,53,rec_1206.mp4,112733,1692
416,220,444,239,0.849,hummingbird,53,rec_1206.mp4,112800,1693
416,222,441,241,0.854,hummingbird,53,rec_1206.mp4,112867,1694
416,221,444,240,0.812,hummingbird,53,rec_1206.mp4,112933,1695
417,221,443,241,0.848,hummingbird,53,rec_1206.mp4,113000,1696
416,221,443,242,0.856,hummingbird,53,rec_1206.mp4,113067,1697
416,221,443,242,0.856,hummingbird,53,rec_1206.mp4,113133,1698
424,217,444,244,0.714,hummingbird,53,rec_1206.mp4,113200,1699
440,207,465,237,0.872,hummingbird,54,rec_1206.mp4,113333,1701
439,210,465,235,0.883,hummingbird,54,rec_1206.mp4,113400,1702
433,212,462,238,0.873,hummingbird,54,rec_1206.mp4,113467,1703
439,210,457,242,0.864,hummingbird,54,rec_1206.mp4,113533,1704
438,207,461,237,0.86,hummingbird,54,rec_1206.mp4,113600,1705
416,218,445,239,0.818,hummingbird,53,rec_1206.mp4,113733,1707
415,218,441,240,0.845,hummingbird,53,rec_1206.mp4,113800,1708
417,220,442,240,0.846,hummingbird,53,rec_1206.mp4,113867,1709
416,221,443,240,0.831,hummingbird,53,rec_1206.mp4,113933,1710
416,221,442,242,0.859,hummingbird,53,rec_1206.mp4,114000,1711
422,218,445,240,0.793,hummingbird,54,rec_1206.mp4,114067,1712
424,215,444,247,0.746,hummingbird,54,rec_1206.mp4,114133,1713
425,214,445,245,0.863,hummingbird,54,rec_1206.mp4,114200,1714
424,217,445,248,0.863,hummingbird,54,rec_1206.mp4,114267,1715
426,216,449,249,0.855,hummingbird,54,rec_1206.mp4,114333,1716
428,217,458,247,0.872,hummingbird,54,rec_1206.mp4,114400,1717
426,216,447,248,0.859,hummingbird,54,rec_1206.mp4,114467,1718
425,216,444,247,0.82,hummingbird,54,rec_1206.mp4,114533,1719
425,217,448,249,0.857,hummingbird,54,rec_1206.mp4,114600,1720
424,218,456,249,0.869,hummingbird,54,rec_1206.mp4,114667,1721
419,221,447,241,0.815,hummingbird,54,rec_1206.mp4,114733,1722
416,221,443,241,0.849,hummingbird,54,rec_1206.mp4,114800,1723
416,221,442,242,0.862,hummingbird,54,rec_1206.mp4,114867,1724
416,222,441,243,0.872,hummingbird,54,rec_1206.mp4,114933,1725
416,222,441,243,0.873,hummingbird,54,rec_1206.mp4,115000,1726
416,222,441,243,0.873,hummingbird,54,rec_1206.mp4,115067,1727
416,221,441,243,0.872,hummingbird,54,rec_1206.mp4,115133,1728
416,222,442,242,0.864,hummingbird,54,rec_1206.mp4,115200,1729
424,216,444,241,0.736,hummingbird,54,rec_1206.mp4,115267,1730
424,214,444,243,0.739,hummingbird,54,rec_1206.mp4,115333,1731
424,215,445,246,0.845,hummingbird,54,rec_1206.mp4,115400,1732
426,216,453,244,0.852,hummingbird,54,rec_1206.mp4,115467,1733
426,215,450,244,0.86,hummingbird,54,rec_1206.mp4,115533,1734
423,215,444,248,0.572,hummingbird,54,rec_1206.mp4,115600,1735
424,216,451,248,0.853,hummingbird,54,rec_1206.mp4,115667,1736
421,221,451,242,0.86,hummingbird,54,rec_1206.mp4,115733,1737
417,221,442,242,0.861,hummingbird,54,rec_1206.mp4,115800,1738
416,221,442,243,0.87,hummingbird,54,rec_1206.mp4,115867,1739
416,221,440,243,0.872,hummingbird,54,rec_1206.mp4,115933,1740
416,221,439,243,0.87,hummingbird,54,rec_1206.mp4,116000,1741
416,221,440,243,0.87,hummingbird,54,rec_1206.mp4,116067,1742
416,221,440,243,0.87,hummingbird,54,rec_1206.mp4,116133,1743
416,221,440,243,0.87,hummingbird,54,rec_1206.mp4,116200,1744
416,221,440,243,0.87,hummingbird,54,rec_1206.mp4,116267,1745
418,220,444,241,0.825,hummingbird,54,rec_1206.mp4,116333,1746
424,217,445,244,0.848,hummingbird,54,rec_1206.mp4,116400,1747
426,217,448,244,0.85,hummingbird,54,rec_1206.mp4,116467,1748
424,217,444,247,0.655,hummingbird,54,rec_1206.mp4,116533,1749
420,217,440,245,0.652,hummingbird,54,rec_1206.mp4,116600,1750
420,217,440,245,0.628,hummingbird,54,rec_1206.mp4,116667,1751
420,217,440,245,0.64,hummingbird,54,rec_1206.mp4,116733,1752
420,218,440,245,0.809,hummingbird,54,rec_1206.mp4,116800,1753
416,222,442,243,0.873,hummingbird,54,rec_1206.mp4,116867,1754
416,221,442,243,0.873,hummingbird,54,rec_1206.mp4,116933,1755
416,221,442,243,0.874,hummingbird,54,rec_1206.mp4,117000,1756
416,222,442,243,0.873,hummingbird,54,rec_1206.mp4,117067,1757
416,222,442,243,0.872,hummingbird,54,rec_1206.mp4,117133,1758
416,222,442,243,0.872,hummingbird,54,rec_1206.mp4,117200,1759
416,222,442,243,0.872,hummingbird,54,rec_1206.mp4,117267,1760
416,222,442,243,0.874,hummingbird,54,rec_1206.mp4,117333,1761
416,222,441,243,0.873,hummingbird,54,rec_1206.mp4,117400,1762
416,222,441,243,0.874,hummingbird,54,rec_1206.mp4,117467,1763
422,219,445,242,0.839,hummingbird,54,rec_1206.mp4,117533,1764
424,216,444,245,0.738,hummingbird,54,rec_1206.mp4,117600,1765
424,216,444,246,0.719,hummingbird,54,rec_1206.mp4,117667,1766
424,216,444,246,0.691,hummingbird,54,rec_1206.mp4,117733,1767
424,217,444,246,0.602,hummingbird,54,rec_1206.mp4,117800,1768
420,217,440,246,0.803,hummingbird,54,rec_1206.mp4,117867,1769
416,221,443,243,0.873,hummingbird,54,rec_1206.mp4,117933,1770
415,221,442,243,0.87,hummingbird,54,rec_1206.mp4,118000,1771
415,221,442,243,0.87,hummingbird,54,rec_1206.mp4,118067,1772
415,221,442,243,0.87,hummingbird,54,rec_1206.mp4,118133,1773
415,221,442,243,0.871,hummingbird,54,rec_1206.mp4,118200,1774
415,221,441,243,0.871,hummingbird,54,rec_1206.mp4,118267,1775
415,221,441,243,0.87,hummingbird,54,rec_1206.mp4,118333,1776
415,221,442,243,0.868,hummingbird,54,rec_1206.mp4,118400,1777
422,218,444,243,0.773,hummingbird,54,rec_1206.mp4,118467,1778
420,216,441,243,0.611,hummingbird,54,rec_1206.mp4,118533,1779
420,217,440,244,0.708,hummingbird,54,rec_1206.mp4,118600,1780
420,217,440,244,0.775,hummingbird,54,rec_1206.mp4,118667,1781
420,216,440,244,0.775,hummingbird,54,rec_1206.mp4,118733,1782
420,217,440,244,0.82,hummingbird,54,rec_1206.mp4,118800,1783
416,221,441,243,0.871,hummingbird,54,rec_1206.mp4,118867,1784
416,221,441,243,0.871,hummingbird,54,rec_1206.mp4,118933,1785
416,221,440,243,0.871,hummingbird,54,rec_1206.mp4,119000,1786
416,221,441,243,0.871,hummingbird,54,rec_1206.mp4,119067,1787
416,221,441,243,0.871,hummingbird,54,rec_1206.mp4,119133,1788
415,221,440,243,0.871,hummingbird,54,rec_1206.mp4,119200,1789
415,221,440,243,0.871,hummingbird,54,rec_1206.mp4,119267,1790
415,221,440,243,0.871,hummingbird,54,rec_1206.mp4,119333,1791
416,221,441,243,0.87,hummingbird,54,rec_1206.mp4,119400,1792
416,221,441,243,0.87,hummingbird,54,rec_1206.mp4,119467,1793
416,221,441,243,0.87,hummingbird,54,rec_1206.mp4,119533,1794
416,221,441,243,0.87,hummingbird,54,rec_1206.mp4,119600,1795
416,221,441,243,0.87,hummingbird,54,rec_1206.mp4,119667,1796
422,219,444,242,0.756,hummingbird,54,rec_1206.mp4,119733,1797
420,216,441,242,0.752,hummingbird,54,rec_1206.mp4,119800,1798
420,216,440,243,0.766,hummingbird,54,rec_1206.mp4,119867,1799
420,216,440,243,0.779,hummingbird,54,rec_1206.mp4,119933,1800
420,216,440,244,0.764,hummingbird,54,rec_1206.mp4,120000,1801
420,216,440,244,0.783,hummingbird,54,rec_1206.mp4,120067,1802
420,216,440,244,0.795,hummingbird,54,rec_1206.mp4,120133,1803
420,216,440,244,0.803,hummingbird,54,rec_1206.mp4,120200,1804
420,216,440,242,0.778,hummingbird,54,rec_1206.mp4,120267,1805
420,216,441,243,0.77,hummingbird,54,rec_1206.mp4,120333,1806
420,216,440,244,0.784,hummingbird,54,rec_1206.mp4,120400,1807
420,216,440,245,0.797,hummingbird,54,rec_1206.mp4,120467,1808
423,216,449,241,0.854,hummingbird,54,rec_1206.mp4,120533,1809
424,215,444,244,0.596,hummingbird,54,rec_1206.mp4,120600,1810
420,216,440,244,0.72,hummingbird,54,rec_1206.mp4,120667,1811
422,216,446,244,0.857,hummingbird,54,rec_1206.mp4,120733,1812
425,217,452,245,0.851,hummingbird,54,rec_1206.mp4,120800,1813
424,216,448,242,0.858,hummingbird,54,rec_1206.mp4,120867,1814
423,215,444,243,0.626,hummingbird,54,rec_1206.mp4,120933,1815
420,217,439,244,0.736,hummingbird,54,rec_1206.mp4,121000,1816
419,217,440,243,0.875,hummingbird,54,rec_1206.mp4,121067,1817
416,221,443,243,0.865,hummingbird,54,rec_1206.mp4,121133,1818
416,221,442,243,0.867,hummingbird,54,rec_1206.mp4,121200,1819
416,221,442,243,0.872,hummingbird,54,rec_1206.mp4,121267,1820
417,221,442,243,0.873,hummingbird,54,rec_1206.mp4,121333,1821
416,221,441,243,0.872,hummingbird,54,rec_1206.mp4,121400,1822
416,221,440,244,0.873,hummingbird,54,rec_1206.mp4,121467,1823
416,221,440,243,0.872,hummingbird,54,rec_1206.mp4,121533,1824
422,218,444,242,0.763,hummingbird,54,rec_1206.mp4,121600,1825
420,216,441,244,0.797,hummingbird,54,rec_1206.mp4,121667,1826
420,216,440,243,0.798,hummingbird,54,rec_1206.mp4,121733,1827
420,216,440,244,0.824,hummingbird,54,rec_1206.mp4,121800,1828
420,216,440,244,0.831,hummingbird,54,rec_1206.mp4,121867,1829
420,216,439,244,0.816,hummingbird,54,rec_1206.mp4,121933,1830
416,219,439,243,0.868,hummingbird,54,rec_1206.mp4,122000,1831
415,221,440,243,0.869,hummingbird,54,rec_1206.mp4,122067,1832
415,221,440,243,0.869,hummingbird,54,rec_1206.mp4,122133,1833
416,221,439,242,0.868,hummingbird,54,rec_1206.mp4,122200,1834
416,221,440,243,0.868,hummingbird,54,rec_1206.mp4,122267,1835
416,221,440,243,0.868,hummingbird,54,rec_1206.mp4,122333,1836
416,221,440,243,0.868,hummingbird,54,rec_1206.mp4,122400,1837
416,221,440,243,0.867,hummingbird,54,rec_1206.mp4,122467,1838
416,221,440,243,0.867,hummingbird,54,rec_1206.mp4,122533,1839
416,221,440,243,0.867,hummingbird,54,rec_1206.mp4,122600,1840
416,221,439,243,0.867,hummingbird,54,rec_1206.mp4,122667,1841
416,221,439,243,0.868,hummingbird,54,rec_1206.mp4,122733,1842
416,220,439,243,0.868,hummingbird,54,rec_1206.mp4,122800,1843
415,220,439,243,0.869,hummingbird,54,rec_1206.mp4,122867,1844
415,219,442,242,0.864,hummingbird,54,rec_1206.mp4,122933,1845
420,217,440,242,0.724,hummingbird,54,rec_1206.mp4,123000,1846
420,216,439,243,0.829,hummingbird,54,rec_1206.mp4,123067,1847
420,216,439,243,0.823,hummingbird,54,rec_1206.mp4,123133,1848
420,216,439,243,0.821,hummingbird,54,rec_1206.mp4,123200,1849
420,216,439,243,0.819,hummingbird,54,rec_1206.mp4,123267,1850
420,216,439,242,0.813,hummingbird,54,rec_1206.mp4,123333,1851
420,216,439,243,0.816,hummingbird,54,rec_1206.mp4,123400,1852
420,216,439,243,0.82,hummingbird,54,rec_1206.mp4,123467,1853
420,216,439,243,0.82,hummingbird,54,rec_1206.mp4,123533,1854
420,216,439,243,0.808,hummingbird,54,rec_1206.mp4,123600,1855
422,214,444,244,0.62,hummingbird,54,rec_1206.mp4,123667,1856
420,215,441,244,0.619,hummingbird,54,rec_1206.mp4,123733,1857
420,215,441,245,0.604,hummingbird,54,rec_1206.mp4,123800,1858
423,214,444,246,0.621,hummingbird,54,rec_1206.mp4,123867,1859
423,214,444,245,0.604,hummingbird,54,rec_1206.mp4,123933,1860
423,214,444,245,0.676,hummingbird,54,rec_1206.mp4,124000,1861
423,214,444,245,0.628,hummingbird,54,rec_1206.mp4,124067,1862
423,214,444,245,0.613,hummingbird,54,rec_1206.mp4,124133,1863
420,215,441,244,0.602,hummingbird,54,rec_1206.mp4,124200,1864
420,215,440,243,0.745,hummingbird,54,rec_1206.mp4,124267,1865
420,215,440,243,0.814,hummingbird,54,rec_1206.mp4,124333,1866
420,215,439,243,0.84,hummingbird,54,rec_1206.mp4,124400,1867
420,215,439,244,0.846,hummingbird,54,rec_1206.mp4,124467,1868
420,215,439,244,0.843,hummingbird,54,rec_1206.mp4,124533,1869
420,214,438,245,0.848,hummingbird,54,rec_1206.mp4,124600,1870
418,218,438,244,0.87,hummingbird,54,rec_1206.mp4,124667,1871
416,219,438,243,0.867,hummingbird,54,rec_1206.mp4,124733,1872
416,219,438,243,0.866,hummingbird,54,rec_1206.mp4,124800,1873
417,220,438,243,0.867,hummingbird,54,rec_1206.mp4,124867,1874
417,220,438,243,0.866,hummingbird,54,rec_1206.mp4,124933,1875
416,220,438,243,0.866,hummingbird,54,rec_1206.mp4,125000,1876
417,220,438,243,0.864,hummingbird,54,rec_1206.mp4,125067,1877
416,220,439,244,0.865,hummingbird,54,rec_1206.mp4,125133,1878
416,220,439,243,0.865,hummingbird,54,rec_1206.mp4,125200,1879
416,220,439,243,0.866,hummingbird,54,rec_1206.mp4,125267,1880
416,220,438,243,0.865,hummingbird,54,rec_1206.mp4,125333,1881
416,220,438,243,0.866,hummingbird,54,rec_1206.mp4,125400,1882
416,220,438,244,0.865,hummingbird,54,rec_1206.mp4,125467,1883
416,220,442,243,0.869,hummingbird,54,rec_1206.mp4,125533,1884
420,217,440,245,0.717,hummingbird,54,rec_1206.mp4,125600,1885
420,217,440,245,0.678,hummingbird,54,rec_1206.mp4,125667,1886
420,217,440,244,0.803,hummingbird,54,rec_1206.mp4,125733,1887
420,217,439,244,0.807,hummingbird,54,rec_1206.mp4,125800,1888
420,217,439,244,0.798,hummingbird,54,rec_1206.mp4,125867,1889
417,218,439,243,0.868,hummingbird,54,rec_1206.mp4,125933,1890
416,220,440,243,0.868,hummingbird,54,rec_1206.mp4,126000,1891
416,220,440,243,0.868,hummingbird,54,rec_1206.mp4,126067,1892
416,220,439,243,0.868,hummingbird,54,rec_1206.mp4,126133,1893
416,220,440,243,0.867,hummingbird,54,rec_1206.mp4,126200,1894
416,220,439,243,0.867,hummingbird,54,rec_1206.mp4,126267,1895
416,221,440,243,0.868,hummingbird,54,rec_1206.mp4,126333,1896
416,221,440,243,0.867,hummingbird,54,rec_1206.mp4,126400,1897
416,221,439,243,0.868,hummingbird,54,rec_1206.mp4,126467,1898
417,221,440,243,0.868,hummingbird,54,rec_1206.mp4,126533,1899
417,221,440,243,0.868,hummingbird,54,rec_1206.mp4,126600,1900
417,221,439,243,0.867,hummingbird,54,rec_1206.mp4,126667,1901
416,221,439,243,0.867,hummingbird,54,rec_1206.mp4,126733,1902
416,220,441,242,0.866,hummingbird,54,rec_1206.mp4,126800,1903
420,217,440,243,0.795,hummingbird,54,rec_1206.mp4,126867,1904
420,215,440,244,0.841,hummingbird,54,rec_1206.mp4,126933,1905
420,215,439,244,0.844,hummingbird,54,rec_1206.mp4,127000,1906
420,216,439,244,0.845,hummingbird,54,rec_1206.mp4,127067,1907
420,216,439,244,0.84,hummingbird,54,rec_1206.mp4,127133,1908
420,216,439,244,0.841,hummingbird,54,rec_1206.mp4,127200,1909
420,216,439,244,0.844,hummingbird,54,rec_1206.mp4,127267,1910
416,220,438,243,0.865,hummingbird,54,rec_1206.mp4,127333,1911
416,221,439,243,0.868,hummingbird,54,rec_1206.mp4,127400,1912
416,221,439,243,0.868,hummingbird,54,rec_1206.mp4,127467,1913
416,221,439,243,0.868,hummingbird,54,rec_1206.mp4,127533,1914
416,221,438,243,0.868,hummingbird,54,rec_1206.mp4,127600,1915
416,221,438,242,0.868,hummingbird,54,rec_1206.mp4,127667,1916
416,221,438,243,0.868,hummingbird,54,rec_1206.mp4,127733,1917
416,221,438,243,0.869,hummingbird,54,rec_1206.mp4,127800,1918
416,221,439,243,0.869,hummingbird,54,rec_1206.mp4,127867,1919
416,221,439,243,0.869,hummingbird,54,rec_1206.mp4,127933,1920
416,221,439,243,0.868,hummingbird,54,rec_1206.mp4,128000,1921
415,221,439,243,0.867,hummingbird,54,rec_1206.mp4,128067,1922
415,221,438,243,0.868,hummingbird,54,rec_1206.mp4,128133,1923
415,221,438,243,0.868,hummingbird,54,rec_1206.mp4,128200,1924
420,218,440,243,0.761,hummingbird,54,rec_1206.mp4,128267,1925
420,216,439,244,0.825,hummingbird,54,rec_1206.mp4,128333,1926
420,216,439,244,0.833,hummingbird,54,rec_1206.mp4,128400,1927
420,216,439,244,0.833,hummingbird,54,rec_1206.mp4,128467,1928
420,216,439,244,0.827,hummingbird,54,rec_1206.mp4,128533,1929
420,216,439,244,0.827,hummingbird,54,rec_1206.mp4,128600,1930
420,216,439,244,0.827,hummingbird,54,rec_1206.mp4,128667,1931
420,216,438,244,0.83,hummingbird,54,rec_1206.mp4,128733,1932
418,219,438,243,0.869,hummingbird,54,rec_1206.mp4,128800,1933
416,221,439,243,0.868,hummingbird,54,rec_1206.mp4,128867,1934
416,221,438,243,0.868,hummingbird,54,rec_1206.mp4,128933,1935
416,221,438,243,0.868,hummingbird,54,rec_1206.mp4,129000,1936
416,221,438,243,0.868,hummingbird,54,rec_1206.mp4,129067,1937
416,221,438,243,0.868,hummingbird,54,rec_1206.mp4,129133,1938
416,220,438,243,0.867,hummingbird,54,rec_1206.mp4,129200,1939
416,220,438,243,0.868,hummingbird,54,rec_1206.mp4,129267,1940
416,220,438,243,0.866,hummingbird,54,rec_1206.mp4,129333,1941
416,220,438,242,0.867,hummingbird,54,rec_1206.mp4,129400,1942
415,220,438,242,0.866,hummingbird,54,rec_1206.mp4,129467,1943
415,220,438,242,0.866,hummingbird,54,rec_1206.mp4,129533,1944
415,220,438,242,0.867,hummingbird,54,rec_1206.mp4,129600,1945
415,220,438,242,0.866,hummingbird,54,rec_1206.mp4,129667,1946
415,220,438,242,0.866,hummingbird,54,rec_1206.mp4,129733,1947
415,220,437,242,0.867,hummingbird,54,rec_1206.mp4,129800,1948
420,218,440,242,0.778,hummingbird,54,rec_1206.mp4,129867,1949
420,216,440,243,0.84,hummingbird,54,rec_1206.mp4,129933,1950
420,216,439,244,0.837,hummingbird,54,rec_1206.mp4,130000,1951
420,216,439,244,0.831,hummingbird,54,rec_1206.mp4,130067,1952
420,216,439,244,0.835,hummingbird,54,rec_1206.mp4,130133,1953
420,216,439,244,0.831,hummingbird,54,rec_1206.mp4,130200,1954
419,217,438,244,0.878,hummingbird,54,rec_1206.mp4,130267,1955
416,221,439,243,0.867,hummingbird,54,rec_1206.mp4,130333,1956
416,221,439,243,0.868,hummingbird,54,rec_1206.mp4,130400,1957
416,221,439,243,0.868,hummingbird,54,rec_1206.mp4,130467,1958
416,221,439,243,0.868,hummingbird,54,rec_1206.mp4,130533,1959
416,221,439,242,0.869,hummingbird,54,rec_1206.mp4,130600,1960
416,221,438,243,0.87,hummingbird,54,rec_1206.mp4,130667,1961
415,221,438,243,0.869,hummingbird,54,rec_1206.mp4,130733,1962
415,221,438,243,0.87,hummingbird,54,rec_1206.mp4,130800,1963
415,221,438,243,0.869,hummingbird,54,rec_1206.mp4,130867,1964
415,221,438,243,0.87,hummingbird,54,rec_1206.mp4,130933,1965
415,221,438,243,0.87,hummingbird,54,rec_1206.mp4,131000,1966
415,221,438,243,0.87,hummingbird,54,rec_1206.mp4,131067,1967
415,221,438,243,0.87,hummingbird,54,rec_1206.mp4,131133,1968
415,221,438,243,0.87,hummingbird,54,rec_1206.mp4,131200,1969
415,221,438,243,0.87,hummingbird,54,rec_1206.mp4,131267,1970
415,221,438,243,0.87,hummingbird,54,rec_1206.mp4,131333,1971
415,221,438,243,0.87,hummingbird,54,rec_1206.mp4,131400,1972
415,221,438,243,0.871,hummingbird,54,rec_1206.mp4,131467,1973
415,221,438,243,0.871,hummingbird,54,rec_1206.mp4,131533,1974
416,221,439,243,0.871,hummingbird,54,rec_1206.mp4,131600,1975
416,221,438,243,0.87,hummingbird,54,rec_1206.mp4,131667,1976
416,220,439,243,0.87,hummingbird,54,rec_1206.mp4,131733,1977
420,217,440,243,0.783,hummingbird,54,rec_1206.mp4,131800,1978
420,215,440,244,0.834,hummingbird,54,rec_1206.mp4,131867,1979
420,215,439,244,0.843,hummingbird,54,rec_1206.mp4,131933,1980
420,216,439,244,0.837,hummingbird,54,rec_1206.mp4,132000,1981
420,216,439,244,0.837,hummingbird,54,rec_1206.mp4,132067,1982
420,216,439,244,0.842,hummingbird,54,rec_1206.mp4,132133,1983
420,216,438,244,0.844,hummingbird,54,rec_1206.mp4,132200,1984
417,218,438,243,0.868,hummingbird,54,rec_1206.mp4,132267,1985
415,221,438,243,0.868,hummingbird,54,rec_1206.mp4,132333,1986
415,221,438,243,0.871,hummingbird,54,rec_1206.mp4,132400,1987
415,221,438,243,0.871,hummingbird,54,rec_1206.mp4,132467,1988
415,221,438,242,0.87,hummingbird,54,rec_1206.mp4,132533,1989
415,221,438,242,0.869,hummingbird,54,rec_1206.mp4,132600,1990
415,221,438,242,0.869,hummingbird,54,rec_1206.mp4,132667,1991
415,221,438,242,0.868,hummingbird,54,rec_1206.mp4,132733,1992
415,221,438,242,0.868,hummingbird,54,rec_1206.mp4,132800,1993
416,221,439,243,0.869,hummingbird,54,rec_1206.mp4,132867,1994
416,221,439,243,0.869,hummingbird,54,rec_1206.mp4,132933,1995
416,221,439,243,0.869,hummingbird,54,rec_1206.mp4,133000,1996
416,221,439,243,0.868,hummingbird,54,rec_1206.mp4,133067,1997
416,221,439,243,0.868,hummingbird,54,rec_1206.mp4,133134,1998
416,221,440,243,0.868,hummingbird,54,rec_1206.mp4,133200,1999
420,218,440,243,0.766,hummingbird,54,rec_1206.mp4,133267,2000
420,217,439,243,0.812,hummingbird,54,rec_1206.mp4,133334,2001
420,217,439,243,0.823,hummingbird,54,rec_1206.mp4,133400,2002
420,217,439,243,0.816,hummingbird,54,rec_1206.mp4,133467,2003
420,217,439,244,0.816,hummingbird,54,rec_1206.mp4,133534,2004
420,217,438,244,0.818,hummingbird,54,rec_1206.mp4,133600,2005
420,217,438,244,0.819,hummingbird,54,rec_1206.mp4,133667,2006
420,217,438,244,0.822,hummingbird,54,rec_1206.mp4,133734,2007
420,217,438,244,0.821,hummingbird,54,rec_1206.mp4,133800,2008
420,217,439,243,0.818,hummingbird,54,rec_1206.mp4,133867,2009
419,217,438,244,0.879,hummingbird,54,rec_1206.mp4,133934,2010
416,219,437,243,0.864,hummingbird,54,rec_1206.mp4,134000,2011
416,220,437,242,0.867,hummingbird,54,rec_1206.mp4,134067,2012
416,220,438,243,0.867,hummingbird,54,rec_1206.mp4,134134,2013
416,220,438,243,0.866,hummingbird,54,rec_1206.mp4,134200,2014
416,221,438,243,0.866,hummingbird,54,rec_1206.mp4,134267,2015
416,221,438,243,0.867,hummingbird,54,rec_1206.mp4,134334,2016
416,220,438,242,0.867,hummingbird,54,rec_1206.mp4,134400,2017
416,220,438,242,0.867,hummingbird,54,rec_1206.mp4,134467,2018
416,221,438,243,0.867,hummingbird,54,rec_1206.mp4,134534,2019
416,220,438,243,0.867,hummingbird,54,rec_1206.mp4,134600,2020
416,220,438,243,0.867,hummingbird,54,rec_1206.mp4,134667,2021
416,220,438,243,0.867,hummingbird,54,rec_1206.mp4,134734,2022
415,220,438,243,0.868,hummingbird,54,rec_1206.mp4,134800,2023
415,220,438,243,0.868,hummingbird,54,rec_1206.mp4,134867,2024
420,218,440,243,0.795,hummingbird,54,rec_1206.mp4,134934,2025
420,216,439,242,0.819,hummingbird,54,rec_1206.mp4,135000,2026
420,216,439,243,0.825,hummingbird,54,rec_1206.mp4,135067,2027
420,216,439,243,0.827,hummingbird,54,rec_1206.mp4,135134,2028
420,216,439,243,0.822,hummingbird,54,rec_1206.mp4,135200,2029
420,216,439,243,0.821,hummingbird,54,rec_1206.mp4,135267,2030
420,217,439,243,0.82,hummingbird,54,rec_1206.mp4,135334,2031
420,217,439,244,0.82,hummingbird,54,rec_1206.mp4,135400,2032
420,216,439,243,0.827,hummingbird,54,rec_1206.mp4,135467,2033
420,216,440,244,0.829,hummingbird,54,rec_1206.mp4,135534,2034
422,216,444,242,0.708,hummingbird,54,rec_1206.mp4,135600,2035
427,206,446,242,0.833,hummingbird,54,rec_1206.mp4,135667,2036
421,208,457,236,0.848,hummingbird,54,rec_1206.mp4,135734,2037
436,201,458,226,0.861,hummingbird,55,rec_1206.mp4,135867,2039
428,202,455,233,0.855,hummingbird,54,rec_1206.mp4,135934,2040
438,198,469,234,0.859,hummingbird,55,rec_1206.mp4,136000,2041
438,196,468,217,0.851,hummingbird,55,rec_1206.mp4,136067,2042
436,200,459,228,0.861,hummingbird,54,rec_1206.mp4,136134,2043
427,202,457,236,0.861,hummingbird,54,rec_1206.mp4,136200,2044
429,201,462,227,0.874,hummingbird,54,rec_1206.mp4,136267,2045
438,197,464,225,0.873,hummingbird,54,rec_1206.mp4,136334,2046
449,196,473,229,0.861,hummingbird,55,rec_1206.mp4,136400,2047
447,196,470,218,0.864,hummingbird,55,rec_1206.mp4,136467,2048
442,196,468,219,0.767,hummingbird,54,rec_1206.mp4,136534,2049
438,198,466,227,0.81,hummingbird,54,rec_1206.mp4,136600,2050
442,196,472,218,0.852,hummingbird,54,rec_1206.mp4,136667,2051
440,197,474,232,0.826,hummingbird,54,rec_1206.mp4,136734,2052
408,221,423,243,0.814,hummingbird,56,rec_1206.mp4,146067,2192
409,221,423,243,0.817,hummingbird,56,rec_1206.mp4,146134,2193
409,221,423,243,0.817,hummingbird,56,rec_1206.mp4,146200,2194
409,221,423,243,0.817,hummingbird,56,rec_1206.mp4,146267,2195
408,221,423,243,0.817,hummingbird,56,rec_1206.mp4,146334,2196
409,221,423,243,0.8,hummingbird,56,rec_1206.mp4,146400,2197
409,221,423,243,0.8,hummingbird,56,rec_1206.mp4,146467,2198
409,221,423,243,0.798,hummingbird,56,rec_1206.mp4,146534,2199
409,221,423,243,0.798,hummingbird,56,rec_1206.mp4,146600,2200
409,221,423,243,0.798,hummingbird,56,rec_1206.mp4,146667,2201
409,221,423,243,0.799,hummingbird,56,rec_1206.mp4,146734,2202
409,221,424,243,0.802,hummingbird,56,rec_1206.mp4,146800,2203
409,221,424,243,0.802,hummingbird,56,rec_1206.mp4,146867,2204
409,221,424,243,0.802,hummingbird,56,rec_1206.mp4,146934,2205
409,221,424,243,0.802,hummingbird,56,rec_1206.mp4,147000,2206
408,221,423,242,0.8,hummingbird,56,rec_1206.mp4,147067,2207
408,221,423,243,0.801,hummingbird,56,rec_1206.mp4,147134,2208
408,221,423,243,0.802,hummingbird,56,rec_1206.mp4,147200,2209
408,221,423,243,0.802,hummingbird,56,rec_1206.mp4,147267,2210
408,221,423,243,0.802,hummingbird,56,rec_1206.mp4,147334,2211
409,221,423,243,0.792,hummingbird,56,rec_1206.mp4,147400,2212
409,221,423,242,0.792,hummingbird,56,rec_1206.mp4,147467,2213
409,221,423,242,0.79,hummingbird,56,rec_1206.mp4,147534,2214
409,221,423,242,0.789,hummingbird,56,rec_1206.mp4,147600,2215
409,221,423,242,0.788,hummingbird,56,rec_1206.mp4,147667,2216
409,221,423,242,0.788,hummingbird,56,rec_1206.mp4,147734,2217
409,221,423,242,0.788,hummingbird,56,rec_1206.mp4,147800,2218
409,221,423,242,0.788,hummingbird,56,rec_1206.mp4,147867,2219
409,221,423,242,0.788,hummingbird,56,rec_1206.mp4,147934,2220
408,221,422,242,0.767,hummingbird,56,rec_1206.mp4,148000,2221
408,221,422,242,0.768,hummingbird,56,rec_1206.mp4,148067,2222
408,221,422,242,0.776,hummingbird,56,rec_1206.mp4,148134,2223
408,221,422,242,0.784,hummingbird,56,rec_1206.mp4,148200,2224
408,221,422,242,0.782,hummingbird,56,rec_1206.mp4,148267,2225
408,221,422,242,0.783,hummingbird,56,rec_1206.mp4,148334,2226
408,221,422,242,0.783,hummingbird,56,rec_1206.mp4,148400,2227
408,221,422,242,0.783,hummingbird,56,rec_1206.mp4,148467,2228
408,221,422,242,0.782,hummingbird,56,rec_1206.mp4,148534,2229
408,221,422,242,0.782,hummingbird,56,rec_1206.mp4,148600,2230
408,221,422,242,0.783,hummingbird,56,rec_1206.mp4,148667,2231
408,221,422,242,0.783,hummingbird,56,rec_1206.mp4,148734,2232
408,221,422,242,0.786,hummingbird,56,rec_1206.mp4,148800,2233
408,221,422,242,0.783,hummingbird,56,rec_1206.mp4,148867,2234
408,221,422,242,0.781,hummingbird,56,rec_1206.mp4,148934,2235
408,221,422,242,0.778,hummingbird,56,rec_1206.mp4,149000,2236
408,221,422,242,0.778,hummingbird,56,rec_1206.mp4,149067,2237
408,221,423,242,0.776,hummingbird,56,rec_1206.mp4,149134,2238
408,221,423,242,0.778,hummingbird,56,rec_1206.mp4,149200,2239
408,221,423,242,0.777,hummingbird,56,rec_1206.mp4,149267,2240
408,221,423,242,0.778,hummingbird,56,rec_1206.mp4,149334,2241
408,221,423,242,0.778,hummingbird,56,rec_1206.mp4,149400,2242
408,221,423,242,0.778,hummingbird,56,rec_1206.mp4,149467,2243
408,221,425,242,0.781,hummingbird,56,rec_1206.mp4,149534,2244
408,221,424,242,0.78,hummingbird,56,rec_1206.mp4,149600,2245
409,221,424,242,0.789,hummingbird,56,rec_1206.mp4,149667,2246
409,221,424,242,0.789,hummingbird,56,rec_1206.mp4,149734,2247
410,221,426,243,0.818,hummingbird,56,rec_1206.mp4,149800,2248
410,221,426,243,0.817,hummingbird,56,rec_1206.mp4,149867,2249
409,221,424,243,0.803,hummingbird,56,rec_1206.mp4,149934,2250
409,222,423,243,0.751,hummingbird,56,rec_1206.mp4,150000,2251
408,221,422,242,0.699,hummingbird,56,rec_1206.mp4,150067,2252
408,221,422,241,0.753,hummingbird,56,rec_1206.mp4,150134,2253
408,221,422,242,0.784,hummingbird,56,rec_1206.mp4,150200,2254
409,221,422,241,0.753,hummingbird,56,rec_1206.mp4,150267,2255
408,221,422,241,0.763,hummingbird,56,rec_1206.mp4,150334,2256
408,221,422,241,0.76,hummingbird,56,rec_1206.mp4,150400,2257
409,221,422,241,0.764,hummingbird,56,rec_1206.mp4,150467,2258
408,221,422,241,0.583,hummingbird,56,rec_1206.mp4,150534,2259
408,221,422,242,0.76,hummingbird,56,rec_1206.mp4,150600,2260
408,221,422,241,0.757,hummingbird,56,rec_1206.mp4,150667,2261
408,221,422,241,0.755,hummingbird,56,rec_1206.mp4,150734,2262
408,221,422,242,0.752,hummingbird,56,rec_1206.mp4,150800,2263
408,221,422,242,0.752,hummingbird,56,rec_1206.mp4,150867,2264
408,221,422,242,0.772,hummingbird,56,rec_1206.mp4,150934,2265
408,221,421,241,0.768,hummingbird,56,rec_1206.mp4,151000,2266
408,221,421,241,0.768,hummingbird,56,rec_1206.mp4,151067,2267
408,221,421,241,0.768,hummingbird,56,rec_1206.mp4,151134,2268
408,221,421,241,0.756,hummingbird,56,rec_1206.mp4,151200,2269
408,221,421,241,0.756,hummingbird,56,rec_1206.mp4,151267,2270
408,221,421,241,0.756,hummingbird,56,rec_1206.mp4,151334,2271
408,221,421,241,0.742,hummingbird,56,rec_1206.mp4,151400,2272
408,221,421,241,0.741,hummingbird,56,rec_1206.mp4,151467,2273
408,221,421,241,0.759,hummingbird,56,rec_1206.mp4,151534,2274
408,221,421,241,0.76,hummingbird,56,rec_1206.mp4,151600,2275
408,221,421,241,0.761,hummingbird,56,rec_1206.mp4,151667,2276
408,221,422,242,0.757,hummingbird,56,rec_1206.mp4,151734,2277
408,221,422,241,0.758,hummingbird,56,rec_1206.mp4,151800,2278
408,221,422,241,0.758,hummingbird,56,rec_1206.mp4,151867,2279
408,221,422,241,0.756,hummingbird,56,rec_1206.mp4,151934,2280
408,221,422,242,0.774,hummingbird,56,rec_1206.mp4,152000,2281
408,221,422,242,0.774,hummingbird,56,rec_1206.mp4,152067,2282
408,221,422,242,0.774,hummingbird,56,rec_1206.mp4,152134,2283
408,221,422,242,0.773,hummingbird,56,rec_1206.mp4,152200,2284
408,221,422,242,0.77,hummingbird,56,rec_1206.mp4,152267,2285
408,221,422,242,0.77,hummingbird,56,rec_1206.mp4,152334,2286
408,221,422,242,0.768,hummingbird,56,rec_1206.mp4,152400,2287
408,221,422,242,0.769,hummingbird,56,rec_1206.mp4,152467,2288
408,221,422,242,0.769,hummingbird,56,rec_1206.mp4,152534,2289
408,221,422,242,0.771,hummingbird,56,rec_1206.mp4,152600,2290
408,221,422,242,0.77,hummingbird,56,rec_1206.mp4,152667,2291
408,221,422,242,0.774,hummingbird,56,rec_1206.mp4,152734,2292
408,221,422,242,0.774,hummingbird,56,rec_1206.mp4,152800,2293
408,221,422,242,0.774,hummingbird,56,rec_1206.mp4,152867,2294
408,221,422,242,0.771,hummingbird,56,rec_1206.mp4,152934,2295
408,221,422,242,0.771,hummingbird,56,rec_1206.mp4,153000,2296
408,221,422,242,0.763,hummingbird,56,rec_1206.mp4,153067,2297
408,221,422,242,0.763,hummingbird,56,rec_1206.mp4,153134,2298
408,221,422,242,0.763,hummingbird,56,rec_1206.mp4,153200,2299
408,221,422,242,0.775,hummingbird,56,rec_1206.mp4,153267,2300
408,221,422,242,0.775,hummingbird,56,rec_1206.mp4,153334,2301
408,221,422,242,0.775,hummingbird,56,rec_1206.mp4,153400,2302
408,221,422,242,0.775,hummingbird,56,rec_1206.mp4,153467,2303
408,221,422,242,0.774,hummingbird,56,rec_1206.mp4,153534,2304
408,221,422,242,0.769,hummingbird,56,rec_1206.mp4,153600,2305
408,221,422,242,0.769,hummingbird,56,rec_1206.mp4,153667,2306
408,221,422,242,0.769,hummingbird,56,rec_1206.mp4,153734,2307
408,221,422,242,0.769,hummingbird,56,rec_1206.mp4,153800,2308
408,221,422,242,0.769,hummingbird,56,rec_1206.mp4,153867,2309
408,221,422,242,0.769,hummingbird,56,rec_1206.mp4,153934,2310
409,221,422,242,0.774,hummingbird,56,rec_1206.mp4,154000,2311
408,221,422,242,0.774,hummingbird,56,rec_1206.mp4,154067,2312
408,221,422,242,0.774,hummingbird,56,rec_1206.mp4,154134,2313
409,221,422,242,0.774,hummingbird,56,rec_1206.mp4,154200,2314
409,221,422,242,0.766,hummingbird,56,rec_1206.mp4,154267,2315
409,221,422,242,0.767,hummingbird,56,rec_1206.mp4,154334,2316
409,221,423,242,0.77,hummingbird,56,rec_1206.mp4,154400,2317
409,221,423,242,0.771,hummingbird,56,rec_1206.mp4,154467,2318
409,221,423,242,0.769,hummingbird,56,rec_1206.mp4,154534,2319
409,221,423,242,0.769,hummingbird,56,rec_1206.mp4,154600,2320
409,221,423,242,0.772,hummingbird,56,rec_1206.mp4,154667,2321
409,221,423,242,0.772,hummingbird,56,rec_1206.mp4,154734,2322
409,221,422,242,0.768,hummingbird,56,rec_1206.mp4,154800,2323
409,221,422,242,0.768,hummingbird,56,rec_1206.mp4,154867,2324
409,221,422,242,0.768,hummingbird,56,rec_1206.mp4,154934,2325
409,221,422,242,0.774,hummingbird,56,rec_1206.mp4,155000,2326
409,221,422,242,0.774,hummingbird,56,rec_1206.mp4,155067,2327
408,221,422,242,0.775,hummingbird,56,rec_1206.mp4,155134,2328
409,221,422,242,0.773,hummingbird,56,rec_1206.mp4,155200,2329
409,221,422,242,0.774,hummingbird,56,rec_1206.mp4,155267,2330
409,221,422,242,0.773,hummingbird,56,rec_1206.mp4,155334,2331
409,221,422,242,0.774,hummingbird,56,rec_1206.mp4,155400,2332
409,221,422,242,0.773,hummingbird,56,rec_1206.mp4,155467,2333
409,221,422,242,0.773,hummingbird,56,rec_1206.mp4,155534,2334
409,221,422,242,0.76,hummingbird,56,rec_1206.mp4,155600,2335
409,221,422,242,0.76,hummingbird,56,rec_1206.mp4,155667,2336
409,221,423,242,0.757,hummingbird,56,rec_1206.mp4,155734,2337
409,221,423,242,0.757,hummingbird,56,rec_1206.mp4,155800,2338
409,221,423,242,0.757,hummingbird,56,rec_1206.mp4,155867,2339
409,221,423,242,0.757,hummingbird,56,rec_1206.mp4,155934,2340
408,221,421,241,0.764,hummingbird,56,rec_1206.mp4,156000,2341
408,221,421,241,0.763,hummingbird,56,rec_1206.mp4,156067,2342
408,221,421,241,0.759,hummingbird,56,rec_1206.mp4,156134,2343
408,221,421,241,0.758,hummingbird,56,rec_1206.mp4,156200,2344
408,221,421,241,0.76,hummingbird,56,rec_1206.mp4,156267,2345
408,221,421,241,0.76,hummingbird,56,rec_1206.mp4,156334,2346
408,221,421,241,0.768,hummingbird,56,rec_1206.mp4,156400,2347
408,221,422,241,0.769,hummingbird,56,rec_1206.mp4,156467,2348
408,221,422,241,0.768,hummingbird,56,rec_1206.mp4,156534,2349
408,221,422,242,0.765,hummingbird,56,rec_1206.mp4,156600,2350
408,221,422,242,0.765,hummingbird,56,rec_1206.mp4,156667,2351
408,221,422,242,0.765,hummingbird,56,rec_1206.mp4,156734,2352
408,221,422,242,0.765,hummingbird,56,rec_1206.mp4,156800,2353
408,221,422,242,0.765,hummingbird,56,rec_1206.mp4,156867,2354
408,221,422,242,0.765,hummingbird,56,rec_1206.mp4,156934,2355
408,221,422,242,0.765,hummingbird,56,rec_1206.mp4,157000,2356
408,221,422,242,0.765,hummingbird,56,rec_1206.mp4,157067,2357
408,221,422,242,0.765,hummingbird,56,rec_1206.mp4,157134,2358
408,221,421,241,0.761,hummingbird,56,rec_1206.mp4,157200,2359
408,221,422,241,0.752,hummingbird,56,rec_1206.mp4,157267,2360
408,221,422,241,0.752,hummingbird,56,rec_1206.mp4,157334,2361
408,221,422,241,0.752,hummingbird,56,rec_1206.mp4,157400,2362
408,221,422,241,0.752,hummingbird,56,rec_1206.mp4,157467,2363
408,221,422,241,0.752,hummingbird,56,rec_1206.mp4,157534,2364
408,221,421,241,0.742,hummingbird,56,rec_1206.mp4,157600,2365
408,221,422,241,0.744,hummingbird,56,rec_1206.mp4,157667,2366
408,221,422,241,0.744,hummingbird,56,rec_1206.mp4,157734,2367
408,221,422,241,0.744,hummingbird,56,rec_1206.mp4,157800,2368
409,221,422,241,0.745,hummingbird,56,rec_1206.mp4,157867,2369
409,221,422,241,0.745,hummingbird,56,rec_1206.mp4,157934,2370
408,221,421,242,0.788,hummingbird,56,rec_1206.mp4,158000,2371
407,221,421,241,0.775,hummingbird,56,rec_1206.mp4,158067,2372
407,221,421,241,0.772,hummingbird,56,rec_1206.mp4,158134,2373
408,221,421,242,0.784,hummingbird,56,rec_1206.mp4,158200,2374
408,221,421,242,0.766,hummingbird,56,rec_1206.mp4,158267,2375
408,221,421,241,0.766,hummingbird,56,rec_1206.mp4,158334,2376
408,221,421,241,0.766,hummingbird,56,rec_1206.mp4,158400,2377
408,221,421,242,0.766,hummingbird,56,rec_1206.mp4,158467,2378
408,221,421,242,0.766,hummingbird,56,rec_1206.mp4,158534,2379
408,221,421,242,0.765,hummingbird,56,rec_1206.mp4,158600,2380
408,221,421,241,0.765,hummingbird,56,rec_1206.mp4,158667,2381
408,221,421,241,0.763,hummingbird,56,rec_1206.mp4,158734,2382
408,221,421,242,0.764,hummingbird,56,rec_1206.mp4,158800,2383
408,221,421,242,0.764,hummingbird,56,rec_1206.mp4,158867,2384
407,221,421,241,0.75,hummingbird,56,rec_1206.mp4,158934,2385
407,221,421,241,0.75,hummingbird,56,rec_1206.mp4,159000,2386
407,221,421,241,0.752,hummingbird,56,rec_1206.mp4,159067,2387
407,221,421,241,0.751,hummingbird,56,rec_1206.mp4,159134,2388
408,221,421,242,0.775,hummingbird,56,rec_1206.mp4,159200,2389
408,221,421,241,0.775,hummingbird,56,rec_1206.mp4,159267,2390
408,221,421,241,0.777,hummingbird,56,rec_1206.mp4,159334,2391
408,221,421,241,0.777,hummingbird,56,rec_1206.mp4,159400,2392
408,221,421,241,0.777,hummingbird,56,rec_1206.mp4,159467,2393
408,221,421,242,0.777,hummingbird,56,rec_1206.mp4,159534,2394
408,221,421,242,0.77,hummingbird,56,rec_1206.mp4,159600,2395
408,221,421,242,0.77,hummingbird,56,rec_1206.mp4,159667,2396
408,221,421,242,0.769,hummingbird,56,rec_1206.mp4,159734,2397
408,221,421,242,0.769,hummingbird,56,rec_1206.mp4,159800,2398
408,221,421,242,0.77,hummingbird,56,rec_1206.mp4,159867,2399
408,221,421,242,0.77,hummingbird,56,rec_1206.mp4,159934,2400
408,221,422,242,0.775,hummingbird,56,rec_1206.mp4,160000,2401
408,221,422,242,0.775,hummingbird,56,rec_1206.mp4,160067,2402
408,221,422,242,0.77,hummingbird,56,rec_1206.mp4,160134,2403
408,221,422,242,0.77,hummingbird,56,rec_1206.mp4,160200,2404
408,221,422,241,0.763,hummingbird,56,rec_1206.mp4,160267,2405
408,221,422,241,0.763,hummingbird,56,rec_1206.mp4,160334,2406
408,221,422,241,0.763,hummingbird,56,rec_1206.mp4,160400,2407
408,221,422,241,0.763,hummingbird,56,rec_1206.mp4,160467,2408
408,221,422,242,0.765,hummingbird,56,rec_1206.mp4,160534,2409
408,221,422,242,0.765,hummingbird,56,rec_1206.mp4,160600,2410
408,221,422,242,0.765,hummingbird,56,rec_1206.mp4,160667,2411
408,221,422,241,0.763,hummingbird,56,rec_1206.mp4,160734,2412
408,221,422,241,0.763,hummingbird,56,rec_1206.mp4,160800,2413
408,221,422,241,0.764,hummingbird,56,rec_1206.mp4,160867,2414
408,221,422,242,0.768,hummingbird,56,rec_1206.mp4,160934,2415
408,221,422,242,0.768,hummingbird,56,rec_1206.mp4,161000,2416
408,221,422,242,0.769,hummingbird,56,rec_1206.mp4,161067,2417
408,221,422,241,0.774,hummingbird,56,rec_1206.mp4,161134,2418
408,221,422,241,0.774,hummingbird,56,rec_1206.mp4,161200,2419
408,221,422,241,0.774,hummingbird,56,rec_1206.mp4,161267,2420
408,221,422,241,0.774,hummingbird,56,rec_1206.mp4,161334,2421
408,221,422,241,0.776,hummingbird,56,rec_1206.mp4,161400,2422
408,221,422,242,0.77,hummingbird,56,rec_1206.mp4,161467,2423
408,221,422,242,0.77,hummingbird,56,rec_1206.mp4,161534,2424
408,221,422,241,0.77,hummingbird,56,rec_1206.mp4,161600,2425
408,221,422,242,0.771,hummingbird,56,rec_1206.mp4,161667,2426
408,221,422,241,0.761,hummingbird,56,rec_1206.mp4,161734,2427
408,221,422,241,0.761,hummingbird,56,rec_1206.mp4,161800,2428
408,221,422,241,0.761,hummingbird,56,rec_1206.mp4,161867,2429
408,221,422,241,0.761,hummingbird,56,rec_1206.mp4,161934,2430
409,221,422,242,0.756,hummingbird,56,rec_1206.mp4,162000,2431
409,221,422,242,0.743,hummingbird,56,rec_1206.mp4,162067,2432
409,221,422,242,0.744,hummingbird,56,rec_1206.mp4,162134,2433
409,221,422,242,0.742,hummingbird,56,rec_1206.mp4,162200,2434
409,221,422,242,0.742,hummingbird,56,rec_1206.mp4,162267,2435
409,221,422,242,0.741,hummingbird,56,rec_1206.mp4,162334,2436
409,221,423,242,0.749,hummingbird,56,rec_1206.mp4,162400,2437
409,221,422,242,0.747,hummingbird,56,rec_1206.mp4,162467,2438
409,221,422,242,0.749,hummingbird,56,rec_1206.mp4,162534,2439
409,221,422,242,0.749,hummingbird,56,rec_1206.mp4,162600,2440
409,221,422,242,0.748,hummingbird,56,rec_1206.mp4,162667,2441
409,221,422,242,0.751,hummingbird,56,rec_1206.mp4,162734,2442
409,221,422,242,0.751,hummingbird,56,rec_1206.mp4,162800,2443
409,221,422,242,0.751,hummingbird,56,rec_1206.mp4,162867,2444
409,221,422,242,0.743,hummingbird,56,rec_1206.mp4,162934,2445
408,221,422,242,0.75,hummingbird,56,rec_1206.mp4,163000,2446
408,221,422,242,0.75,hummingbird,56,rec_1206.mp4,163067,2447
408,221,421,241,0.745,hummingbird,56,rec_1206.mp4,163134,2448
408,221,421,241,0.745,hummingbird,56,rec_1206.mp4,163200,2449
408,221,421,241,0.745,hummingbird,56,rec_1206.mp4,163267,2450
408,221,421,241,0.745,hummingbird,56,rec_1206.mp4,163334,2451
408,221,421,241,0.745,hummingbird,56,rec_1206.mp4,163400,2452
408,221,421,241,0.745,hummingbird,56,rec_1206.mp4,163467,2453
408,221,421,241,0.745,hummingbird,56,rec_1206.mp4,163534,2454
408,221,421,241,0.745,hummingbird,56,rec_1206.mp4,163600,2455
408,220,422,241,0.734,hummingbird,56,rec_1206.mp4,163667,2456
408,220,422,241,0.734,hummingbird,56,rec_1206.mp4,163734,2457
408,221,422,242,0.743,hummingbird,56,rec_1206.mp4,163800,2458
408,221,422,242,0.753,hummingbird,56,rec_1206.mp4,163867,2459
408,221,422,242,0.754,hummingbird,56,rec_1206.mp4,163934,2460
408,221,422,242,0.757,hummingbird,56,rec_1206.mp4,164000,2461
409,221,422,242,0.757,hummingbird,56,rec_1206.mp4,164067,2462
408,221,422,242,0.76,hummingbird,56,rec_1206.mp4,164134,2463
408,221,422,242,0.759,hummingbird,56,rec_1206.mp4,164200,2464
409,221,422,242,0.764,hummingbird,56,rec_1206.mp4,164267,2465
408,221,422,242,0.759,hummingbird,56,rec_1206.mp4,164334,2466
408,221,422,242,0.76,hummingbird,56,rec_1206.mp4,164400,2467
408,221,422,242,0.765,hummingbird,56,rec_1206.mp4,164467,2468
408,221,422,242,0.765,hummingbird,56,rec_1206.mp4,164534,2469
408,221,422,242,0.764,hummingbird,56,rec_1206.mp4,164600,2470
408,221,422,242,0.764,hummingbird,56,rec_1206.mp4,164667,2471
408,221,422,242,0.77,hummingbird,56,rec_1206.mp4,164734,2472
408,221,422,242,0.77,hummingbird,56,rec_1206.mp4,164800,2473
408,221,422,242,0.772,hummingbird,56,rec_1206.mp4,164867,2474
408,221,422,242,0.766,hummingbird,56,rec_1206.mp4,164934,2475
408,221,422,242,0.766,hummingbird,56,rec_1206.mp4,165000,2476
408,221,422,242,0.766,hummingbird,56,rec_1206.mp4,165067,2477
408,221,422,242,0.766,hummingbird,56,rec_1206.mp4,165134,2478
408,221,422,242,0.767,hummingbird,56,rec_1206.mp4,165200,2479
408,221,422,242,0.766,hummingbird,56,rec_1206.mp4,165267,2480
408,221,422,242,0.766,hummingbird,56,rec_1206.mp4,165334,2481
408,221,422,242,0.766,hummingbird,56,rec_1206.mp4,165400,2482
408,221,422,242,0.766,hummingbird,56,rec_1206.mp4,165467,2483
408,221,422,242,0.766,hummingbird,56,rec_1206.mp4,165534,2484
408,221,422,242,0.766,hummingbird,56,rec_1206.mp4,165600,2485
408,221,422,242,0.763,hummingbird,56,rec_1206.mp4,165667,2486
409,221,422,242,0.759,hummingbird,56,rec_1206.mp4,165734,2487
409,221,422,242,0.767,hummingbird,56,rec_1206.mp4,165800,2488
409,221,422,242,0.767,hummingbird,56,rec_1206.mp4,165867,2489
409,221,422,242,0.767,hummingbird,56,rec_1206.mp4,165934,2490
408,221,421,242,0.777,hummingbird,56,rec_1206.mp4,166000,2491
408,221,422,242,0.778,hummingbird,56,rec_1206.mp4,166067,2492
408,221,422,242,0.778,hummingbird,56,rec_1206.mp4,166134,2493
408,221,421,242,0.779,hummingbird,56,rec_1206.mp4,166200,2494
408,221,421,242,0.779,hummingbird,56,rec_1206.mp4,166267,2495
408,221,422,242,0.769,hummingbird,56,rec_1206.mp4,166334,2496
408,221,421,241,0.759,hummingbird,56,rec_1206.mp4,166400,2497
408,221,422,242,0.767,hummingbird,56,rec_1206.mp4,166467,2498
408,220,422,242,0.766,hummingbird,56,rec_1206.mp4,166534,2499
408,220,422,242,0.76,hummingbird,56,rec_1206.mp4,166600,2500
408,220,422,242,0.757,hummingbird,56,rec_1206.mp4,166667,2501
408,220,422,242,0.757,hummingbird,56,rec_1206.mp4,166734,2502
408,220,422,242,0.757,hummingbird,56,rec_1206.mp4,166800,2503
408,221,422,242,0.769,hummingbird,56,rec_1206.mp4,166867,2504
408,220,421,242,0.765,hummingbird,56,rec_1206.mp4,166934,2505
408,221,422,242,0.769,hummingbird,56,rec_1206.mp4,167000,2506
407,221,421,242,0.776,hummingbird,56,rec_1206.mp4,167067,2507
407,221,421,242,0.776,hummingbird,56,rec_1206.mp4,167134,2508
407,221,421,242,0.777,hummingbird,56,rec_1206.mp4,167200,2509
407,221,421,242,0.777,hummingbird,56,rec_1206.mp4,167267,2510
408,221,421,242,0.777,hummingbird,56,rec_1206.mp4,167334,2511
408,221,421,242,0.769,hummingbird,56,rec_1206.mp4,167400,2512
408,221,421,242,0.768,hummingbird,56,rec_1206.mp4,167467,2513
408,221,421,242,0.771,hummingbird,56,rec_1206.mp4,167534,2514
408,221,421,242,0.771,hummingbird,56,rec_1206.mp4,167600,2515
408,221,422,242,0.749,hummingbird,56,rec_1206.mp4,167667,2516
408,221,422,242,0.747,hummingbird,56,rec_1206.mp4,167734,2517
408,221,422,242,0.746,hummingbird,56,rec_1206.mp4,167800,2518
408,221,422,242,0.75,hummingbird,56,rec_1206.mp4,167867,2519
408,221,422,242,0.751,hummingbird,56,rec_1206.mp4,167934,2520
409,221,422,242,0.728,hummingbird,56,rec_1206.mp4,168000,2521
409,221,422,241,0.732,hummingbird,56,rec_1206.mp4,168067,2522
409,221,422,242,0.735,hummingbird,56,rec_1206.mp4,168134,2523
409,221,422,242,0.735,hummingbird,56,rec_1206.mp4,168200,2524
409,221,422,242,0.733,hummingbird,56,rec_1206.mp4,168267,2525
409,221,422,242,0.724,hummingbird,56,rec_1206.mp4,168334,2526
409,221,422,242,0.738,hummingbird,56,rec_1206.mp4,168400,2527
409,221,422,242,0.736,hummingbird,56,rec_1206.mp4,168467,2528
409,221,422,242,0.741,hummingbird,56,rec_1206.mp4,168534,2529
409,221,422,242,0.739,hummingbird,56,rec_1206.mp4,168600,2530
409,221,422,242,0.744,hummingbird,56,rec_1206.mp4,168667,2531
409,221,422,242,0.745,hummingbird,56,rec_1206.mp4,168734,2532
409,221,422,242,0.745,hummingbird,56,rec_1206.mp4,168800,2533
409,221,422,242,0.765,hummingbird,56,rec_1206.mp4,168867,2534
409,221,422,242,0.765,hummingbird,56,rec_1206.mp4,168934,2535
409,221,422,242,0.756,hummingbird,56,rec_1206.mp4,169000,2536
408,221,422,241,0.773,hummingbird,56,rec_1206.mp4,169067,2537
408,221,422,242,0.774,hummingbird,56,rec_1206.mp4,169134,2538
408,221,422,242,0.775,hummingbird,56,rec_1206.mp4,169200,2539
408,221,422,242,0.774,hummingbird,56,rec_1206.mp4,169267,2540
408,221,422,242,0.774,hummingbird,56,rec_1206.mp4,169334,2541
408,221,422,242,0.775,hummingbird,56,rec_1206.mp4,169400,2542
408,221,422,242,0.774,hummingbird,56,rec_1206.mp4,169467,2543
408,221,422,242,0.774,hummingbird,56,rec_1206.mp4,169534,2544
408,221,422,242,0.765,hummingbird,56,rec_1206.mp4,169600,2545
408,221,422,242,0.762,hummingbird,56,rec_1206.mp4,169667,2546
408,221,422,241,0.757,hummingbird,56,rec_1206.mp4,169734,2547
408,221,422,241,0.757,hummingbird,56,rec_1206.mp4,169800,2548
408,221,422,241,0.757,hummingbird,56,rec_1206.mp4,169867,2549
408,220,422,242,0.75,hummingbird,56,rec_1206.mp4,169934,2550
409,220,422,242,0.739,hummingbird,56,rec_1206.mp4,170000,2551
409,220,422,242,0.74,hummingbird,56,rec_1206.mp4,170067,2552
409,220,422,242,0.74,hummingbird,56,rec_1206.mp4,170134,2553
409,221,422,242,0.753,hummingbird,56,rec_1206.mp4,170200,2554
409,220,423,242,0.759,hummingbird,56,rec_1206.mp4,170267,2555
409,221,423,242,0.75,hummingbird,56,rec_1206.mp4,170334,2556
409,221,423,242,0.756,hummingbird,56,rec_1206.mp4,170400,2557
409,221,423,242,0.755,hummingbird,56,rec_1206.mp4,170467,2558
409,221,423,242,0.76,hummingbird,56,rec_1206.mp4,170534,2559
409,221,423,242,0.769,hummingbird,56,rec_1206.mp4,170600,2560
409,221,423,242,0.77,hummingbird,56,rec_1206.mp4,170667,2561
409,221,423,242,0.77,hummingbird,56,rec_1206.mp4,170734,2562
409,221,423,242,0.769,hummingbird,56,rec_1206.mp4,170800,2563
409,221,423,242,0.772,hummingbird,56,rec_1206.mp4,170867,2564
409,221,423,242,0.781,hummingbird,56,rec_1206.mp4,170934,2565
409,221,422,242,0.77,hummingbird,56,rec_1206.mp4,171000,2566
409,221,422,242,0.768,hummingbird,56,rec_1206.mp4,171067,2567
408,221,422,241,0.753,hummingbird,56,rec_1206.mp4,171134,2568
408,221,422,241,0.767,hummingbird,56,rec_1206.mp4,171200,2569
408,221,422,241,0.767,hummingbird,56,rec_1206.mp4,171267,2570
408,221,422,241,0.767,hummingbird,56,rec_1206.mp4,171334,2571
408,221,422,241,0.768,hummingbird,56,rec_1206.mp4,171400,2572
408,221,422,241,0.768,hummingbird,56,rec_1206.mp4,171467,2573
408,221,421,241,0.77,hummingbird,56,rec_1206.mp4,171534,2574
408,221,422,241,0.767,hummingbird,56,rec_1206.mp4,171600,2575
408,221,422,242,0.751,hummingbird,56,rec_1206.mp4,171667,2576
408,221,422,242,0.752,hummingbird,56,rec_1206.mp4,171734,2577
409,221,422,242,0.753,hummingbird,56,rec_1206.mp4,171800,2578
409,221,423,242,0.733,hummingbird,56,rec_1206.mp4,171867,2579
409,221,423,242,0.73,hummingbird,56,rec_1206.mp4,171934,2580
408,221,422,242,0.774,hummingbird,56,rec_1206.mp4,172000,2581
408,221,422,242,0.773,hummingbird,56,rec_1206.mp4,172067,2582
408,221,422,241,0.764,hummingbird,56,rec_1206.mp4,172134,2583
408,221,422,241,0.764,hummingbird,56,rec_1206.mp4,172200,2584
408,221,422,242,0.764,hummingbird,56,rec_1206.mp4,172267,2585
408,221,422,242,0.764,hummingbird,56,rec_1206.mp4,172334,2586
408,221,422,242,0.784,hummingbird,56,rec_1206.mp4,172400,2587
408,221,422,242,0.78,hummingbird,56,rec_1206.mp4,172467,2588
408,221,422,242,0.779,hummingbird,56,rec_1206.mp4,172534,2589
408,221,422,242,0.779,hummingbird,56,rec_1206.mp4,172600,2590
408,221,422,242,0.779,hummingbird,56,rec_1206.mp4,172667,2591
408,221,422,242,0.779,hummingbird,56,rec_1206.mp4,172734,2592
408,221,422,242,0.778,hummingbird,56,rec_1206.mp4,172800,2593
408,221,422,242,0.777,hummingbird,56,rec_1206.mp4,172867,2594
409,221,422,242,0.759,hummingbird,56,rec_1206.mp4,172934,2595
409,221,422,242,0.759,hummingbird,56,rec_1206.mp4,173000,2596
408,221,422,242,0.757,hummingbird,56,rec_1206.mp4,173067,2597
409,221,422,242,0.751,hummingbird,56,rec_1206.mp4,173134,2598
409,221,422,242,0.751,hummingbird,56,rec_1206.mp4,173200,2599
409,221,422,242,0.751,hummingbird,56,rec_1206.mp4,173267,2600
409,221,422,242,0.75,hummingbird,56,rec_1206.mp4,173334,2601
409,221,422,242,0.751,hummingbird,56,rec_1206.mp4,173400,2602
409,221,422,242,0.755,hummingbird,56,rec_1206.mp4,173467,2603
409,221,422,242,0.754,hummingbird,56,rec_1206.mp4,173534,2604
408,221,422,241,0.759,hummingbird,56,rec_1206.mp4,173600,2605
408,221,422,241,0.759,hummingbird,56,rec_1206.mp4,173667,2606
408,221,422,242,0.767,hummingbird,56,rec_1206.mp4,173734,2607
409,221,422,242,0.77,hummingbird,56,rec_1206.mp4,173800,2608
409,221,422,242,0.77,hummingbird,56,rec_1206.mp4,173867,2609
409,221,422,242,0.768,hummingbird,56,rec_1206.mp4,173934,2610
408,221,421,241,0.779,hummingbird,56,rec_1206.mp4,174000,2611
408,221,421,241,0.78,hummingbird,56,rec_1206.mp4,174067,2612
408,221,421,241,0.776,hummingbird,56,rec_1206.mp4,174134,2613
408,221,421,241,0.777,hummingbird,56,rec_1206.mp4,174200,2614
408,221,421,241,0.775,hummingbird,56,rec_1206.mp4,174267,2615
408,221,422,241,0.78,hummingbird,56,rec_1206.mp4,174334,2616
408,221,421,241,0.764,hummingbird,56,rec_1206.mp4,174400,2617
408,221,421,241,0.764,hummingbird,56,rec_1206.mp4,174467,2618
408,221,421,241,0.767,hummingbird,56,rec_1206.mp4,174534,2619
408,221,421,241,0.769,hummingbird,56,rec_1206.mp4,174600,2620
408,221,421,241,0.769,hummingbird,56,rec_1206.mp4,174667,2621
408,221,421,241,0.769,hummingbird,56,rec_1206.mp4,174734,2622
408,221,421,241,0.769,hummingbird,56,rec_1206.mp4,174800,2623
407,221,421,241,0.761,hummingbird,56,rec_1206.mp4,174867,2624
408,221,421,241,0.759,hummingbird,56,rec_1206.mp4,174934,2625
407,221,421,241,0.763,hummingbird,56,rec_1206.mp4,175000,2626
407,221,421,241,0.76,hummingbird,56,rec_1206.mp4,175067,2627
407,221,421,241,0.774,hummingbird,56,rec_1206.mp4,175134,2628
407,221,421,241,0.774,hummingbird,56,rec_1206.mp4,175200,2629
407,221,421,241,0.774,hummingbird,56,rec_1206.mp4,175267,2630
407,221,421,241,0.774,hummingbird,56,rec_1206.mp4,175334,2631
407,221,421,241,0.774,hummingbird,56,rec_1206.mp4,175400,2632
408,221,421,241,0.771,hummingbird,56,rec_1206.mp4,175467,2633
408,221,421,241,0.771,hummingbird,56,rec_1206.mp4,175534,2634
408,221,421,241,0.771,hummingbird,56,rec_1206.mp4,175600,2635
408,221,421,241,0.774,hummingbird,56,rec_1206.mp4,175667,2636
408,221,422,241,0.761,hummingbird,56,rec_1206.mp4,175734,2637
408,221,422,241,0.76,hummingbird,56,rec_1206.mp4,175800,2638
408,221,422,241,0.76,hummingbird,56,rec_1206.mp4,175867,2639
408,221,422,241,0.761,hummingbird,56,rec_1206.mp4,175934,2640
408,221,422,242,0.759,hummingbird,56,rec_1206.mp4,176000,2641
408,221,422,242,0.76,hummingbird,56,rec_1206.mp4,176067,2642
408,221,422,242,0.757,hummingbird,56,rec_1206.mp4,176134,2643
408,221,422,242,0.761,hummingbird,56,rec_1206.mp4,176200,2644
408,221,422,242,0.741,hummingbird,56,rec_1206.mp4,176267,2645
408,221,422,242,0.74,hummingbird,56,rec_1206.mp4,176334,2646
408,221,422,242,0.753,hummingbird,56,rec_1206.mp4,176400,2647
408,221,422,242,0.752,hummingbird,56,rec_1206.mp4,176467,2648
408,221,422,242,0.752,hummingbird,56,rec_1206.mp4,176534,2649
408,221,421,242,0.743,hummingbird,56,rec_1206.mp4,176600,2650
408,221,422,242,0.752,hummingbird,56,rec_1206.mp4,176667,2651
408,221,422,242,0.752,hummingbird,56,rec_1206.mp4,176734,2652
408,221,422,242,0.752,hummingbird,56,rec_1206.mp4,176800,2653
408,221,422,242,0.752,hummingbird,56,rec_1206.mp4,176867,2654
408,221,422,242,0.754,hummingbird,56,rec_1206.mp4,176934,2655
408,221,422,241,0.768,hummingbird,56,rec_1206.mp4,177000,2656
408,221,422,242,0.763,hummingbird,56,rec_1206.mp4,177067,2657
408,221,422,242,0.763,hummingbird,56,rec_1206.mp4,177134,2658
408,221,422,242,0.763,hummingbird,56,rec_1206.mp4,177200,2659
408,221,422,242,0.762,hummingbird,56,rec_1206.mp4,177267,2660
408,221,422,242,0.763,hummingbird,56,rec_1206.mp4,177334,2661
408,221,422,242,0.763,hummingbird,56,rec_1206.mp4,177400,2662
408,221,422,242,0.762,hummingbird,56,rec_1206.mp4,177467,2663
408,221,421,242,0.757,hummingbird,56,rec_1206.mp4,177534,2664
408,221,422,241,0.777,hummingbird,56,rec_1206.mp4,177600,2665
408,221,422,241,0.777,hummingbird,56,rec_1206.mp4,177667,2666
408,221,422,242,0.776,hummingbird,56,rec_1206.mp4,177734,2667
408,221,422,241,0.772,hummingbird,56,rec_1206.mp4,177800,2668
408,221,422,241,0.772,hummingbird,56,rec_1206.mp4,177867,2669
408,221,422,241,0.772,hummingbird,56,rec_1206.mp4,177934,2670
409,221,422,242,0.784,hummingbird,56,rec_1206.mp4,178000,2671
408,221,423,242,0.787,hummingbird,56,rec_1206.mp4,178067,2672
408,221,423,242,0.787,hummingbird,56,rec_1206.mp4,178134,2673
408,221,423,242,0.787,hummingbird,56,rec_1206.mp4,178200,2674
409,221,422,242,0.786,hummingbird,56,rec_1206.mp4,178267,2675
408,221,422,242,0.776,hummingbird,56,rec_1206.mp4,178334,2676
408,221,422,242,0.779,hummingbird,56,rec_1206.mp4,178400,2677
408,221,422,242,0.778,hummingbird,56,rec_1206.mp4,178467,2678
408,221,422,242,0.778,hummingbird,56,rec_1206.mp4,178534,2679
409,221,422,242,0.776,hummingbird,56,rec_1206.mp4,178600,2680
409,221,422,242,0.776,hummingbird,56,rec_1206.mp4,178667,2681
409,221,422,242,0.777,hummingbird,56,rec_1206.mp4,178734,2682
409,222,422,242,0.776,hummingbird,56,rec_1206.mp4,178800,2683
409,221,422,242,0.774,hummingbird,56,rec_1206.mp4,178867,2684
409,221,422,242,0.774,hummingbird,56,rec_1206.mp4,178934,2685
408,221,422,242,0.787,hummingbird,56,rec_1206.mp4,179000,2686
408,221,422,242,0.789,hummingbird,56,rec_1206.mp4,179067,2687
408,221,422,242,0.789,hummingbird,56,rec_1206.mp4,179134,2688
408,221,422,242,0.789,hummingbird,56,rec_1206.mp4,179200,2689
408,221,422,242,0.782,hummingbird,56,rec_1206.mp4,179267,2690
408,221,422,242,0.782,hummingbird,56,rec_1206.mp4,179334,2691
408,221,422,242,0.782,hummingbird,56,rec_1206.mp4,179400,2692
408,221,422,242,0.783,hummingbird,56,rec_1206.mp4,179467,2693
408,221,422,242,0.79,hummingbird,56,rec_1206.mp4,179534,2694
408,221,422,242,0.788,hummingbird,56,rec_1206.mp4,179600,2695
408,221,421,242,0.777,hummingbird,56,rec_1206.mp4,179667,2696
408,221,421,242,0.779,hummingbird,56,rec_1206.mp4,179734,2697
408,221,422,242,0.783,hummingbird,56,rec_1206.mp4,179800,2698
408,221,422,242,0.784,hummingbird,56,rec_1206.mp4,179867,2699
408,221,422,242,0.784,hummingbird,56,rec_1206.mp4,179934,2700
409,221,422,242,0.714,hummingbird,56,rec_1206.mp4,180000,2701
409,221,422,242,0.713,hummingbird,56,rec_1206.mp4,180067,2702
409,221,422,242,0.744,hummingbird,56,rec_1206.mp4,180134,2703
409,221,422,241,0.739,hummingbird,56,rec_1206.mp4,180200,2704
409,221,422,241,0.738,hummingbird,56,rec_1206.mp4,180267,2705
408,221,422,242,0.744,hummingbird,56,rec_1206.mp4,180334,2706
408,221,422,241,0.747,hummingbird,56,rec_1206.mp4,180400,2707
408,221,422,241,0.746,hummingbird,56,rec_1206.mp4,180467,2708
408,221,422,241,0.74,hummingbird,56,rec_1206.mp4,180534,2709
408,221,422,241,0.738,hummingbird,56,rec_1206.mp4,180600,2710
408,221,422,241,0.739,hummingbird,56,rec_1206.mp4,180667,2711
408,221,422,241,0.739,hummingbird,56,rec_1206.mp4,180734,2712
408,221,422,241,0.736,hummingbird,56,rec_1206.mp4,180800,2713
408,221,422,242,0.732,hummingbird,56,rec_1206.mp4,180867,2714
408,221,422,241,0.736,hummingbird,56,rec_1206.mp4,180934,2715
408,221,422,242,0.742,hummingbird,56,rec_1206.mp4,181000,2716
408,221,422,242,0.746,hummingbird,56,rec_1206.mp4,181067,2717
408,221,422,242,0.749,hummingbird,56,rec_1206.mp4,181134,2718
408,221,422,242,0.733,hummingbird,56,rec_1206.mp4,181200,2719
408,221,422,242,0.733,hummingbird,56,rec_1206.mp4,181267,2720
408,221,422,242,0.735,hummingbird,56,rec_1206.mp4,181334,2721
408,221,422,242,0.735,hummingbird,56,rec_1206.mp4,181400,2722
408,221,422,241,0.723,hummingbird,56,rec_1206.mp4,181467,2723
408,221,422,242,0.747,hummingbird,56,rec_1206.mp4,181534,2724
408,221,422,242,0.753,hummingbird,56,rec_1206.mp4,181600,2725
408,221,422,241,0.754,hummingbird,56,rec_1206.mp4,181667,2726
408,221,422,242,0.753,hummingbird,56,rec_1206.mp4,181734,2727
408,221,422,242,0.75,hummingbird,56,rec_1206.mp4,181800,2728
408,221,422,242,0.75,hummingbird,56,rec_1206.mp4,181867,2729
408,221,422,242,0.75,hummingbird,56,rec_1206.mp4,181934,2730
408,221,421,241,0.762,hummingbird,56,rec_1206.mp4,182000,2731
408,221,421,241,0.763,hummingbird,56,rec_1206.mp4,182067,2732
408,221,421,241,0.764,hummingbird,56,rec_1206.mp4,182134,2733
408,221,421,242,0.783,hummingbird,56,rec_1206.mp4,182200,2734
408,221,421,241,0.78,hummingbird,56,rec_1206.mp4,182267,2735
408,221,421,241,0.779,hummingbird,56,rec_1206.mp4,182334,2736
408,221,422,242,0.773,hummingbird,56,rec_1206.mp4,182400,2737
408,221,422,242,0.774,hummingbird,56,rec_1206.mp4,182467,2738
408,221,422,242,0.768,hummingbird,56,rec_1206.mp4,182534,2739
408,221,422,241,0.768,hummingbird,56,rec_1206.mp4,182600,2740
408,221,422,242,0.768,hummingbird,56,rec_1206.mp4,182667,2741
408,221,421,242,0.768,hummingbird,56,rec_1206.mp4,182734,2742
408,221,421,241,0.765,hummingbird,56,rec_1206.mp4,182800,2743
408,221,421,241,0.773,hummingbird,56,rec_1206.mp4,182867,2744
408,221,421,241,0.769,hummingbird,56,rec_1206.mp4,182934,2745
408,221,421,241,0.769,hummingbird,56,rec_1206.mp4,183000,2746
408,221,421,241,0.771,hummingbird,56,rec_1206.mp4,183067,2747
408,221,421,241,0.771,hummingbird,56,rec_1206.mp4,183134,2748
408,221,421,241,0.782,hummingbird,56,rec_1206.mp4,183200,2749
408,221,421,241,0.782,hummingbird,56,rec_1206.mp4,183267,2750
408,221,421,241,0.782,hummingbird,56,rec_1206.mp4,183334,2751
408,221,421,241,0.784,hummingbird,56,rec_1206.mp4,183400,2752
408,221,421,241,0.784,hummingbird,56,rec_1206.mp4,183467,2753
408,221,421,241,0.784,hummingbird,56,rec_1206.mp4,183534,2754
408,221,421,242,0.788,hummingbird,56,rec_1206.mp4,183600,2755
408,221,422,242,0.792,hummingbird,56,rec_1206.mp4,183667,2756
408,221,422,242,0.781,hummingbird,56,rec_1206.mp4,183734,2757
408,221,422,242,0.781,hummingbird,56,rec_1206.mp4,183800,2758
408,221,422,242,0.777,hummingbird,56,rec_1206.mp4,183867,2759
408,221,422,242,0.777,hummingbird,56,rec_1206.mp4,183934,2760
409,221,423,242,0.753,hummingbird,56,rec_1206.mp4,184000,2761
409,221,423,242,0.752,hummingbird,56,rec_1206.mp4,184067,2762
409,221,422,241,0.749,hummingbird,56,rec_1206.mp4,184134,2763
409,221,423,242,0.734,hummingbird,56,rec_1206.mp4,184200,2764
409,221,423,242,0.723,hummingbird,56,rec_1206.mp4,184267,2765
409,221,423,242,0.737,hummingbird,56,rec_1206.mp4,184334,2766
409,221,423,242,0.739,hummingbird,56,rec_1206.mp4,184400,2767
409,221,423,242,0.723,hummingbird,56,rec_1206.mp4,184467,2768
409,221,422,242,0.721,hummingbird,56,rec_1206.mp4,184534,2769
409,221,422,242,0.721,hummingbird,56,rec_1206.mp4,184600,2770
409,221,422,242,0.721,hummingbird,56,rec_1206.mp4,184667,2771
409,221,422,242,0.721,hummingbird,56,rec_1206.mp4,184734,2772
409,221,422,241,0.734,hummingbird,56,rec_1206.mp4,184800,2773
409,221,423,241,0.721,hummingbird,56,rec_1206.mp4,184867,2774
409,221,423,241,0.721,hummingbird,56,rec_1206.mp4,184934,2775
409,221,422,241,0.739,hummingbird,56,rec_1206.mp4,185000,2776
408,221,422,241,0.739,hummingbird,56,rec_1206.mp4,185067,2777
408,221,422,242,0.734,hummingbird,56,rec_1206.mp4,185134,2778
408,221,422,242,0.733,hummingbird,56,rec_1206.mp4,185200,2779
408,221,422,242,0.736,hummingbird,56,rec_1206.mp4,185267,2780
408,221,422,242,0.738,hummingbird,56,rec_1206.mp4,185334,2781
408,221,422,242,0.737,hummingbird,56,rec_1206.mp4,185400,2782
408,221,422,242,0.748,hummingbird,56,rec_1206.mp4,185467,2783
408,221,422,242,0.763,hummingbird,56,rec_1206.mp4,185534,2784
409,221,422,242,0.763,hummingbird,56,rec_1206.mp4,185600,2785
408,221,422,242,0.759,hummingbird,56,rec_1206.mp4,185667,2786
408,221,422,242,0.759,hummingbird,56,rec_1206.mp4,185734,2787
408,221,422,241,0.755,hummingbird,56,rec_1206.mp4,185800,2788
408,221,422,241,0.755,hummingbird,56,rec_1206.mp4,185867,2789
408,221,422,241,0.754,hummingbird,56,rec_1206.mp4,185934,2790
407,221,420,241,0.789,hummingbird,56,rec_1206.mp4,186000,2791
407,221,420,241,0.785,hummingbird,56,rec_1206.mp4,186067,2792
407,221,420,241,0.785,hummingbird,56,rec_1206.mp4,186134,2793
407,221,420,241,0.785,hummingbird,56,rec_1206.mp4,186200,2794
407,221,421,241,0.785,hummingbird,56,rec_1206.mp4,186267,2795
408,221,421,241,0.779,hummingbird,56,rec_1206.mp4,186334,2796
408,221,422,242,0.779,hummingbird,56,rec_1206.mp4,186400,2797
408,221,421,242,0.779,hummingbird,56,rec_1206.mp4,186467,2798
408,221,421,242,0.779,hummingbird,56,rec_1206.mp4,186534,2799
408,221,421,242,0.778,hummingbird,56,rec_1206.mp4,186600,2800
408,221,421,242,0.78,hummingbird,56,rec_1206.mp4,186667,2801
408,221,421,241,0.781,hummingbird,56,rec_1206.mp4,186734,2802
408,221,421,241,0.78,hummingbird,56,rec_1206.mp4,186800,2803
408,221,421,241,0.79,hummingbird,56,rec_1206.mp4,186867,2804
408,221,421,242,0.788,hummingbird,56,rec_1206.mp4,186934,2805
408,221,421,241,0.789,hummingbird,56,rec_1206.mp4,187000,2806
408,221,421,241,0.791,hummingbird,56,rec_1206.mp4,187067,2807
408,221,421,241,0.791,hummingbird,56,rec_1206.mp4,187134,2808
408,221,421,241,0.79,hummingbird,56,rec_1206.mp4,187200,2809
408,221,421,241,0.79,hummingbird,56,rec_1206.mp4,187267,2810
408,221,421,242,0.782,hummingbird,56,rec_1206.mp4,187334,2811
408,221,421,242,0.781,hummingbird,56,rec_1206.mp4,187400,2812
408,221,422,242,0.787,hummingbird,56,rec_1206.mp4,187467,2813
408,221,422,242,0.788,hummingbird,56,rec_1206.mp4,187534,2814
408,221,421,241,0.788,hummingbird,56,rec_1206.mp4,187600,2815
408,221,421,241,0.778,hummingbird,56,rec_1206.mp4,187667,2816
408,221,421,241,0.778,hummingbird,56,rec_1206.mp4,187734,2817
408,221,421,241,0.778,hummingbird,56,rec_1206.mp4,187800,2818
408,221,421,241,0.778,hummingbird,56,rec_1206.mp4,187867,2819
408,221,421,241,0.778,hummingbird,56,rec_1206.mp4,187934,2820
408,221,421,242,0.756,hummingbird,56,rec_1206.mp4,188000,2821
408,221,421,242,0.756,hummingbird,56,rec_1206.mp4,188067,2822
408,221,421,242,0.762,hummingbird,56,rec_1206.mp4,188134,2823
408,221,421,242,0.758,hummingbird,56,rec_1206.mp4,188200,2824
408,221,422,241,0.755,hummingbird,56,rec_1206.mp4,188267,2825
408,221,422,241,0.755,hummingbird,56,rec_1206.mp4,188334,2826
408,221,422,242,0.761,hummingbird,56,rec_1206.mp4,188400,2827
408,221,422,242,0.766,hummingbird,56,rec_1206.mp4,188467,2828
408,221,422,242,0.764,hummingbird,56,rec_1206.mp4,188534,2829
408,221,422,242,0.763,hummingbird,56,rec_1206.mp4,188600,2830
408,221,422,242,0.765,hummingbird,56,rec_1206.mp4,188667,2831
408,221,421,242,0.755,hummingbird,56,rec_1206.mp4,188734,2832
408,221,422,242,0.757,hummingbird,56,rec_1206.mp4,188800,2833
408,221,422,242,0.758,hummingbird,56,rec_1206.mp4,188867,2834
408,221,422,242,0.75,hummingbird,56,rec_1206.mp4,188934,2835
408,221,422,242,0.75,hummingbird,56,rec_1206.mp4,189000,2836
408,221,422,242,0.752,hummingbird,56,rec_1206.mp4,189067,2837
408,221,422,242,0.749,hummingbird,56,rec_1206.mp4,189134,2838
408,221,422,242,0.749,hummingbird,56,rec_1206.mp4,189200,2839
408,221,422,242,0.75,hummingbird,56,rec_1206.mp4,189267,2840
408,221,422,242,0.752,hummingbird,56,rec_1206.mp4,189334,2841
408,221,422,242,0.752,hummingbird,56,rec_1206.mp4,189400,2842
408,221,422,242,0.752,hummingbird,56,rec_1206.mp4,189467,2843
408,221,422,242,0.762,hummingbird,56,rec_1206.mp4,189534,2844
408,221,422,242,0.762,hummingbird,56,rec_1206.mp4,189600,2845
408,221,422,242,0.76,hummingbird,56,rec_1206.mp4,189667,2846
408,221,422,242,0.758,hummingbird,56,rec_1206.mp4,189734,2847
408,221,422,242,0.77,hummingbird,56,rec_1206.mp4,189800,2848
408,221,422,242,0.77,hummingbird,56,rec_1206.mp4,189867,2849
408,221,422,242,0.77,hummingbird,56,rec_1206.mp4,189934,2850
409,221,422,242,0.772,hummingbird,56,rec_1206.mp4,190000,2851
408,221,421,242,0.746,hummingbird,56,rec_1206.mp4,190067,2852
408,221,421,242,0.745,hummingbird,56,rec_1206.mp4,190134,2853
409,221,422,242,0.74,hummingbird,56,rec_1206.mp4,190200,2854
409,221,422,242,0.739,hummingbird,56,rec_1206.mp4,190267,2855
409,221,422,241,0.74,hummingbird,56,rec_1206.mp4,190334,2856
409,221,422,241,0.741,hummingbird,56,rec_1206.mp4,190400,2857
409,221,422,242,0.742,hummingbird,56,rec_1206.mp4,190467,2858
409,221,422,242,0.744,hummingbird,56,rec_1206.mp4,190534,2859
409,221,422,242,0.744,hummingbird,56,rec_1206.mp4,190600,2860
409,221,422,242,0.744,hummingbird,56,rec_1206.mp4,190667,2861
409,221,422,242,0.745,hummingbird,56,rec_1206.mp4,190734,2862
409,221,422,242,0.753,hummingbird,56,rec_1206.mp4,190800,2863
408,221,422,242,0.768,hummingbird,56,rec_1206.mp4,190867,2864
408,221,422,242,0.767,hummingbird,56,rec_1206.mp4,190934,2865
408,221,422,242,0.768,hummingbird,56,rec_1206.mp4,191000,2866
408,221,421,242,0.769,hummingbird,56,rec_1206.mp4,191067,2867
408,221,421,242,0.769,hummingbird,56,rec_1206.mp4,191134,2868
408,221,421,242,0.769,hummingbird,56,rec_1206.mp4,191200,2869
408,221,421,242,0.769,hummingbird,56,rec_1206.mp4,191267,2870
408,221,422,242,0.769,hummingbird,56,rec_1206.mp4,191334,2871
408,221,422,242,0.769,hummingbird,56,rec_1206.mp4,191400,2872
408,221,422,242,0.763,hummingbird,56,rec_1206.mp4,191467,2873
408,221,421,242,0.747,hummingbird,56,rec_1206.mp4,191534,2874
408,221,421,242,0.747,hummingbird,56,rec_1206.mp4,191600,2875
408,221,421,242,0.747,hummingbird,56,rec_1206.mp4,191667,2876
408,221,421,242,0.747,hummingbird,56,rec_1206.mp4,191734,2877
408,221,421,242,0.747,hummingbird,56,rec_1206.mp4,191800,2878
408,221,421,242,0.747,hummingbird,56,rec_1206.mp4,191867,2879
408,221,421,242,0.743,hummingbird,56,rec_1206.mp4,191934,2880
408,221,422,242,0.782,hummingbird,56,rec_1206.mp4,192000,2881
408,221,422,242,0.781,hummingbird,56,rec_1206.mp4,192067,2882
408,221,422,242,0.786,hummingbird,56,rec_1206.mp4,192134,2883
408,221,422,242,0.779,hummingbird,56,rec_1206.mp4,192200,2884
408,221,422,242,0.779,hummingbird,56,rec_1206.mp4,192267,2885
408,221,422,242,0.779,hummingbird,56,rec_1206.mp4,192334,2886
408,221,422,242,0.79,hummingbird,56,rec_1206.mp4,192400,2887
408,221,422,242,0.79,hummingbird,56,rec_1206.mp4,192467,2888
408,221,422,242,0.785,hummingbird,56,rec_1206.mp4,192534,2889
408,221,422,242,0.785,hummingbird,56,rec_1206.mp4,192600,2890
408,221,422,242,0.781,hummingbird,56,rec_1206.mp4,192667,2891
408,221,422,242,0.781,hummingbird,56,rec_1206.mp4,192734,2892
408,221,422,242,0.78,hummingbird,56,rec_1206.mp4,192800,2893
408,221,422,242,0.782,hummingbird,56,rec_1206.mp4,192867,2894
408,221,422,242,0.778,hummingbird,56,rec_1206.mp4,192934,2895
408,221,422,242,0.778,hummingbird,56,rec_1206.mp4,193000,2896
408,221,422,242,0.778,hummingbird,56,rec_1206.mp4,193067,2897
408,221,422,242,0.778,hummingbird,56,rec_1206.mp4,193134,2898
408,221,422,242,0.778,hummingbird,56,rec_1206.mp4,193200,2899
408,221,422,242,0.778,hummingbird,56,rec_1206.mp4,193267,2900
408,221,422,242,0.779,hummingbird,56,rec_1206.mp4,193334,2901
408,221,422,242,0.778,hummingbird,56,rec_1206.mp4,193400,2902
408,221,422,242,0.787,hummingbird,56,rec_1206.mp4,193467,2903
408,221,422,242,0.781,hummingbird,56,rec_1206.mp4,193534,2904
408,221,422,242,0.78,hummingbird,56,rec_1206.mp4,193600,2905
408,221,422,242,0.776,hummingbird,56,rec_1206.mp4,193667,2906
408,221,422,242,0.776,hummingbird,56,rec_1206.mp4,193734,2907
408,221,422,242,0.776,hummingbird,56,rec_1206.mp4,193800,2908
408,221,421,242,0.771,hummingbird,56,rec_1206.mp4,193867,2909
408,221,421,242,0.771,hummingbird,56,rec_1206.mp4,193934,2910
408,221,422,242,0.765,hummingbird,56,rec_1206.mp4,194000,2911
408,221,422,242,0.765,hummingbird,56,rec_1206.mp4,194067,2912
408,221,422,242,0.765,hummingbird,56,rec_1206.mp4,194134,2913
408,221,421,242,0.763,hummingbird,56,rec_1206.mp4,194200,2914
408,221,421,242,0.763,hummingbird,56,rec_1206.mp4,194267,2915
408,221,422,242,0.761,hummingbird,56,rec_1206.mp4,194334,2916
408,221,422,242,0.765,hummingbird,56,rec_1206.mp4,194400,2917
408,221,422,242,0.765,hummingbird,56,rec_1206.mp4,194467,2918
408,221,422,242,0.765,hummingbird,56,rec_1206.mp4,194534,2919
408,221,422,242,0.765,hummingbird,56,rec_1206.mp4,194600,2920
408,221,422,242,0.757,hummingbird,56,rec_1206.mp4,194667,2921
408,221,422,242,0.768,hummingbird,56,rec_1206.mp4,194734,2922
408,221,422,242,0.777,hummingbird,56,rec_1206.mp4,194800,2923
408,221,422,242,0.775,hummingbird,56,rec_1206.mp4,194867,2924
408,221,422,242,0.772,hummingbird,56,rec_1206.mp4,194934,2925
408,221,422,242,0.774,hummingbird,56,rec_1206.mp4,195000,2926
408,221,422,242,0.774,hummingbird,56,rec_1206.mp4,195067,2927
408,221,422,242,0.774,hummingbird,56,rec_1206.mp4,195134,2928
408,221,422,242,0.774,hummingbird,56,rec_1206.mp4,195200,2929
408,221,422,242,0.774,hummingbird,56,rec_1206.mp4,195267,2930
408,221,422,242,0.775,hummingbird,56,rec_1206.mp4,195334,2931
408,221,422,242,0.774,hummingbird,56,rec_1206.mp4,195400,2932
408,221,421,242,0.774,hummingbird,56,rec_1206.mp4,195467,2933
408,221,422,241,0.776,hummingbird,56,rec_1206.mp4,195534,2934
408,221,422,242,0.773,hummingbird,56,rec_1206.mp4,195600,2935
408,221,421,241,0.763,hummingbird,56,rec_1206.mp4,195667,2936
408,221,421,241,0.768,hummingbird,56,rec_1206.mp4,195734,2937
408,221,421,241,0.768,hummingbird,56,rec_1206.mp4,195800,2938
408,221,421,241,0.768,hummingbird,56,rec_1206.mp4,195867,2939
408,221,421,241,0.768,hummingbird,56,rec_1206.mp4,195934,2940
409,221,422,242,0.693,hummingbird,56,rec_1206.mp4,196000,2941
409,221,422,242,0.693,hummingbird,56,rec_1206.mp4,196067,2942
409,221,422,242,0.694,hummingbird,56,rec_1206.mp4,196134,2943
409,221,422,242,0.73,hummingbird,56,rec_1206.mp4,196200,2944
409,221,422,242,0.719,hummingbird,56,rec_1206.mp4,196267,2945
409,221,422,242,0.719,hummingbird,56,rec_1206.mp4,196334,2946
409,221,422,242,0.722,hummingbird,56,rec_1206.mp4,196400,2947
409,221,422,242,0.718,hummingbird,56,rec_1206.mp4,196467,2948
409,221,422,242,0.719,hummingbird,56,rec_1206.mp4,196534,2949
409,221,422,242,0.716,hummingbird,56,rec_1206.mp4,196600,2950
409,221,422,242,0.7,hummingbird,56,rec_1206.mp4,196667,2951
409,221,422,242,0.678,hummingbird,56,rec_1206.mp4,196734,2952
409,221,422,242,0.678,hummingbird,56,rec_1206.mp4,196800,2953
409,221,422,242,0.676,hummingbird,56,rec_1206.mp4,196867,2954
409,221,422,242,0.672,hummingbird,56,rec_1206.mp4,196934,2955
409,221,422,242,0.672,hummingbird,56,rec_1206.mp4,197000,2956
409,221,422,242,0.682,hummingbird,56,rec_1206.mp4,197067,2957
409,221,422,241,0.69,hummingbird,56,rec_1206.mp4,197134,2958
409,221,422,241,0.69,hummingbird,56,rec_1206.mp4,197200,2959
409,221,422,241,0.689,hummingbird,56,rec_1206.mp4,197267,2960
409,221,422,242,0.692,hummingbird,56,rec_1206.mp4,197334,2961
409,221,422,242,0.695,hummingbird,56,rec_1206.mp4,197400,2962
409,221,422,242,0.712,hummingbird,56,rec_1206.mp4,197467,2963
409,221,422,242,0.751,hummingbird,56,rec_1206.mp4,197534,2964
409,221,422,242,0.749,hummingbird,56,rec_1206.mp4,197600,2965
409,221,422,242,0.751,hummingbird,56,rec_1206.mp4,197667,2966
409,222,423,242,0.754,hummingbird,56,rec_1206.mp4,197734,2967
409,222,423,242,0.754,hummingbird,56,rec_1206.mp4,197800,2968
409,222,423,242,0.754,hummingbird,56,rec_1206.mp4,197867,2969
409,222,423,242,0.754,hummingbird,56,rec_1206.mp4,197934,2970
408,221,422,242,0.778,hummingbird,56,rec_1206.mp4,198000,2971
408,221,422,242,0.778,hummingbird,56,rec_1206.mp4,198067,2972
408,221,422,242,0.771,hummingbird,56,rec_1206.mp4,198134,2973
408,221,422,242,0.757,hummingbird,56,rec_1206.mp4,198200,2974
408,221,422,242,0.756,hummingbird,56,rec_1206.mp4,198267,2975
408,221,422,242,0.76,hummingbird,56,rec_1206.mp4,198334,2976
408,221,422,242,0.76,hummingbird,56,rec_1206.mp4,198400,2977
408,221,422,242,0.76,hummingbird,56,rec_1206.mp4,198467,2978
408,221,422,242,0.758,hummingbird,56,rec_1206.mp4,198534,2979
408,221,422,242,0.759,hummingbird,56,rec_1206.mp4,198600,2980
408,221,422,242,0.759,hummingbird,56,rec_1206.mp4,198667,2981
408,221,422,242,0.764,hummingbird,56,rec_1206.mp4,198734,2982
408,221,422,242,0.768,hummingbird,56,rec_1206.mp4,198800,2983
408,221,422,242,0.771,hummingbird,56,rec_1206.mp4,198867,2984
408,221,422,242,0.771,hummingbird,56,rec_1206.mp4,198934,2985
408,221,422,242,0.773,hummingbird,56,rec_1206.mp4,199000,2986
408,221,422,242,0.773,hummingbird,56,rec_1206.mp4,199067,2987
408,221,422,242,0.778,hummingbird,56,rec_1206.mp4,199134,2988
408,221,422,242,0.779,hummingbird,56,rec_1206.mp4,199200,2989
408,221,422,242,0.776,hummingbird,56,rec_1206.mp4,199267,2990
408,221,422,242,0.776,hummingbird,56,rec_1206.mp4,199334,2991
408,221,422,242,0.776,hummingbird,56,rec_1206.mp4,199400,2992
408,221,422,242,0.781,hummingbird,56,rec_1206.mp4,199467,2993
408,221,422,242,0.783,hummingbird,56,rec_1206.mp4,199534,2994
408,221,422,242,0.778,hummingbird,56,rec_1206.mp4,199600,2995
408,221,422,242,0.778,hummingbird,56,rec_1206.mp4,199667,2996
408,221,422,242,0.774,hummingbird,56,rec_1206.mp4,199734,2997
408,221,422,242,0.768,hummingbird,56,rec_1206.mp4,199801,2998
408,221,422,242,0.768,hummingbird,56,rec_1206.mp4,199867,2999
408,221,422,242,0.767,hummingbird,56,rec_1206.mp4,199934,3000
409,221,422,241,0.748,hummingbird,56,rec_1206.mp4,200001,3001
409,221,422,241,0.75,hummingbird,56,rec_1206.mp4,200067,3002
408,221,422,241,0.756,hummingbird,56,rec_1206.mp4,200134,3003
409,221,422,241,0.747,hummingbird,56,rec_1206.mp4,200201,3004
409,221,422,241,0.747,hummingbird,56,rec_1206.mp4,200267,3005
408,221,422,241,0.738,hummingbird,56,rec_1206.mp4,200334,3006
408,221,422,242,0.748,hummingbird,56,rec_1206.mp4,200401,3007
408,221,422,242,0.75,hummingbird,56,rec_1206.mp4,200467,3008
408,221,422,242,0.751,hummingbird,56,rec_1206.mp4,200534,3009
408,221,422,241,0.751,hummingbird,56,rec_1206.mp4,200601,3010
408,221,422,241,0.729,hummingbird,56,rec_1206.mp4,200667,3011
408,221,422,241,0.733,hummingbird,56,rec_1206.mp4,200734,3012
408,221,421,241,0.736,hummingbird,56,rec_1206.mp4,200801,3013
408,221,421,241,0.736,hummingbird,56,rec_1206.mp4,200867,3014
408,221,421,241,0.736,hummingbird,56,rec_1206.mp4,200934,3015
408,221,421,241,0.738,hummingbird,56,rec_1206.mp4,201001,3016
408,221,421,241,0.736,hummingbird,56,rec_1206.mp4,201067,3017
408,221,421,241,0.738,hummingbird,56,rec_1206.mp4,201134,3018
408,221,421,241,0.738,hummingbird,56,rec_1206.mp4,201201,3019
408,221,421,241,0.741,hummingbird,56,rec_1206.mp4,201267,3020
408,221,421,241,0.743,hummingbird,56,rec_1206.mp4,201334,3021
408,221,422,241,0.745,hummingbird,56,rec_1206.mp4,201401,3022
408,221,422,241,0.758,hummingbird,56,rec_1206.mp4,201467,3023
408,221,422,241,0.765,hummingbird,56,rec_1206.mp4,201534,3024
408,221,422,241,0.766,hummingbird,56,rec_1206.mp4,201601,3025
408,221,422,241,0.766,hummingbird,56,rec_1206.mp4,201667,3026
408,221,422,241,0.766,hummingbird,56,rec_1206.mp4,201734,3027
408,221,421,241,0.751,hummingbird,56,rec_1206.mp4,201801,3028
408,221,422,241,0.758,hummingbird,56,rec_1206.mp4,201867,3029
408,221,422,241,0.762,hummingbird,56,rec_1206.mp4,201934,3030
409,221,422,242,0.717,hummingbird,56,rec_1206.mp4,202001,3031
409,221,422,242,0.716,hummingbird,56,rec_1206.mp4,202067,3032
409,221,422,242,0.716,hummingbird,56,rec_1206.mp4,202134,3033
409,221,422,242,0.726,hummingbird,56,rec_1206.mp4,202201,3034
409,221,422,242,0.723,hummingbird,56,rec_1206.mp4,202267,3035
409,221,422,242,0.723,hummingbird,56,rec_1206.mp4,202334,3036
409,221,422,242,0.721,hummingbird,56,rec_1206.mp4,202401,3037
409,221,422,242,0.721,hummingbird,56,rec_1206.mp4,202467,3038
409,221,422,242,0.705,hummingbird,56,rec_1206.mp4,202534,3039
409,221,422,242,0.736,hummingbird,56,rec_1206.mp4,202601,3040
408,221,422,242,0.739,hummingbird,56,rec_1206.mp4,202667,3041
408,221,422,242,0.752,hummingbird,56,rec_1206.mp4,202734,3042
408,220,421,241,0.742,hummingbird,56,rec_1206.mp4,202801,3043
408,220,421,241,0.743,hummingbird,56,rec_1206.mp4,202867,3044
408,221,421,242,0.747,hummingbird,56,rec_1206.mp4,202934,3045
408,221,421,242,0.746,hummingbird,56,rec_1206.mp4,203001,3046
408,221,421,242,0.745,hummingbird,56,rec_1206.mp4,203067,3047
408,221,421,242,0.745,hummingbird,56,rec_1206.mp4,203134,3048
408,221,421,242,0.745,hummingbird,56,rec_1206.mp4,203201,3049
408,221,421,242,0.73,hummingbird,56,rec_1206.mp4,203267,3050
408,221,421,242,0.72,hummingbird,56,rec_1206.mp4,203334,3051
408,221,421,242,0.725,hummingbird,56,rec_1206.mp4,203401,3052
408,221,421,242,0.724,hummingbird,56,rec_1206.mp4,203467,3053
408,221,421,242,0.724,hummingbird,56,rec_1206.mp4,203534,3054
408,221,421,242,0.716,hummingbird,56,rec_1206.mp4,203601,3055
408,221,421,242,0.716,hummingbird,56,rec_1206.mp4,203667,3056
408,221,421,242,0.716,hummingbird,56,rec_1206.mp4,203734,3057
408,221,421,242,0.716,hummingbird,56,rec_1206.mp4,203801,3058
408,221,421,242,0.713,hummingbird,56,rec_1206.mp4,203867,3059
408,221,421,242,0.739,hummingbird,56,rec_1206.mp4,203934,3060
408,221,422,242,0.758,hummingbird,56,rec_1206.mp4,204001,3061
408,221,421,241,0.754,hummingbird,56,rec_1206.mp4,204067,3062
408,221,421,241,0.759,hummingbird,56,rec_1206.mp4,204134,3063
408,221,421,241,0.753,hummingbird,56,rec_1206.mp4,204201,3064
408,221,421,241,0.752,hummingbird,56,rec_1206.mp4,204267,3065
408,221,421,241,0.753,hummingbird,56,rec_1206.mp4,204334,3066
408,221,421,241,0.753,hummingbird,56,rec_1206.mp4,204401,3067
408,221,421,241,0.753,hummingbird,56,rec_1206.mp4,204467,3068
408,221,421,241,0.752,hummingbird,56,rec_1206.mp4,204534,3069
408,221,421,241,0.762,hummingbird,56,rec_1206.mp4,204601,3070
408,221,421,242,0.777,hummingbird,56,rec_1206.mp4,204667,3071
408,221,422,242,0.758,hummingbird,56,rec_1206.mp4,204734,3072
408,221,422,242,0.758,hummingbird,56,rec_1206.mp4,204801,3073
408,221,422,242,0.754,hummingbird,56,rec_1206.mp4,204867,3074
408,221,422,242,0.753,hummingbird,56,rec_1206.mp4,204934,3075
408,221,422,242,0.749,hummingbird,56,rec_1206.mp4,205001,3076
408,221,422,242,0.749,hummingbird,56,rec_1206.mp4,205067,3077
408,221,422,242,0.749,hummingbird,56,rec_1206.mp4,205134,3078
408,221,422,242,0.753,hummingbird,56,rec_1206.mp4,205201,3079
408,221,421,242,0.76,hummingbird,56,rec_1206.mp4,205267,3080
408,221,421,242,0.772,hummingbird,56,rec_1206.mp4,205334,3081
408,221,421,242,0.772,hummingbird,56,rec_1206.mp4,205401,3082
408,221,421,242,0.772,hummingbird,56,rec_1206.mp4,205467,3083
408,221,421,242,0.753,hummingbird,56,rec_1206.mp4,205534,3084
408,221,422,242,0.758,hummingbird,56,rec_1206.mp4,205601,3085
408,221,422,242,0.759,hummingbird,56,rec_1206.mp4,205667,3086
408,221,422,242,0.759,hummingbird,56,rec_1206.mp4,205734,3087
408,221,422,242,0.759,hummingbird,56,rec_1206.mp4,205801,3088
408,221,421,242,0.745,hummingbird,56,rec_1206.mp4,205867,3089
408,221,422,242,0.758,hummingbird,56,rec_1206.mp4,205934,3090
408,221,421,242,0.764,hummingbird,56,rec_1206.mp4,206001,3091
408,221,421,242,0.764,hummingbird,56,rec_1206.mp4,206067,3092
408,221,422,242,0.774,hummingbird,56,rec_1206.mp4,206134,3093
409,221,422,242,0.742,hummingbird,56,rec_1206.mp4,206201,3094
409,221,422,242,0.743,hummingbird,56,rec_1206.mp4,206267,3095
409,221,422,242,0.743,hummingbird,56,rec_1206.mp4,206334,3096
409,221,422,242,0.743,hummingbird,56,rec_1206.mp4,206401,3097
409,221,422,242,0.75,hummingbird,56,rec_1206.mp4,206467,3098
409,221,422,242,0.755,hummingbird,56,rec_1206.mp4,206534,3099
409,221,422,242,0.753,hummingbird,56,rec_1206.mp4,206601,3100
409,221,422,242,0.768,hummingbird,56,rec_1206.mp4,206667,3101
409,221,422,242,0.768,hummingbird,56,rec_1206.mp4,206734,3102
409,221,423,242,0.759,hummingbird,56,rec_1206.mp4,206801,3103
409,221,422,242,0.751,hummingbird,56,rec_1206.mp4,206867,3104
409,221,422,242,0.748,hummingbird,56,rec_1206.mp4,206934,3105
409,221,422,242,0.748,hummingbird,56,rec_1206.mp4,207001,3106
409,221,422,242,0.748,hummingbird,56,rec_1206.mp4,207067,3107
409,221,422,242,0.749,hummingbird,56,rec_1206.mp4,207134,3108
408,221,421,242,0.759,hummingbird,56,rec_1206.mp4,207201,3109
408,221,421,242,0.759,hummingbird,56,rec_1206.mp4,207267,3110
408,221,421,242,0.767,hummingbird,56,rec_1206.mp4,207334,3111
408,221,421,241,0.758,hummingbird,56,rec_1206.mp4,207401,3112
408,221,421,241,0.76,hummingbird,56,rec_1206.mp4,207467,3113
408,221,421,241,0.76,hummingbird,56,rec_1206.mp4,207534,3114
408,221,421,241,0.76,hummingbird,56,rec_1206.mp4,207601,3115
408,221,421,241,0.759,hummingbird,56,rec_1206.mp4,207667,3116
408,221,421,242,0.77,hummingbird,56,rec_1206.mp4,207734,3117
408,221,421,242,0.77,hummingbird,56,rec_1206.mp4,207801,3118
408,221,422,242,0.769,hummingbird,56,rec_1206.mp4,207867,3119
408,221,421,242,0.774,hummingbird,56,rec_1206.mp4,207934,3120
409,221,423,242,0.757,hummingbird,56,rec_1206.mp4,208001,3121
409,221,423,242,0.757,hummingbird,56,rec_1206.mp4,208067,3122
409,221,423,242,0.757,hummingbird,56,rec_1206.mp4,208134,3123
409,221,423,242,0.758,hummingbird,56,rec_1206.mp4,208201,3124
409,221,423,242,0.758,hummingbird,56,rec_1206.mp4,208267,3125
409,221,423,242,0.758,hummingbird,56,rec_1206.mp4,208334,3126
409,221,423,242,0.758,hummingbird,56,rec_1206.mp4,208401,3127
409,221,423,242,0.758,hummingbird,56,rec_1206.mp4,208467,3128
409,221,423,242,0.758,hummingbird,56,rec_1206.mp4,208534,3129
409,221,423,242,0.766,hummingbird,56,rec_1206.mp4,208601,3130
409,221,423,242,0.763,hummingbird,56,rec_1206.mp4,208667,3131
409,221,423,242,0.762,hummingbird,56,rec_1206.mp4,208734,3132
409,221,423,242,0.762,hummingbird,56,rec_1206.mp4,208801,3133
409,222,423,242,0.765,hummingbird,56,rec_1206.mp4,208867,3134
409,221,423,242,0.763,hummingbird,56,rec_1206.mp4,208934,3135
409,221,423,242,0.762,hummingbird,56,rec_1206.mp4,209001,3136
409,221,423,242,0.762,hummingbird,56,rec_1206.mp4,209067,3137
409,221,423,242,0.775,hummingbird,56,rec_1206.mp4,209134,3138
409,221,423,242,0.775,hummingbird,56,rec_1206.mp4,209201,3139
409,221,423,242,0.766,hummingbird,56,rec_1206.mp4,209267,3140
409,221,422,242,0.772,hummingbird,56,rec_1206.mp4,209334,3141
409,221,423,242,0.758,hummingbird,56,rec_1206.mp4,209401,3142
409,221,423,242,0.766,hummingbird,56,rec_1206.mp4,209467,3143
409,221,423,242,0.767,hummingbird,56,rec_1206.mp4,209534,3144
409,221,423,242,0.767,hummingbird,56,rec_1206.mp4,209601,3145
409,221,423,242,0.767,hummingbird,56,rec_1206.mp4,209667,3146
409,221,423,242,0.754,hummingbird,56,rec_1206.mp4,209734,3147
409,221,423,242,0.754,hummingbird,56,rec_1206.mp4,209801,3148
409,221,423,242,0.754,hummingbird,56,rec_1206.mp4,209867,3149
409,221,423,242,0.744,hummingbird,56,rec_1206.mp4,209934,3150
408,222,422,242,0.782,hummingbird,56,rec_1206.mp4,210001,3151
408,222,422,242,0.782,hummingbird,56,rec_1206.mp4,210067,3152
408,221,422,242,0.78,hummingbird,56,rec_1206.mp4,210134,3153
408,221,422,242,0.78,hummingbird,56,rec_1206.mp4,210201,3154
408,221,422,242,0.78,hummingbird,56,rec_1206.mp4,210267,3155
408,221,422,242,0.781,hummingbird,56,rec_1206.mp4,210334,3156
408,222,422,242,0.778,hummingbird,56,rec_1206.mp4,210401,3157
408,222,422,242,0.777,hummingbird,56,rec_1206.mp4,210467,3158
408,222,422,242,0.774,hummingbird,56,rec_1206.mp4,210534,3159
408,221,422,242,0.775,hummingbird,56,rec_1206.mp4,210601,3160
408,222,422,242,0.79,hummingbird,56,rec_1206.mp4,210667,3161
408,222,422,242,0.786,hummingbird,56,rec_1206.mp4,210734,3162
408,221,422,242,0.778,hummingbird,56,rec_1206.mp4,210801,3163
408,221,422,242,0.777,hummingbird,56,rec_1206.mp4,210867,3164
408,221,422,242,0.777,hummingbird,56,rec_1206.mp4,210934,3165
408,221,422,242,0.777,hummingbird,56,rec_1206.mp4,211001,3166
408,221,422,242,0.769,hummingbird,56,rec_1206.mp4,211067,3167
408,221,422,242,0.775,hummingbird,56,rec_1206.mp4,211134,3168
408,221,422,242,0.775,hummingbird,56,rec_1206.mp4,211201,3169
408,222,422,242,0.783,hummingbird,56,rec_1206.mp4,211267,3170
408,221,422,242,0.773,hummingbird,56,rec_1206.mp4,211334,3171
408,221,422,242,0.771,hummingbird,56,rec_1206.mp4,211401,3172
408,221,422,242,0.773,hummingbird,56,rec_1206.mp4,211467,3173
408,221,422,242,0.773,hummingbird,56,rec_1206.mp4,211534,3174
408,221,422,242,0.773,hummingbird,56,rec_1206.mp4,211601,3175
408,221,422,242,0.773,hummingbird,56,rec_1206.mp4,211667,3176
408,221,422,242,0.773,hummingbird,56,rec_1206.mp4,211734,3177
408,221,422,242,0.771,hummingbird,56,rec_1206.mp4,211801,3178
408,221,422,242,0.773,hummingbird,56,rec_1206.mp4,211867,3179
408,221,422,242,0.769,hummingbird,56,rec_1206.mp4,211934,3180
408,221,421,242,0.747,hummingbird,56,rec_1206.mp4,212001,3181
408,221,421,242,0.747,hummingbird,56,rec_1206.mp4,212067,3182
409,221,422,242,0.781,hummingbird,56,rec_1206.mp4,212134,3183
409,221,422,242,0.78,hummingbird,56,rec_1206.mp4,212201,3184
409,221,422,242,0.78,hummingbird,56,rec_1206.mp4,212267,3185
408,221,422,242,0.78,hummingbird,56,rec_1206.mp4,212334,3186
409,221,422,242,0.78,hummingbird,56,rec_1206.mp4,212401,3187
408,221,422,242,0.782,hummingbird,56,rec_1206.mp4,212467,3188
409,221,422,242,0.77,hummingbird,56,rec_1206.mp4,212534,3189
408,221,422,242,0.776,hummingbird,56,rec_1206.mp4,212601,3190
408,221,422,242,0.783,hummingbird,56,rec_1206.mp4,212667,3191
408,221,422,242,0.784,hummingbird,56,rec_1206.mp4,212734,3192
408,221,422,242,0.784,hummingbird,56,rec_1206.mp4,212801,3193
408,221,422,242,0.784,hummingbird,56,rec_1206.mp4,212867,3194
408,221,422,242,0.784,hummingbird,56,rec_1206.mp4,212934,3195
408,221,422,242,0.787,hummingbird,56,rec_1206.mp4,213001,3196
408,221,422,242,0.787,hummingbird,56,rec_1206.mp4,213067,3197
408,221,422,242,0.787,hummingbird,56,rec_1206.mp4,213134,3198
408,221,422,242,0.787,hummingbird,56,rec_1206.mp4,213201,3199
408,221,422,242,0.787,hummingbird,56,rec_1206.mp4,213267,3200
408,221,422,242,0.785,hummingbird,56,rec_1206.mp4,213334,3201
408,221,422,242,0.792,hummingbird,56,rec_1206.mp4,213401,3202
409,221,422,242,0.774,hummingbird,56,rec_1206.mp4,213467,3203
409,221,422,242,0.774,hummingbird,56,rec_1206.mp4,213534,3204
408,221,422,242,0.77,hummingbird,56,rec_1206.mp4,213601,3205
408,221,422,242,0.77,hummingbird,56,rec_1206.mp4,213667,3206
408,221,422,242,0.768,hummingbird,56,rec_1206.mp4,213734,3207
409,221,422,242,0.774,hummingbird,56,rec_1206.mp4,213801,3208
409,221,422,242,0.774,hummingbird,56,rec_1206.mp4,213867,3209
408,221,422,242,0.776,hummingbird,56,rec_1206.mp4,213934,3210
408,220,422,242,0.772,hummingbird,56,rec_1206.mp4,214001,3211
408,220,422,242,0.771,hummingbird,56,rec_1206.mp4,214067,3212
408,221,422,242,0.761,hummingbird,56,rec_1206.mp4,214134,3213
408,221,422,242,0.757,hummingbird,56,rec_1206.mp4,214201,3214
408,221,422,242,0.756,hummingbird,56,rec_1206.mp4,214267,3215
408,221,422,242,0.772,hummingbird,56,rec_1206.mp4,214334,3216
408,221,422,242,0.773,hummingbird,56,rec_1206.mp4,214401,3217
408,221,422,242,0.774,hummingbird,56,rec_1206.mp4,214467,3218
408,221,422,242,0.777,hummingbird,56,rec_1206.mp4,214534,3219
408,221,422,242,0.777,hummingbird,56,rec_1206.mp4,214601,3220
408,221,422,242,0.777,hummingbird,56,rec_1206.mp4,214667,3221
408,221,422,242,0.776,hummingbird,56,rec_1206.mp4,214734,3222
408,221,422,242,0.776,hummingbird,56,rec_1206.mp4,214801,3223
408,221,422,242,0.776,hummingbird,56,rec_1206.mp4,214867,3224
408,221,422,242,0.778,hummingbird,56,rec_1206.mp4,214934,3225
408,221,422,242,0.778,hummingbird,56,rec_1206.mp4,215001,3226
408,221,422,242,0.776,hummingbird,56,rec_1206.mp4,215067,3227
408,221,422,242,0.776,hummingbird,56,rec_1206.mp4,215134,3228
408,221,422,242,0.776,hummingbird,56,rec_1206.mp4,215201,3229
408,221,422,242,0.778,hummingbird,56,rec_1206.mp4,215267,3230
408,221,422,242,0.783,hummingbird,56,rec_1206.mp4,215334,3231
408,221,422,242,0.784,hummingbird,56,rec_1206.mp4,215401,3232
408,221,422,242,0.78,hummingbird,56,rec_1206.mp4,215467,3233
408,221,422,242,0.78,hummingbird,56,rec_1206.mp4,215534,3234
408,221,422,242,0.78,hummingbird,56,rec_1206.mp4,215601,3235
408,221,422,242,0.78,hummingbird,56,rec_1206.mp4,215667,3236
408,221,422,242,0.783,hummingbird,56,rec_1206.mp4,215734,3237
408,221,422,242,0.783,hummingbird,56,rec_1206.mp4,215801,3238
408,221,422,242,0.782,hummingbird,56,rec_1206.mp4,215867,3239
408,220,422,242,0.775,hummingbird,56,rec_1206.mp4,215934,3240
408,221,421,241,0.758,hummingbird,56,rec_1206.mp4,216001,3241
408,221,421,241,0.758,hummingbird,56,rec_1206.mp4,216067,3242
408,221,421,241,0.758,hummingbird,56,rec_1206.mp4,216134,3243
408,221,421,241,0.758,hummingbird,56,rec_1206.mp4,216201,3244
408,221,421,241,0.758,hummingbird,56,rec_1206.mp4,216267,3245
408,221,421,241,0.758,hummingbird,56,rec_1206.mp4,216334,3246
408,221,421,241,0.758,hummingbird,56,rec_1206.mp4,216401,3247
408,221,421,241,0.758,hummingbird,56,rec_1206.mp4,216467,3248
408,221,421,241,0.748,hummingbird,56,rec_1206.mp4,216534,3249
408,221,422,241,0.759,hummingbird,56,rec_1206.mp4,216601,3250
408,221,422,241,0.751,hummingbird,56,rec_1206.mp4,216667,3251
408,221,422,241,0.751,hummingbird,56,rec_1206.mp4,216734,3252
408,221,422,241,0.752,hummingbird,56,rec_1206.mp4,216801,3253
408,221,422,241,0.753,hummingbird,56,rec_1206.mp4,216867,3254
408,221,422,242,0.771,hummingbird,56,rec_1206.mp4,216934,3255
408,221,422,242,0.771,hummingbird,56,rec_1206.mp4,217001,3256
408,221,422,242,0.771,hummingbird,56,rec_1206.mp4,217067,3257
408,221,422,242,0.768,hummingbird,56,rec_1206.mp4,217134,3258
409,221,422,242,0.766,hummingbird,56,rec_1206.mp4,217201,3259
409,221,422,242,0.766,hummingbird,56,rec_1206.mp4,217267,3260
408,221,422,242,0.759,hummingbird,56,rec_1206.mp4,217334,3261
408,221,422,242,0.76,hummingbird,56,rec_1206.mp4,217401,3262
408,221,422,242,0.764,hummingbird,56,rec_1206.mp4,217467,3263
408,221,422,242,0.764,hummingbird,56,rec_1206.mp4,217534,3264
408,221,422,242,0.764,hummingbird,56,rec_1206.mp4,217601,3265
408,221,422,242,0.764,hummingbird,56,rec_1206.mp4,217667,3266
408,221,422,242,0.764,hummingbird,56,rec_1206.mp4,217734,3267
408,221,422,242,0.765,hummingbird,56,rec_1206.mp4,217801,3268
408,221,422,242,0.768,hummingbird,56,rec_1206.mp4,217867,3269
409,221,422,242,0.764,hummingbird,56,rec_1206.mp4,217934,3270
408,221,421,241,0.733,hummingbird,56,rec_1206.mp4,218001,3271
408,221,421,241,0.732,hummingbird,56,rec_1206.mp4,218067,3272
408,221,421,241,0.728,hummingbird,56,rec_1206.mp4,218134,3273
408,221,421,241,0.729,hummingbird,56,rec_1206.mp4,218201,3274
408,221,422,241,0.744,hummingbird,56,rec_1206.mp4,218267,3275
408,221,422,241,0.744,hummingbird,56,rec_1206.mp4,218334,3276
408,221,422,241,0.749,hummingbird,56,rec_1206.mp4,218401,3277
408,221,422,242,0.754,hummingbird,56,rec_1206.mp4,218467,3278
409,221,422,242,0.754,hummingbird,56,rec_1206.mp4,218534,3279
408,221,422,242,0.761,hummingbird,56,rec_1206.mp4,218601,3280
408,221,422,242,0.761,hummingbird,56,rec_1206.mp4,218667,3281
408,221,422,242,0.759,hummingbird,56,rec_1206.mp4,218734,3282
408,221,422,242,0.757,hummingbird,56,rec_1206.mp4,218801,3283
408,221,422,242,0.757,hummingbird,56,rec_1206.mp4,218867,3284
408,221,422,242,0.757,hummingbird,56,rec_1206.mp4,218934,3285
408,221,422,242,0.757,hummingbird,56,rec_1206.mp4,219001,3286
408,221,422,242,0.755,hummingbird,56,rec_1206.mp4,219067,3287
408,221,422,242,0.756,hummingbird,56,rec_1206.mp4,219134,3288
408,221,422,242,0.755,hummingbird,56,rec_1206.mp4,219201,3289
408,221,422,242,0.756,hummingbird,56,rec_1206.mp4,219267,3290
408,221,422,242,0.756,hummingbird,56,rec_1206.mp4,219334,3291
408,221,422,242,0.758,hummingbird,56,rec_1206.mp4,219401,3292
408,221,422,242,0.757,hummingbird,56,rec_1206.mp4,219467,3293
408,221,422,242,0.757,hummingbird,56,rec_1206.mp4,219534,3294
408,221,422,242,0.757,hummingbird,56,rec_1206.mp4,219601,3295
408,221,422,242,0.757,hummingbird,56,rec_1206.mp4,219667,3296
408,221,422,242,0.751,hummingbird,56,rec_1206.mp4,219734,3297
408,221,422,241,0.754,hummingbird,56,rec_1206.mp4,219801,3298
408,221,422,241,0.754,hummingbird,56,rec_1206.mp4,219867,3299
408,221,422,241,0.754,hummingbird,56,rec_1206.mp4,219934,3300
409,221,423,241,0.725,hummingbird,56,rec_1206.mp4,220001,3301
409,221,423,241,0.728,hummingbird,56,rec_1206.mp4,220067,3302
409,221,423,241,0.729,hummingbird,56,rec_1206.mp4,220134,3303
409,221,423,241,0.729,hummingbird,56,rec_1206.mp4,220201,3304
409,221,423,241,0.729,hummingbird,56,rec_1206.mp4,220267,3305
409,221,423,241,0.73,hummingbird,56,rec_1206.mp4,220334,3306
409,221,423,241,0.73,hummingbird,56,rec_1206.mp4,220401,3307
409,221,423,242,0.729,hummingbird,56,rec_1206.mp4,220467,3308
409,221,423,242,0.732,hummingbird,56,rec_1206.mp4,220534,3309
409,221,423,242,0.733,hummingbird,56,rec_1206.mp4,220601,3310
409,221,423,242,0.738,hummingbird,56,rec_1206.mp4,220667,3311
409,221,423,242,0.764,hummingbird,56,rec_1206.mp4,220734,3312
409,221,422,242,0.757,hummingbird,56,rec_1206.mp4,220801,3313
409,221,422,242,0.758,hummingbird,56,rec_1206.mp4,220867,3314
409,221,422,242,0.763,hummingbird,56,rec_1206.mp4,220934,3315
409,221,422,242,0.764,hummingbird,56,rec_1206.mp4,221001,3316
409,221,422,242,0.763,hummingbird,56,rec_1206.mp4,221067,3317
409,221,422,242,0.772,hummingbird,56,rec_1206.mp4,221134,3318
409,221,422,242,0.773,hummingbird,56,rec_1206.mp4,221201,3319
408,221,422,242,0.777,hummingbird,56,rec_1206.mp4,221267,3320
408,221,422,242,0.777,hummingbird,56,rec_1206.mp4,221334,3321
408,221,422,242,0.777,hummingbird,56,rec_1206.mp4,221401,3322
408,221,422,242,0.777,hummingbird,56,rec_1206.mp4,221467,3323
408,221,422,242,0.781,hummingbird,56,rec_1206.mp4,221534,3324
408,221,422,242,0.781,hummingbird,56,rec_1206.mp4,221601,3325
408,221,422,242,0.779,hummingbird,56,rec_1206.mp4,221667,3326
408,221,422,242,0.78,hummingbird,56,rec_1206.mp4,221734,3327
408,222,423,242,0.788,hummingbird,56,rec_1206.mp4,221801,3328
409,221,422,242,0.78,hummingbird,56,rec_1206.mp4,221867,3329
409,221,422,242,0.779,hummingbird,56,rec_1206.mp4,221934,3330
408,221,422,242,0.779,hummingbird,56,rec_1206.mp4,222001,3331
408,221,422,242,0.781,hummingbird,56,rec_1206.mp4,222067,3332
408,221,422,242,0.779,hummingbird,56,rec_1206.mp4,222134,3333
408,221,422,242,0.779,hummingbird,56,rec_1206.mp4,222201,3334
408,221,422,242,0.78,hummingbird,56,rec_1206.mp4,222267,3335
408,221,422,242,0.78,hummingbird,56,rec_1206.mp4,222334,3336
408,221,422,241,0.78,hummingbird,56,rec_1206.mp4,222401,3337
408,221,422,242,0.779,hummingbird,56,rec_1206.mp4,222467,3338
408,221,422,242,0.775,hummingbird,56,rec_1206.mp4,222534,3339
408,221,422,242,0.776,hummingbird,56,rec_1206.mp4,222601,3340
408,221,422,242,0.785,hummingbird,56,rec_1206.mp4,222667,3341
408,221,422,242,0.785,hummingbird,56,rec_1206.mp4,222734,3342
408,221,422,242,0.785,hummingbird,56,rec_1206.mp4,222801,3343
408,221,422,242,0.785,hummingbird,56,rec_1206.mp4,222867,3344
408,221,422,242,0.785,hummingbird,56,rec_1206.mp4,222934,3345
408,221,422,242,0.784,hummingbird,56,rec_1206.mp4,223001,3346
409,221,422,242,0.781,hummingbird,56,rec_1206.mp4,223067,3347
409,221,422,242,0.781,hummingbird,56,rec_1206.mp4,223134,3348
408,221,422,242,0.783,hummingbird,56,rec_1206.mp4,223201,3349
409,221,422,242,0.783,hummingbird,56,rec_1206.mp4,223267,3350
409,221,422,242,0.783,hummingbird,56,rec_1206.mp4,223334,3351
408,221,422,242,0.783,hummingbird,56,rec_1206.mp4,223401,3352
409,221,422,242,0.783,hummingbird,56,rec_1206.mp4,223467,3353
409,221,422,242,0.783,hummingbird,56,rec_1206.mp4,223534,3354
409,221,422,242,0.782,hummingbird,56,rec_1206.mp4,223601,3355
409,221,422,242,0.784,hummingbird,56,rec_1206.mp4,223667,3356
409,221,422,242,0.784,hummingbird,56,rec_1206.mp4,223734,3357
409,221,422,242,0.782,hummingbird,56,rec_1206.mp4,223801,3358
408,221,422,242,0.774,hummingbird,56,rec_1206.mp4,223867,3359
408,221,422,242,0.776,hummingbird,56,rec_1206.mp4,223934,3360
409,222,423,242,0.774,hummingbird,56,rec_1206.mp4,224001,3361
409,222,422,242,0.768,hummingbird,56,rec_1206.mp4,224067,3362
409,222,422,242,0.768,hummingbird,56,rec_1206.mp4,224134,3363
409,222,422,242,0.771,hummingbird,56,rec_1206.mp4,224201,3364
409,222,422,242,0.771,hummingbird,56,rec_1206.mp4,224267,3365
409,222,422,242,0.771,hummingbird,56,rec_1206.mp4,224334,3366
409,222,422,242,0.77,hummingbird,56,rec_1206.mp4,224401,3367
409,222,422,242,0.767,hummingbird,56,rec_1206.mp4,224467,3368
409,221,423,242,0.772,hummingbird,56,rec_1206.mp4,224534,3369
409,221,423,242,0.772,hummingbird,56,rec_1206.mp4,224601,3370
409,221,423,242,0.774,hummingbird,56,rec_1206.mp4,224667,3371
409,221,423,242,0.774,hummingbird,56,rec_1206.mp4,224734,3372
409,221,423,242,0.774,hummingbird,56,rec_1206.mp4,224801,3373
409,221,423,242,0.774,hummingbird,56,rec_1206.mp4,224867,3374
409,221,423,242,0.771,hummingbird,56,rec_1206.mp4,224934,3375
409,222,423,242,0.771,hummingbird,56,rec_1206.mp4,225001,3376
409,221,423,242,0.765,hummingbird,56,rec_1206.mp4,225067,3377
409,221,423,242,0.765,hummingbird,56,rec_1206.mp4,225134,3378
409,221,423,242,0.767,hummingbird,56,rec_1206.mp4,225201,3379
409,221,423,242,0.766,hummingbird,56,rec_1206.mp4,225267,3380
409,221,423,242,0.767,hummingbird,56,rec_1206.mp4,225334,3381
409,221,423,242,0.767,hummingbird,56,rec_1206.mp4,225401,3382
409,221,423,242,0.767,hummingbird,56,rec_1206.mp4,225467,3383
409,221,423,242,0.768,hummingbird,56,rec_1206.mp4,225534,3384
409,221,423,242,0.768,hummingbird,56,rec_1206.mp4,225601,3385
409,221,423,242,0.767,hummingbird,56,rec_1206.mp4,225667,3386
409,221,423,242,0.765,hummingbird,56,rec_1206.mp4,225734,3387
409,221,423,242,0.765,hummingbird,56,rec_1206.mp4,225801,3388
409,221,423,242,0.765,hummingbird,56,rec_1206.mp4,225867,3389
409,221,423,242,0.764,hummingbird,56,rec_1206.mp4,225934,3390
409,221,423,243,0.782,hummingbird,56,rec_1206.mp4,226001,3391
409,221,423,243,0.783,hummingbird,56,rec_1206.mp4,226067,3392
409,221,423,243,0.784,hummingbird,56,rec_1206.mp4,226134,3393
409,221,423,243,0.784,hummingbird,56,rec_1206.mp4,226201,3394
409,221,423,243,0.783,hummingbird,56,rec_1206.mp4,226267,3395
409,221,422,242,0.776,hummingbird,56,rec_1206.mp4,226334,3396
409,221,422,242,0.776,hummingbird,56,rec_1206.mp4,226401,3397
409,221,422,242,0.774,hummingbird,56,rec_1206.mp4,226467,3398
409,221,422,242,0.774,hummingbird,56,rec_1206.mp4,226534,3399
409,221,422,242,0.775,hummingbird,56,rec_1206.mp4,226601,3400
409,221,423,242,0.775,hummingbird,56,rec_1206.mp4,226667,3401
409,221,423,242,0.775,hummingbird,56,rec_1206.mp4,226734,3402
408,221,423,242,0.772,hummingbird,56,rec_1206.mp4,226801,3403
408,221,423,242,0.773,hummingbird,56,rec_1206.mp4,226867,3404
409,221,423,242,0.764,hummingbird,56,rec_1206.mp4,226934,3405
409,221,423,242,0.765,hummingbird,56,rec_1206.mp4,227001,3406
409,221,423,242,0.762,hummingbird,56,rec_1206.mp4,227067,3407
409,221,423,242,0.755,hummingbird,56,rec_1206.mp4,227134,3408
409,221,423,242,0.764,hummingbird,56,rec_1206.mp4,227201,3409
409,221,424,242,0.766,hummingbird,56,rec_1206.mp4,227267,3410
409,221,423,242,0.752,hummingbird,56,rec_1206.mp4,227334,3411
409,221,423,242,0.757,hummingbird,56,rec_1206.mp4,227401,3412
409,221,423,242,0.758,hummingbird,56,rec_1206.mp4,227467,3413
409,221,423,242,0.758,hummingbird,56,rec_1206.mp4,227534,3414
409,221,423,242,0.758,hummingbird,56,rec_1206.mp4,227601,3415
409,221,424,242,0.758,hummingbird,56,rec_1206.mp4,227667,3416
409,221,424,242,0.757,hummingbird,56,rec_1206.mp4,227734,3417
408,221,423,242,0.758,hummingbird,56,rec_1206.mp4,227801,3418
408,221,423,242,0.761,hummingbird,56,rec_1206.mp4,227867,3419
408,221,423,242,0.763,hummingbird,56,rec_1206.mp4,227934,3420
408,220,421,242,0.76,hummingbird,56,rec_1206.mp4,228001,3421
408,220,421,242,0.758,hummingbird,56,rec_1206.mp4,228067,3422
408,220,421,241,0.758,hummingbird,56,rec_1206.mp4,228134,3423
408,221,421,242,0.76,hummingbird,56,rec_1206.mp4,228201,3424
408,221,421,242,0.76,hummingbird,56,rec_1206.mp4,228267,3425
408,221,421,242,0.76,hummingbird,56,rec_1206.mp4,228334,3426
408,221,422,242,0.756,hummingbird,56,rec_1206.mp4,228401,3427
408,221,422,242,0.749,hummingbird,56,rec_1206.mp4,228467,3428
408,221,422,242,0.75,hummingbird,56,rec_1206.mp4,228534,3429
408,221,422,242,0.749,hummingbird,56,rec_1206.mp4,228601,3430
408,221,422,242,0.749,hummingbird,56,rec_1206.mp4,228667,3431
408,221,422,242,0.75,hummingbird,56,rec_1206.mp4,228734,3432
408,221,422,242,0.75,hummingbird,56,rec_1206.mp4,228801,3433
408,221,422,242,0.75,hummingbird,56,rec_1206.mp4,228867,3434
408,221,422,242,0.752,hummingbird,56,rec_1206.mp4,228934,3435
408,221,422,242,0.752,hummingbird,56,rec_1206.mp4,229001,3436
408,221,422,242,0.752,hummingbird,56,rec_1206.mp4,229067,3437
408,221,422,242,0.744,hummingbird,56,rec_1206.mp4,229134,3438
408,221,422,242,0.744,hummingbird,56,rec_1206.mp4,229201,3439
408,221,422,242,0.75,hummingbird,56,rec_1206.mp4,229267,3440
408,221,421,242,0.753,hummingbird,56,rec_1206.mp4,229334,3441
408,221,422,242,0.754,hummingbird,56,rec_1206.mp4,229401,3442
408,221,422,242,0.754,hummingbird,56,rec_1206.mp4,229467,3443
408,221,422,242,0.754,hummingbird,56,rec_1206.mp4,229534,3444
408,221,421,242,0.753,hummingbird,56,rec_1206.mp4,229601,3445
408,221,421,242,0.761,hummingbird,56,rec_1206.mp4,229667,3446
408,221,422,242,0.768,hummingbird,56,rec_1206.mp4,229734,3447
408,221,422,242,0.768,hummingbird,56,rec_1206.mp4,229801,3448
408,221,422,242,0.768,hummingbird,56,rec_1206.mp4,229867,3449
408,221,422,242,0.768,hummingbird,56,rec_1206.mp4,229934,3450
408,221,422,241,0.763,hummingbird,56,rec_1206.mp4,230001,3451
408,221,422,242,0.774,hummingbird,56,rec_1206.mp4,230067,3452
408,221,422,242,0.773,hummingbird,56,rec_1206.mp4,230134,3453
408,221,422,242,0.774,hummingbird,56,rec_1206.mp4,230201,3454
408,221,422,242,0.773,hummingbird,56,rec_1206.mp4,230267,3455
408,221,422,242,0.774,hummingbird,56,rec_1206.mp4,230334,3456
408,221,422,242,0.774,hummingbird,56,rec_1206.mp4,230401,3457
408,221,422,242,0.774,hummingbird,56,rec_1206.mp4,230467,3458
408,221,422,242,0.773,hummingbird,56,rec_1206.mp4,230534,3459
408,221,422,241,0.774,hummingbird,56,rec_1206.mp4,230601,3460
408,221,422,241,0.772,hummingbird,56,rec_1206.mp4,230667,3461
408,221,422,241,0.775,hummingbird,56,rec_1206.mp4,230734,3462
408,221,422,241,0.775,hummingbird,56,rec_1206.mp4,230801,3463
408,221,422,241,0.774,hummingbird,56,rec_1206.mp4,230867,3464
408,221,422,241,0.775,hummingbird,56,rec_1206.mp4,230934,3465
408,221,422,241,0.765,hummingbird,56,rec_1206.mp4,231001,3466
408,221,422,241,0.765,hummingbird,56,rec_1206.mp4,231067,3467
408,221,422,241,0.761,hummingbird,56,rec_1206.mp4,231134,3468
408,221,422,241,0.761,hummingbird,56,rec_1206.mp4,231201,3469
408,221,422,241,0.762,hummingbird,56,rec_1206.mp4,231267,3470
408,221,422,241,0.761,hummingbird,56,rec_1206.mp4,231334,3471
408,221,422,242,0.774,hummingbird,56,rec_1206.mp4,231401,3472
408,221,422,242,0.774,hummingbird,56,rec_1206.mp4,231467,3473
408,221,422,242,0.774,hummingbird,56,rec_1206.mp4,231534,3474
408,221,422,241,0.774,hummingbird,56,rec_1206.mp4,231601,3475
408,221,422,242,0.774,hummingbird,56,rec_1206.mp4,231667,3476
408,221,422,242,0.77,hummingbird,56,rec_1206.mp4,231734,3477
408,221,422,242,0.77,hummingbird,56,rec_1206.mp4,231801,3478
408,221,422,241,0.765,hummingbird,56,rec_1206.mp4,231867,3479
408,221,422,241,0.765,hummingbird,56,rec_1206.mp4,231934,3480
408,221,421,242,0.727,hummingbird,56,rec_1206.mp4,232001,3481
408,221,421,242,0.731,hummingbird,56,rec_1206.mp4,232067,3482
408,221,421,242,0.728,hummingbird,56,rec_1206.mp4,232134,3483
408,221,421,242,0.728,hummingbird,56,rec_1206.mp4,232201,3484
408,221,421,242,0.728,hummingbird,56,rec_1206.mp4,232267,3485
409,221,422,242,0.739,hummingbird,56,rec_1206.mp4,232334,3486
409,221,422,242,0.736,hummingbird,56,rec_1206.mp4,232401,3487
409,221,422,242,0.736,hummingbird,56,rec_1206.mp4,232467,3488
409,221,422,242,0.736,hummingbird,56,rec_1206.mp4,232534,3489
409,221,422,242,0.725,hummingbird,56,rec_1206.mp4,232601,3490
409,221,422,242,0.724,hummingbird,56,rec_1206.mp4,232667,3491
409,221,422,242,0.726,hummingbird,56,rec_1206.mp4,232734,3492
409,221,422,242,0.729,hummingbird,56,rec_1206.mp4,232801,3493
409,221,422,242,0.735,hummingbird,56,rec_1206.mp4,232867,3494
409,221,422,242,0.735,hummingbird,56,rec_1206.mp4,232934,3495
409,221,422,242,0.735,hummingbird,56,rec_1206.mp4,233001,3496
409,221,422,242,0.734,hummingbird,56,rec_1206.mp4,233067,3497
409,221,422,242,0.734,hummingbird,56,rec_1206.mp4,233134,3498
409,221,422,242,0.734,hummingbird,56,rec_1206.mp4,233201,3499
409,221,422,242,0.734,hummingbird,56,rec_1206.mp4,233267,3500
409,221,422,242,0.737,hummingbird,56,rec_1206.mp4,233334,3501
409,221,422,242,0.737,hummingbird,56,rec_1206.mp4,233401,3502
409,221,422,242,0.737,hummingbird,56,rec_1206.mp4,233467,3503
409,221,422,242,0.74,hummingbird,56,rec_1206.mp4,233534,3504
409,221,422,242,0.74,hummingbird,56,rec_1206.mp4,233601,3505
409,221,422,242,0.74,hummingbird,56,rec_1206.mp4,233667,3506
409,221,422,242,0.74,hummingbird,56,rec_1206.mp4,233734,3507
409,221,422,242,0.741,hummingbird,56,rec_1206.mp4,233801,3508
409,221,422,242,0.722,hummingbird,56,rec_1206.mp4,233867,3509
409,221,422,242,0.723,hummingbird,56,rec_1206.mp4,233934,3510
409,221,423,242,0.737,hummingbird,56,rec_1206.mp4,234001,3511
409,221,423,242,0.736,hummingbird,56,rec_1206.mp4,234067,3512
409,221,423,242,0.735,hummingbird,56,rec_1206.mp4,234134,3513
409,221,423,242,0.735,hummingbird,56,rec_1206.mp4,234201,3514
409,221,423,242,0.735,hummingbird,56,rec_1206.mp4,234267,3515
409,221,423,242,0.735,hummingbird,56,rec_1206.mp4,234334,3516
409,221,423,242,0.735,hummingbird,56,rec_1206.mp4,234401,3517
409,221,423,242,0.736,hummingbird,56,rec_1206.mp4,234467,3518
409,221,423,242,0.736,hummingbird,56,rec_1206.mp4,234534,3519
409,221,423,242,0.738,hummingbird,56,rec_1206.mp4,234601,3520
409,221,423,242,0.736,hummingbird,56,rec_1206.mp4,234667,3521
409,221,423,242,0.736,hummingbird,56,rec_1206.mp4,234734,3522
409,221,423,242,0.736,hummingbird,56,rec_1206.mp4,234801,3523
409,221,423,242,0.743,hummingbird,56,rec_1206.mp4,234867,3524
409,221,423,242,0.743,hummingbird,56,rec_1206.mp4,234934,3525
409,221,423,242,0.743,hummingbird,56,rec_1206.mp4,235001,3526
409,221,423,242,0.744,hummingbird,56,rec_1206.mp4,235067,3527
409,221,423,242,0.74,hummingbird,56,rec_1206.mp4,235134,3528
409,221,423,242,0.74,hummingbird,56,rec_1206.mp4,235201,3529
409,221,423,242,0.74,hummingbird,56,rec_1206.mp4,235267,3530
409,221,423,242,0.74,hummingbird,56,rec_1206.mp4,235334,3531
409,221,423,242,0.746,hummingbird,56,rec_1206.mp4,235401,3532
409,221,423,242,0.746,hummingbird,56,rec_1206.mp4,235467,3533
409,221,423,242,0.746,hummingbird,56,rec_1206.mp4,235534,3534
409,221,423,242,0.746,hummingbird,56,rec_1206.mp4,235601,3535
410,221,423,242,0.724,hummingbird,56,rec_1206.mp4,235667,3536
410,221,423,242,0.728,hummingbird,56,rec_1206.mp4,235734,3537
410,221,423,242,0.731,hummingbird,56,rec_1206.mp4,235801,3538
409,221,423,242,0.73,hummingbird,56,rec_1206.mp4,235867,3539
409,221,423,242,0.734,hummingbird,56,rec_1206.mp4,235934,3540
408,220,422,242,0.734,hummingbird,56,rec_1206.mp4,236001,3541
408,220,422,242,0.735,hummingbird,56,rec_1206.mp4,236067,3542
408,220,422,242,0.735,hummingbird,56,rec_1206.mp4,236134,3543
408,220,421,242,0.737,hummingbird,56,rec_1206.mp4,236201,3544
408,220,421,242,0.737,hummingbird,56,rec_1206.mp4,236267,3545
408,220,422,242,0.738,hummingbird,56,rec_1206.mp4,236334,3546
408,220,422,242,0.736,hummingbird,56,rec_1206.mp4,236401,3547
408,220,422,242,0.736,hummingbird,56,rec_1206.mp4,236467,3548
408,220,422,242,0.726,hummingbird,56,rec_1206.mp4,236534,3549
408,220,422,242,0.731,hummingbird,56,rec_1206.mp4,236601,3550
408,220,422,242,0.732,hummingbird,56,rec_1206.mp4,236667,3551
408,220,422,242,0.732,hummingbird,56,rec_1206.mp4,236734,3552
408,220,421,242,0.732,hummingbird,56,rec_1206.mp4,236801,3553
408,220,422,242,0.732,hummingbird,56,rec_1206.mp4,236867,3554
408,220,422,242,0.733,hummingbird,56,rec_1206.mp4,236934,3555
408,220,422,242,0.732,hummingbird,56,rec_1206.mp4,237001,3556
408,220,422,242,0.732,hummingbird,56,rec_1206.mp4,237067,3557
408,220,422,242,0.733,hummingbird,56,rec_1206.mp4,237134,3558
408,220,421,242,0.715,hummingbird,56,rec_1206.mp4,237201,3559
408,220,421,242,0.715,hummingbird,56,rec_1206.mp4,237267,3560
408,220,421,242,0.715,hummingbird,56,rec_1206.mp4,237334,3561
408,220,421,242,0.715,hummingbird,56,rec_1206.mp4,237401,3562
408,220,421,242,0.722,hummingbird,56,rec_1206.mp4,237467,3563
408,220,421,242,0.722,hummingbird,56,rec_1206.mp4,237534,3564
408,220,421,242,0.721,hummingbird,56,rec_1206.mp4,237601,3565
408,220,421,241,0.725,hummingbird,56,rec_1206.mp4,237667,3566
408,220,421,241,0.725,hummingbird,56,rec_1206.mp4,237734,3567
408,220,421,242,0.725,hummingbird,56,rec_1206.mp4,237801,3568
408,220,421,242,0.725,hummingbird,56,rec_1206.mp4,237867,3569
408,220,421,242,0.725,hummingbird,56,rec_1206.mp4,237934,3570
409,221,422,242,0.78,hummingbird,56,rec_1206.mp4,238001,3571
409,221,422,242,0.78,hummingbird,56,rec_1206.mp4,238067,3572
409,221,422,242,0.779,hummingbird,56,rec_1206.mp4,238134,3573
409,221,422,242,0.78,hummingbird,56,rec_1206.mp4,238201,3574
409,221,422,242,0.78,hummingbird,56,rec_1206.mp4,238267,3575
409,221,422,242,0.78,hummingbird,56,rec_1206.mp4,238334,3576
409,221,422,242,0.779,hummingbird,56,rec_1206.mp4,238401,3577
409,221,422,242,0.783,hummingbird,56,rec_1206.mp4,238467,3578
409,221,423,242,0.775,hummingbird,56,rec_1206.mp4,238534,3579
409,221,423,242,0.767,hummingbird,56,rec_1206.mp4,238601,3580
409,221,423,242,0.767,hummingbird,56,rec_1206.mp4,238667,3581
409,221,423,242,0.767,hummingbird,56,rec_1206.mp4,238734,3582
409,221,423,242,0.767,hummingbird,56,rec_1206.mp4,238801,3583
409,221,423,242,0.768,hummingbird,56,rec_1206.mp4,238867,3584
409,221,423,242,0.764,hummingbird,56,rec_1206.mp4,238934,3585
409,221,423,242,0.764,hummingbird,56,rec_1206.mp4,239001,3586
409,221,423,242,0.763,hummingbird,56,rec_1206.mp4,239067,3587
409,221,423,242,0.763,hummingbird,56,rec_1206.mp4,239134,3588
409,221,423,242,0.76,hummingbird,56,rec_1206.mp4,239201,3589
409,221,423,242,0.761,hummingbird,56,rec_1206.mp4,239267,3590
409,221,423,242,0.761,hummingbird,56,rec_1206.mp4,239334,3591
409,221,423,242,0.76,hummingbird,56,rec_1206.mp4,239401,3592
409,221,423,242,0.76,hummingbird,56,rec_1206.mp4,239467,3593
409,221,423,242,0.76,hummingbird,56,rec_1206.mp4,239534,3594
409,221,423,242,0.76,hummingbird,56,rec_1206.mp4,239601,3595
409,221,423,242,0.76,hummingbird,56,rec_1206.mp4,239667,3596
409,221,422,242,0.762,hummingbird,56,rec_1206.mp4,239734,3597
409,221,422,242,0.76,hummingbird,56,rec_1206.mp4,239801,3598
409,221,422,242,0.761,hummingbird,56,rec_1206.mp4,239867,3599
409,221,422,242,0.761,hummingbird,56,rec_1206.mp4,239934,3600
408,221,422,242,0.781,hummingbird,56,rec_1206.mp4,240001,3601
408,221,422,242,0.779,hummingbird,56,rec_1206.mp4,240067,3602
408,221,422,242,0.779,hummingbird,56,rec_1206.mp4,240134,3603
408,221,422,242,0.779,hummingbird,56,rec_1206.mp4,240201,3604
408,221,422,242,0.779,hummingbird,56,rec_1206.mp4,240267,3605
408,221,422,242,0.779,hummingbird,56,rec_1206.mp4,240334,3606
408,221,422,242,0.78,hummingbird,56,rec_1206.mp4,240401,3607
408,221,422,242,0.78,hummingbird,56,rec_1206.mp4,240467,3608
408,221,422,242,0.781,hummingbird,56,rec_1206.mp4,240534,3609
408,221,422,242,0.781,hummingbird,56,rec_1206.mp4,240601,3610
408,221,422,242,0.781,hummingbird,56,rec_1206.mp4,240667,3611
408,221,422,242,0.777,hummingbird,56,rec_1206.mp4,240734,3612
408,221,422,242,0.776,hummingbird,56,rec_1206.mp4,240801,3613
408,221,422,242,0.777,hummingbird,56,rec_1206.mp4,240867,3614
408,221,422,242,0.777,hummingbird,56,rec_1206.mp4,240934,3615
407,221,421,242,0.783,hummingbird,56,rec_1206.mp4,241001,3616
407,221,421,242,0.781,hummingbird,56,rec_1206.mp4,241067,3617
407,221,421,242,0.769,hummingbird,56,rec_1206.mp4,241134,3618
408,221,421,242,0.768,hummingbird,56,rec_1206.mp4,241201,3619
407,221,421,242,0.778,hummingbird,56,rec_1206.mp4,241267,3620
407,221,421,242,0.778,hummingbird,56,rec_1206.mp4,241334,3621
407,221,421,242,0.778,hummingbird,56,rec_1206.mp4,241401,3622
407,221,421,242,0.778,hummingbird,56,rec_1206.mp4,241467,3623
407,221,421,242,0.778,hummingbird,56,rec_1206.mp4,241534,3624
407,221,421,242,0.779,hummingbird,56,rec_1206.mp4,241601,3625
407,221,421,242,0.779,hummingbird,56,rec_1206.mp4,241667,3626
407,221,421,242,0.779,hummingbird,56,rec_1206.mp4,241734,3627
408,221,422,242,0.782,hummingbird,56,rec_1206.mp4,241801,3628
408,221,422,242,0.778,hummingbird,56,rec_1206.mp4,241867,3629
408,221,422,242,0.777,hummingbird,56,rec_1206.mp4,241934,3630
408,221,422,242,0.776,hummingbird,56,rec_1206.mp4,242001,3631
408,221,422,242,0.775,hummingbird,56,rec_1206.mp4,242067,3632
408,221,422,242,0.775,hummingbird,56,rec_1206.mp4,242134,3633
408,221,422,242,0.775,hummingbird,56,rec_1206.mp4,242201,3634
408,221,422,242,0.778,hummingbird,56,rec_1206.mp4,242267,3635
408,221,422,242,0.778,hummingbird,56,rec_1206.mp4,242334,3636
408,221,422,242,0.78,hummingbird,56,rec_1206.mp4,242401,3637
408,221,422,242,0.78,hummingbird,56,rec_1206.mp4,242467,3638
408,221,422,242,0.783,hummingbird,56,rec_1206.mp4,242534,3639
408,221,422,242,0.779,hummingbird,56,rec_1206.mp4,242601,3640
408,221,422,242,0.779,hummingbird,56,rec_1206.mp4,242667,3641
408,221,422,242,0.78,hummingbird,56,rec_1206.mp4,242734,3642
408,221,422,242,0.781,hummingbird,56,rec_1206.mp4,242801,3643
408,221,421,242,0.781,hummingbird,56,rec_1206.mp4,242867,3644
408,221,421,242,0.781,hummingbird,56,rec_1206.mp4,242934,3645
408,221,421,242,0.781,hummingbird,56,rec_1206.mp4,243001,3646
408,221,421,242,0.781,hummingbird,56,rec_1206.mp4,243067,3647
408,221,422,242,0.798,hummingbird,56,rec_1206.mp4,243134,3648
408,221,422,242,0.798,hummingbird,56,rec_1206.mp4,243201,3649
408,221,422,242,0.797,hummingbird,56,rec_1206.mp4,243267,3650
408,221,422,242,0.796,hummingbird,56,rec_1206.mp4,243334,3651
408,221,422,242,0.796,hummingbird,56,rec_1206.mp4,243401,3652
408,221,422,242,0.79,hummingbird,56,rec_1206.mp4,243467,3653
408,221,422,242,0.79,hummingbird,56,rec_1206.mp4,243534,3654
408,221,422,242,0.79,hummingbird,56,rec_1206.mp4,243601,3655
408,221,422,242,0.79,hummingbird,56,rec_1206.mp4,243667,3656
408,221,422,242,0.79,hummingbird,56,rec_1206.mp4,243734,3657
408,221,422,242,0.793,hummingbird,56,rec_1206.mp4,243801,3658
408,221,422,242,0.794,hummingbird,56,rec_1206.mp4,243867,3659
408,221,422,242,0.778,hummingbird,56,rec_1206.mp4,243934,3660
408,221,421,241,0.772,hummingbird,56,rec_1206.mp4,244001,3661
408,221,421,241,0.772,hummingbird,56,rec_1206.mp4,244067,3662
408,221,421,241,0.772,hummingbird,56,rec_1206.mp4,244134,3663
408,221,421,241,0.771,hummingbird,56,rec_1206.mp4,244201,3664
408,221,421,241,0.771,hummingbird,56,rec_1206.mp4,244267,3665
408,221,421,241,0.77,hummingbird,56,rec_1206.mp4,244334,3666
408,221,422,241,0.776,hummingbird,56,rec_1206.mp4,244401,3667
408,221,422,241,0.776,hummingbird,56,rec_1206.mp4,244467,3668
408,221,422,241,0.779,hummingbird,56,rec_1206.mp4,244534,3669
408,221,422,241,0.775,hummingbird,56,rec_1206.mp4,244601,3670
408,221,422,241,0.775,hummingbird,56,rec_1206.mp4,244667,3671
408,221,422,241,0.775,hummingbird,56,rec_1206.mp4,244734,3672
408,221,422,241,0.775,hummingbird,56,rec_1206.mp4,244801,3673
408,221,422,241,0.773,hummingbird,56,rec_1206.mp4,244867,3674
408,221,422,241,0.773,hummingbird,56,rec_1206.mp4,244934,3675
408,221,422,241,0.773,hummingbird,56,rec_1206.mp4,245001,3676
408,221,422,241,0.773,hummingbird,56,rec_1206.mp4,245067,3677
408,221,422,241,0.773,hummingbird,56,rec_1206.mp4,245134,3678
408,221,422,241,0.773,hummingbird,56,rec_1206.mp4,245201,3679
408,221,421,241,0.774,hummingbird,56,rec_1206.mp4,245267,3680
408,221,422,242,0.778,hummingbird,56,rec_1206.mp4,245334,3681
408,221,422,242,0.778,hummingbird,56,rec_1206.mp4,245401,3682
408,221,421,241,0.773,hummingbird,56,rec_1206.mp4,245467,3683
408,221,421,241,0.773,hummingbird,56,rec_1206.mp4,245534,3684
408,221,421,241,0.772,hummingbird,56,rec_1206.mp4,245601,3685
408,221,421,241,0.773,hummingbird,56,rec_1206.mp4,245667,3686
408,221,422,241,0.775,hummingbird,56,rec_1206.mp4,245734,3687
408,221,422,241,0.77,hummingbird,56,rec_1206.mp4,245801,3688
408,221,422,241,0.77,hummingbird,56,rec_1206.mp4,245867,3689
408,221,422,241,0.77,hummingbird,56,rec_1206.mp4,245934,3690
408,220,422,242,0.762,hummingbird,56,rec_1206.mp4,246001,3691
408,220,422,242,0.765,hummingbird,56,rec_1206.mp4,246067,3692
408,220,422,242,0.765,hummingbird,56,rec_1206.mp4,246134,3693
408,220,422,242,0.767,hummingbird,56,rec_1206.mp4,246201,3694
408,220,422,242,0.767,hummingbird,56,rec_1206.mp4,246267,3695
408,220,422,242,0.767,hummingbird,56,rec_1206.mp4,246334,3696
408,220,422,242,0.767,hummingbird,56,rec_1206.mp4,246401,3697
408,221,422,242,0.775,hummingbird,56,rec_1206.mp4,246467,3698
408,221,422,242,0.774,hummingbird,56,rec_1206.mp4,246534,3699
408,221,422,242,0.774,hummingbird,56,rec_1206.mp4,246601,3700
408,221,422,242,0.775,hummingbird,56,rec_1206.mp4,246667,3701
408,221,422,242,0.775,hummingbird,56,rec_1206.mp4,246734,3702
408,221,422,242,0.774,hummingbird,56,rec_1206.mp4,246801,3703
408,221,422,242,0.774,hummingbird,56,rec_1206.mp4,246867,3704
408,221,422,242,0.773,hummingbird,56,rec_1206.mp4,246934,3705
408,221,422,242,0.768,hummingbird,56,rec_1206.mp4,247001,3706
408,221,422,242,0.765,hummingbird,56,rec_1206.mp4,247067,3707
408,221,422,242,0.767,hummingbird,56,rec_1206.mp4,247134,3708
408,221,422,242,0.767,hummingbird,56,rec_1206.mp4,247201,3709
408,221,422,242,0.768,hummingbird,56,rec_1206.mp4,247267,3710
408,221,422,242,0.767,hummingbird,56,rec_1206.mp4,247334,3711
409,221,422,242,0.756,hummingbird,56,rec_1206.mp4,247401,3712
409,221,422,242,0.768,hummingbird,56,rec_1206.mp4,247467,3713
409,221,422,242,0.768,hummingbird,56,rec_1206.mp4,247534,3714
408,221,422,242,0.777,hummingbird,56,rec_1206.mp4,247601,3715
408,221,422,242,0.777,hummingbird,56,rec_1206.mp4,247667,3716
409,221,422,242,0.779,hummingbird,56,rec_1206.mp4,247734,3717
409,221,422,242,0.778,hummingbird,56,rec_1206.mp4,247801,3718
408,221,422,242,0.775,hummingbird,56,rec_1206.mp4,247867,3719
408,221,422,242,0.775,hummingbird,56,rec_1206.mp4,247934,3720
408,221,421,242,0.785,hummingbird,56,rec_1206.mp4,248001,3721
408,221,421,242,0.784,hummingbird,56,rec_1206.mp4,248067,3722
408,221,421,242,0.786,hummingbird,56,rec_1206.mp4,248134,3723
408,221,421,242,0.78,hummingbird,56,rec_1206.mp4,248201,3724
408,221,422,242,0.782,hummingbird,56,rec_1206.mp4,248267,3725
408,221,422,242,0.782,hummingbird,56,rec_1206.mp4,248334,3726
408,221,422,242,0.782,hummingbird,56,rec_1206.mp4,248401,3727
408,221,422,242,0.782,hummingbird,56,rec_1206.mp4,248467,3728
408,221,422,242,0.782,hummingbird,56,rec_1206.mp4,248534,3729
408,221,422,242,0.782,hummingbird,56,rec_1206.mp4,248601,3730
408,221,422,242,0.785,hummingbird,56,rec_1206.mp4,248667,3731
408,221,422,242,0.775,hummingbird,56,rec_1206.mp4,248734,3732
408,221,422,242,0.774,hummingbird,56,rec_1206.mp4,248801,3733
408,221,422,242,0.774,hummingbird,56,rec_1206.mp4,248867,3734
408,221,422,242,0.773,hummingbird,56,rec_1206.mp4,248934,3735
408,221,422,242,0.773,hummingbird,56,rec_1206.mp4,249001,3736
408,221,422,242,0.773,hummingbird,56,rec_1206.mp4,249067,3737
408,221,422,242,0.773,hummingbird,56,rec_1206.mp4,249134,3738
408,221,422,242,0.771,hummingbird,56,rec_1206.mp4,249201,3739
408,221,421,242,0.762,hummingbird,56,rec_1206.mp4,249267,3740
408,221,421,242,0.763,hummingbird,56,rec_1206.mp4,249334,3741
408,221,421,241,0.769,hummingbird,56,rec_1206.mp4,249401,3742
408,221,421,241,0.769,hummingbird,56,rec_1206.mp4,249467,3743
408,221,421,241,0.769,hummingbird,56,rec_1206.mp4,249534,3744
408,221,421,241,0.769,hummingbird,56,rec_1206.mp4,249601,3745
408,221,422,242,0.776,hummingbird,56,rec_1206.mp4,249667,3746
408,221,422,242,0.776,hummingbird,56,rec_1206.mp4,249734,3747
408,221,422,242,0.776,hummingbird,56,rec_1206.mp4,249801,3748
408,221,422,242,0.776,hummingbird,56,rec_1206.mp4,249867,3749
408,221,422,242,0.776,hummingbird,56,rec_1206.mp4,249934,3750
409,221,423,242,0.787,hummingbird,56,rec_1206.mp4,250001,3751
409,221,423,242,0.788,hummingbird,56,rec_1206.mp4,250067,3752
409,221,423,242,0.788,hummingbird,56,rec_1206.mp4,250134,3753
409,221,423,242,0.789,hummingbird,56,rec_1206.mp4,250201,3754
409,221,423,242,0.787,hummingbird,56,rec_1206.mp4,250267,3755
409,221,423,242,0.784,hummingbird,56,rec_1206.mp4,250334,3756
409,221,423,242,0.781,hummingbird,56,rec_1206.mp4,250401,3757
409,221,423,242,0.781,hummingbird,56,rec_1206.mp4,250467,3758
409,221,423,242,0.781,hummingbird,56,rec_1206.mp4,250534,3759
409,221,422,242,0.782,hummingbird,56,rec_1206.mp4,250601,3760
409,221,422,242,0.779,hummingbird,56,rec_1206.mp4,250667,3761
409,221,422,242,0.786,hummingbird,56,rec_1206.mp4,250734,3762
409,221,422,242,0.786,hummingbird,56,rec_1206.mp4,250801,3763
409,221,422,242,0.786,hummingbird,56,rec_1206.mp4,250867,3764
409,221,422,242,0.786,hummingbird,56,rec_1206.mp4,250934,3765
408,221,422,242,0.779,hummingbird,56,rec_1206.mp4,251001,3766
408,221,422,242,0.78,hummingbird,56,rec_1206.mp4,251067,3767
409,221,422,242,0.768,hummingbird,56,rec_1206.mp4,251134,3768
409,221,422,242,0.768,hummingbird,56,rec_1206.mp4,251201,3769
409,221,422,242,0.768,hummingbird,56,rec_1206.mp4,251267,3770
409,221,422,242,0.769,hummingbird,56,rec_1206.mp4,251334,3771
409,221,422,242,0.769,hummingbird,56,rec_1206.mp4,251401,3772
409,221,422,242,0.769,hummingbird,56,rec_1206.mp4,251467,3773
409,221,422,242,0.767,hummingbird,56,rec_1206.mp4,251534,3774
409,221,422,242,0.767,hummingbird,56,rec_1206.mp4,251601,3775
409,221,422,242,0.767,hummingbird,56,rec_1206.mp4,251667,3776
409,221,422,242,0.767,hummingbird,56,rec_1206.mp4,251734,3777
409,221,422,242,0.767,hummingbird,56,rec_1206.mp4,251801,3778
409,221,422,242,0.765,hummingbird,56,rec_1206.mp4,251867,3779
409,221,422,242,0.766,hummingbird,56,rec_1206.mp4,251934,3780
408,221,422,242,0.745,hummingbird,56,rec_1206.mp4,252001,3781
408,221,421,241,0.741,hummingbird,56,rec_1206.mp4,252067,3782
408,221,421,241,0.741,hummingbird,56,rec_1206.mp4,252134,3783
408,221,421,241,0.742,hummingbird,56,rec_1206.mp4,252201,3784
408,221,421,241,0.743,hummingbird,56,rec_1206.mp4,252267,3785
408,221,421,241,0.742,hummingbird,56,rec_1206.mp4,252334,3786
408,221,421,241,0.744,hummingbird,56,rec_1206.mp4,252401,3787
408,221,421,241,0.744,hummingbird,56,rec_1206.mp4,252467,3788
408,221,421,241,0.759,hummingbird,56,rec_1206.mp4,252534,3789
408,221,421,241,0.759,hummingbird,56,rec_1206.mp4,252601,3790
408,221,422,242,0.763,hummingbird,56,rec_1206.mp4,252667,3791
408,221,421,242,0.762,hummingbird,56,rec_1206.mp4,252734,3792
408,221,421,242,0.762,hummingbird,56,rec_1206.mp4,252801,3793
408,221,421,242,0.76,hummingbird,56,rec_1206.mp4,252867,3794
408,221,421,242,0.755,hummingbird,56,rec_1206.mp4,252934,3795
408,221,421,242,0.755,hummingbird,56,rec_1206.mp4,253001,3796
408,221,421,241,0.751,hummingbird,56,rec_1206.mp4,253067,3797
408,221,421,241,0.764,hummingbird,56,rec_1206.mp4,253134,3798
408,221,422,242,0.766,hummingbird,56,rec_1206.mp4,253201,3799
408,221,421,242,0.767,hummingbird,56,rec_1206.mp4,253267,3800
408,221,421,242,0.766,hummingbird,56,rec_1206.mp4,253334,3801
408,221,421,242,0.766,hummingbird,56,rec_1206.mp4,253401,3802
408,221,421,242,0.77,hummingbird,56,rec_1206.mp4,253467,3803
408,221,422,242,0.77,hummingbird,56,rec_1206.mp4,253534,3804
408,221,422,242,0.768,hummingbird,56,rec_1206.mp4,253601,3805
408,221,422,242,0.768,hummingbird,56,rec_1206.mp4,253667,3806
408,221,422,242,0.768,hummingbird,56,rec_1206.mp4,253734,3807
408,221,422,241,0.766,hummingbird,56,rec_1206.mp4,253801,3808
408,221,422,241,0.766,hummingbird,56,rec_1206.mp4,253867,3809
408,221,421,241,0.753,hummingbird,56,rec_1206.mp4,253934,3810
409,221,422,242,0.728,hummingbird,56,rec_1206.mp4,254001,3811
409,221,422,242,0.728,hummingbird,56,rec_1206.mp4,254067,3812
409,221,422,242,0.729,hummingbird,56,rec_1206.mp4,254134,3813
409,221,422,242,0.728,hummingbird,56,rec_1206.mp4,254201,3814
409,221,422,242,0.731,hummingbird,56,rec_1206.mp4,254267,3815
409,221,422,242,0.73,hummingbird,56,rec_1206.mp4,254334,3816
408,221,422,242,0.724,hummingbird,56,rec_1206.mp4,254401,3817
408,221,422,242,0.724,hummingbird,56,rec_1206.mp4,254467,3818
408,221,422,242,0.725,hummingbird,56,rec_1206.mp4,254534,3819
408,221,422,242,0.737,hummingbird,56,rec_1206.mp4,254601,3820
408,221,422,242,0.738,hummingbird,56,rec_1206.mp4,254667,3821
408,221,422,242,0.739,hummingbird,56,rec_1206.mp4,254734,3822
408,221,422,242,0.739,hummingbird,56,rec_1206.mp4,254801,3823
408,221,422,242,0.736,hummingbird,56,rec_1206.mp4,254867,3824
408,221,422,242,0.735,hummingbird,56,rec_1206.mp4,254934,3825
408,221,422,242,0.74,hummingbird,56,rec_1206.mp4,255001,3826
408,221,422,242,0.74,hummingbird,56,rec_1206.mp4,255067,3827
408,221,422,242,0.744,hummingbird,56,rec_1206.mp4,255134,3828
408,221,422,241,0.746,hummingbird,56,rec_1206.mp4,255201,3829
408,221,422,242,0.746,hummingbird,56,rec_1206.mp4,255267,3830
408,221,422,242,0.74,hummingbird,56,rec_1206.mp4,255334,3831
408,221,422,242,0.74,hummingbird,56,rec_1206.mp4,255401,3832
408,221,422,242,0.74,hummingbird,56,rec_1206.mp4,255467,3833
408,221,422,242,0.739,hummingbird,56,rec_1206.mp4,255534,3834
408,221,422,242,0.738,hummingbird,56,rec_1206.mp4,255601,3835
408,221,422,242,0.741,hummingbird,56,rec_1206.mp4,255667,3836
408,221,422,242,0.735,hummingbird,56,rec_1206.mp4,255734,3837
408,221,422,242,0.753,hummingbird,56,rec_1206.mp4,255801,3838
408,221,422,242,0.75,hummingbird,56,rec_1206.mp4,255867,3839
408,221,422,242,0.751,hummingbird,56,rec_1206.mp4,255934,3840
408,221,421,241,0.784,hummingbird,56,rec_1206.mp4,256001,3841
408,221,421,242,0.782,hummingbird,56,rec_1206.mp4,256067,3842
408,221,421,241,0.78,hummingbird,56,rec_1206.mp4,256134,3843
408,221,422,242,0.79,hummingbird,56,rec_1206.mp4,256201,3844
408,221,422,242,0.791,hummingbird,56,rec_1206.mp4,256267,3845
408,221,422,242,0.787,hummingbird,56,rec_1206.mp4,256334,3846
408,221,422,242,0.769,hummingbird,56,rec_1206.mp4,256401,3847
408,221,422,242,0.769,hummingbird,56,rec_1206.mp4,256467,3848
408,221,422,242,0.77,hummingbird,56,rec_1206.mp4,256534,3849
408,221,422,242,0.771,hummingbird,56,rec_1206.mp4,256601,3850
408,221,422,242,0.771,hummingbird,56,rec_1206.mp4,256667,3851
408,221,422,242,0.771,hummingbird,56,rec_1206.mp4,256734,3852
408,221,422,242,0.771,hummingbird,56,rec_1206.mp4,256801,3853
408,221,422,242,0.77,hummingbird,56,rec_1206.mp4,256867,3854
408,221,422,241,0.772,hummingbird,56,rec_1206.mp4,256934,3855
408,221,421,241,0.774,hummingbird,56,rec_1206.mp4,257001,3856
408,221,421,241,0.773,hummingbird,56,rec_1206.mp4,257067,3857
408,221,421,241,0.754,hummingbird,56,rec_1206.mp4,257134,3858
408,221,421,241,0.764,hummingbird,56,rec_1206.mp4,257201,3859
408,221,421,241,0.766,hummingbird,56,rec_1206.mp4,257267,3860
408,221,421,241,0.766,hummingbird,56,rec_1206.mp4,257334,3861
408,221,421,241,0.765,hummingbird,56,rec_1206.mp4,257401,3862
408,221,421,242,0.772,hummingbird,56,rec_1206.mp4,257467,3863
408,221,421,242,0.773,hummingbird,56,rec_1206.mp4,257534,3864
408,221,421,242,0.765,hummingbird,56,rec_1206.mp4,257601,3865
408,221,421,242,0.764,hummingbird,56,rec_1206.mp4,257667,3866
408,221,421,242,0.748,hummingbird,56,rec_1206.mp4,257734,3867
408,221,421,242,0.746,hummingbird,56,rec_1206.mp4,257801,3868
408,221,421,242,0.745,hummingbird,56,rec_1206.mp4,257867,3869
408,221,421,242,0.745,hummingbird,56,rec_1206.mp4,257934,3870
409,221,423,242,0.756,hummingbird,56,rec_1206.mp4,258001,3871
409,221,423,242,0.756,hummingbird,56,rec_1206.mp4,258067,3872
409,221,423,242,0.756,hummingbird,56,rec_1206.mp4,258134,3873
409,221,423,242,0.756,hummingbird,56,rec_1206.mp4,258201,3874
409,221,423,242,0.76,hummingbird,56,rec_1206.mp4,258267,3875
409,221,423,242,0.77,hummingbird,56,rec_1206.mp4,258334,3876
409,221,422,242,0.768,hummingbird,56,rec_1206.mp4,258401,3877
409,221,422,242,0.768,hummingbird,56,rec_1206.mp4,258467,3878
409,221,422,242,0.769,hummingbird,56,rec_1206.mp4,258534,3879
408,221,422,242,0.771,hummingbird,56,rec_1206.mp4,258601,3880
408,221,422,242,0.771,hummingbird,56,rec_1206.mp4,258667,3881
408,221,422,242,0.771,hummingbird,56,rec_1206.mp4,258734,3882
408,221,422,242,0.771,hummingbird,56,rec_1206.mp4,258801,3883
408,221,422,242,0.776,hummingbird,56,rec_1206.mp4,258867,3884
408,221,422,242,0.776,hummingbird,56,rec_1206.mp4,258934,3885
408,221,422,242,0.776,hummingbird,56,rec_1206.mp4,259001,3886
408,221,422,241,0.761,hummingbird,56,rec_1206.mp4,259067,3887
408,221,422,242,0.761,hummingbird,56,rec_1206.mp4,259134,3888
408,221,422,242,0.761,hummingbird,56,rec_1206.mp4,259201,3889
408,221,422,242,0.761,hummingbird,56,rec_1206.mp4,259267,3890
408,221,422,242,0.759,hummingbird,56,rec_1206.mp4,259334,3891
408,221,422,242,0.759,hummingbird,56,rec_1206.mp4,259401,3892
408,221,422,242,0.759,hummingbird,56,rec_1206.mp4,259467,3893
408,221,422,242,0.76,hummingbird,56,rec_1206.mp4,259534,3894
408,221,422,242,0.759,hummingbird,56,rec_1206.mp4,259601,3895
408,221,422,242,0.759,hummingbird,56,rec_1206.mp4,259667,3896
408,221,422,242,0.772,hummingbird,56,rec_1206.mp4,259734,3897
408,221,422,242,0.772,hummingbird,56,rec_1206.mp4,259801,3898
408,221,422,242,0.773,hummingbird,56,rec_1206.mp4,259867,3899
408,221,422,242,0.771,hummingbird,56,rec_1206.mp4,259934,3900
408,221,422,242,0.795,hummingbird,56,rec_1206.mp4,260001,3901
408,221,422,242,0.795,hummingbird,56,rec_1206.mp4,260067,3902
408,221,422,242,0.793,hummingbird,56,rec_1206.mp4,260134,3903
408,221,422,242,0.796,hummingbird,56,rec_1206.mp4,260201,3904
408,221,422,242,0.796,hummingbird,56,rec_1206.mp4,260267,3905
408,221,421,242,0.792,hummingbird,56,rec_1206.mp4,260334,3906
408,221,421,242,0.791,hummingbird,56,rec_1206.mp4,260401,3907
408,221,421,242,0.791,hummingbird,56,rec_1206.mp4,260467,3908
408,221,421,242,0.783,hummingbird,56,rec_1206.mp4,260534,3909
408,221,421,242,0.783,hummingbird,56,rec_1206.mp4,260601,3910
408,221,421,242,0.783,hummingbird,56,rec_1206.mp4,260667,3911
408,221,421,242,0.783,hummingbird,56,rec_1206.mp4,260734,3912
408,221,421,242,0.788,hummingbird,56,rec_1206.mp4,260801,3913
408,221,422,242,0.789,hummingbird,56,rec_1206.mp4,260867,3914
408,221,422,242,0.788,hummingbird,56,rec_1206.mp4,260934,3915
408,221,422,242,0.787,hummingbird,56,rec_1206.mp4,261001,3916
408,221,422,242,0.791,hummingbird,56,rec_1206.mp4,261067,3917
408,221,422,242,0.788,hummingbird,56,rec_1206.mp4,261134,3918
408,221,422,242,0.799,hummingbird,56,rec_1206.mp4,261201,3919
408,221,422,242,0.8,hummingbird,56,rec_1206.mp4,261267,3920
408,221,422,242,0.8,hummingbird,56,rec_1206.mp4,261334,3921
408,221,422,242,0.801,hummingbird,56,rec_1206.mp4,261401,3922
408,221,422,242,0.801,hummingbird,56,rec_1206.mp4,261467,3923
408,221,422,242,0.795,hummingbird,56,rec_1206.mp4,261534,3924
408,221,422,242,0.796,hummingbird,56,rec_1206.mp4,261601,3925
408,221,422,242,0.795,hummingbird,56,rec_1206.mp4,261667,3926
408,221,422,242,0.791,hummingbird,56,rec_1206.mp4,261734,3927
408,221,422,242,0.791,hummingbird,56,rec_1206.mp4,261801,3928
408,221,422,242,0.791,hummingbird,56,rec_1206.mp4,261867,3929
408,221,422,242,0.774,hummingbird,56,rec_1206.mp4,261934,3930
408,222,422,242,0.768,hummingbird,56,rec_1206.mp4,262001,3931
408,222,422,242,0.768,hummingbird,56,rec_1206.mp4,262067,3932
408,222,422,242,0.769,hummingbird,56,rec_1206.mp4,262134,3933
408,222,422,242,0.769,hummingbird,56,rec_1206.mp4,262201,3934
408,221,422,241,0.767,hummingbird,56,rec_1206.mp4,262267,3935
408,221,421,241,0.761,hummingbird,56,rec_1206.mp4,262334,3936
408,221,421,241,0.765,hummingbird,56,rec_1206.mp4,262401,3937
408,221,421,241,0.76,hummingbird,56,rec_1206.mp4,262467,3938
408,221,421,241,0.759,hummingbird,56,rec_1206.mp4,262534,3939
408,221,421,241,0.759,hummingbird,56,rec_1206.mp4,262601,3940
408,221,421,241,0.757,hummingbird,56,rec_1206.mp4,262667,3941
408,221,421,241,0.757,hummingbird,56,rec_1206.mp4,262734,3942
408,221,421,241,0.757,hummingbird,56,rec_1206.mp4,262801,3943
408,221,421,241,0.758,hummingbird,56,rec_1206.mp4,262867,3944
408,221,421,241,0.762,hummingbird,56,rec_1206.mp4,262934,3945
408,221,421,241,0.763,hummingbird,56,rec_1206.mp4,263001,3946
408,221,421,241,0.764,hummingbird,56,rec_1206.mp4,263067,3947
408,221,421,241,0.764,hummingbird,56,rec_1206.mp4,263134,3948
408,221,421,241,0.763,hummingbird,56,rec_1206.mp4,263201,3949
408,221,421,241,0.763,hummingbird,56,rec_1206.mp4,263267,3950
408,221,421,241,0.762,hummingbird,56,rec_1206.mp4,263334,3951
408,221,421,241,0.763,hummingbird,56,rec_1206.mp4,263401,3952
408,221,421,241,0.763,hummingbird,56,rec_1206.mp4,263467,3953
408,221,421,241,0.765,hummingbird,56,rec_1206.mp4,263534,3954
408,221,421,241,0.759,hummingbird,56,rec_1206.mp4,263601,3955
408,221,421,241,0.757,hummingbird,56,rec_1206.mp4,263667,3956
408,221,422,241,0.757,hummingbird,56,rec_1206.mp4,263734,3957
408,221,422,241,0.755,hummingbird,56,rec_1206.mp4,263801,3958
408,221,421,241,0.751,hummingbird,56,rec_1206.mp4,263867,3959
408,221,421,241,0.753,hummingbird,56,rec_1206.mp4,263934,3960
408,221,421,241,0.753,hummingbird,56,rec_1206.mp4,264001,3961
408,221,421,241,0.753,hummingbird,56,rec_1206.mp4,264067,3962
408,221,421,241,0.752,hummingbird,56,rec_1206.mp4,264134,3963
408,221,421,241,0.751,hummingbird,56,rec_1206.mp4,264201,3964
408,220,421,241,0.749,hummingbird,56,rec_1206.mp4,264267,3965
408,220,422,242,0.729,hummingbird,56,rec_1206.mp4,264334,3966
408,220,422,242,0.735,hummingbird,56,rec_1206.mp4,264401,3967
408,221,422,242,0.738,hummingbird,56,rec_1206.mp4,264467,3968
408,221,422,242,0.738,hummingbird,56,rec_1206.mp4,264534,3969
408,221,422,242,0.744,hummingbird,56,rec_1206.mp4,264601,3970
408,221,422,242,0.743,hummingbird,56,rec_1206.mp4,264667,3971
408,221,422,242,0.743,hummingbird,56,rec_1206.mp4,264734,3972
408,221,422,242,0.741,hummingbird,56,rec_1206.mp4,264801,3973
408,221,422,242,0.743,hummingbird,56,rec_1206.mp4,264867,3974
408,221,421,242,0.754,hummingbird,56,rec_1206.mp4,264934,3975
408,221,421,242,0.749,hummingbird,56,rec_1206.mp4,265001,3976
408,221,421,242,0.746,hummingbird,56,rec_1206.mp4,265067,3977
408,221,422,242,0.758,hummingbird,56,rec_1206.mp4,265134,3978
408,221,422,242,0.752,hummingbird,56,rec_1206.mp4,265201,3979
408,221,422,242,0.754,hummingbird,56,rec_1206.mp4,265267,3980
408,221,422,242,0.754,hummingbird,56,rec_1206.mp4,265334,3981
408,221,422,242,0.757,hummingbird,56,rec_1206.mp4,265401,3982
408,221,422,241,0.753,hummingbird,56,rec_1206.mp4,265467,3983
408,221,422,241,0.743,hummingbird,56,rec_1206.mp4,265534,3984
408,221,422,241,0.743,hummingbird,56,rec_1206.mp4,265601,3985
408,221,422,242,0.727,hummingbird,56,rec_1206.mp4,265667,3986
408,221,422,242,0.723,hummingbird,56,rec_1206.mp4,265734,3987
408,221,422,242,0.726,hummingbird,56,rec_1206.mp4,265801,3988
408,221,422,242,0.727,hummingbird,56,rec_1206.mp4,265867,3989
408,221,422,242,0.727,hummingbird,56,rec_1206.mp4,265934,3990
408,221,421,241,0.749,hummingbird,56,rec_1206.mp4,266001,3991
408,221,421,241,0.748,hummingbird,56,rec_1206.mp4,266067,3992
408,221,422,241,0.75,hummingbird,56,rec_1206.mp4,266134,3993
408,221,422,241,0.751,hummingbird,56,rec_1206.mp4,266201,3994
408,221,422,241,0.758,hummingbird,56,rec_1206.mp4,266267,3995
408,221,422,241,0.759,hummingbird,56,rec_1206.mp4,266334,3996
408,221,422,241,0.759,hummingbird,56,rec_1206.mp4,266401,3997
408,221,422,241,0.76,hummingbird,56,rec_1206.mp4,266468,3998
408,221,422,241,0.754,hummingbird,56,rec_1206.mp4,266534,3999
408,221,422,241,0.754,hummingbird,56,rec_1206.mp4,266601,4000
408,221,421,241,0.74,hummingbird,56,rec_1206.mp4,266668,4001
408,221,421,241,0.74,hummingbird,56,rec_1206.mp4,266734,4002
408,221,422,241,0.741,hummingbird,56,rec_1206.mp4,266801,4003
408,221,422,241,0.737,hummingbird,56,rec_1206.mp4,266868,4004
408,221,422,241,0.745,hummingbird,56,rec_1206.mp4,266934,4005
408,221,422,241,0.742,hummingbird,56,rec_1206.mp4,267001,4006
408,221,422,241,0.747,hummingbird,56,rec_1206.mp4,267068,4007
408,221,422,241,0.753,hummingbird,56,rec_1206.mp4,267134,4008
408,221,422,241,0.75,hummingbird,56,rec_1206.mp4,267201,4009
408,221,422,241,0.75,hummingbird,56,rec_1206.mp4,267268,4010
408,221,422,241,0.747,hummingbird,56,rec_1206.mp4,267334,4011
408,221,422,241,0.749,hummingbird,56,rec_1206.mp4,267401,4012
408,221,422,241,0.743,hummingbird,56,rec_1206.mp4,267468,4013
408,221,422,242,0.745,hummingbird,56,rec_1206.mp4,267534,4014
408,221,422,242,0.765,hummingbird,56,rec_1206.mp4,267601,4015
408,221,421,241,0.764,hummingbird,56,rec_1206.mp4,267668,4016
408,221,421,241,0.754,hummingbird,56,rec_1206.mp4,267734,4017
408,221,421,241,0.74,hummingbird,56,rec_1206.mp4,267801,4018
408,221,421,241,0.743,hummingbird,56,rec_1206.mp4,267868,4019
408,221,421,241,0.747,hummingbird,56,rec_1206.mp4,267934,4020
408,221,422,242,0.759,hummingbird,56,rec_1206.mp4,268001,4021
408,221,422,242,0.719,hummingbird,56,rec_1206.mp4,268068,4022
408,221,422,242,0.72,hummingbird,56,rec_1206.mp4,268134,4023
408,221,421,242,0.705,hummingbird,56,rec_1206.mp4,268201,4024
408,221,421,242,0.703,hummingbird,56,rec_1206.mp4,268268,4025
408,221,421,242,0.695,hummingbird,56,rec_1206.mp4,268334,4026
409,221,422,242,0.692,hummingbird,56,rec_1206.mp4,268401,4027
409,221,422,242,0.709,hummingbird,56,rec_1206.mp4,268468,4028
409,221,422,242,0.759,hummingbird,56,rec_1206.mp4,268534,4029
409,221,422,242,0.759,hummingbird,56,rec_1206.mp4,268601,4030
409,221,422,242,0.746,hummingbird,56,rec_1206.mp4,268668,4031
409,221,422,242,0.746,hummingbird,56,rec_1206.mp4,268734,4032
409,221,422,242,0.746,hummingbird,56,rec_1206.mp4,268801,4033
408,221,422,242,0.726,hummingbird,56,rec_1206.mp4,268868,4034
408,221,422,242,0.727,hummingbird,56,rec_1206.mp4,268934,4035
408,221,422,242,0.728,hummingbird,56,rec_1206.mp4,269001,4036
408,221,422,242,0.764,hummingbird,56,rec_1206.mp4,269068,4037
408,221,422,242,0.764,hummingbird,56,rec_1206.mp4,269134,4038
408,221,421,242,0.764,hummingbird,56,rec_1206.mp4,269201,4039
408,221,422,242,0.761,hummingbird,56,rec_1206.mp4,269268,4040
408,221,422,242,0.761,hummingbird,56,rec_1206.mp4,269334,4041
408,221,422,242,0.761,hummingbird,56,rec_1206.mp4,269401,4042
408,221,422,242,0.751,hummingbird,56,rec_1206.mp4,269468,4043
408,221,421,242,0.715,hummingbird,56,rec_1206.mp4,269534,4044
408,221,421,242,0.717,hummingbird,56,rec_1206.mp4,269601,4045
408,221,421,242,0.713,hummingbird,56,rec_1206.mp4,269668,4046
408,221,421,242,0.713,hummingbird,56,rec_1206.mp4,269734,4047
408,221,421,242,0.723,hummingbird,56,rec_1206.mp4,269801,4048
408,221,421,242,0.723,hummingbird,56,rec_1206.mp4,269868,4049
408,221,421,242,0.725,hummingbird,56,rec_1206.mp4,269934,4050
408,220,422,242,0.779,hummingbird,56,rec_1206.mp4,270001,4051
408,221,422,242,0.779,hummingbird,56,rec_1206.mp4,270068,4052
408,221,422,242,0.779,hummingbird,56,rec_1206.mp4,270134,4053
408,221,422,242,0.784,hummingbird,56,rec_1206.mp4,270201,4054
408,221,422,242,0.791,hummingbird,56,rec_1206.mp4,270268,4055
408,221,422,242,0.791,hummingbird,56,rec_1206.mp4,270334,4056
408,221,422,242,0.791,hummingbird,56,rec_1206.mp4,270401,4057
408,221,422,242,0.791,hummingbird,56,rec_1206.mp4,270468,4058
408,221,422,242,0.791,hummingbird,56,rec_1206.mp4,270534,4059
408,221,422,242,0.793,hummingbird,56,rec_1206.mp4,270601,4060
408,221,422,242,0.794,hummingbird,56,rec_1206.mp4,270668,4061
408,221,422,242,0.795,hummingbird,56,rec_1206.mp4,270734,4062
409,221,422,242,0.785,hummingbird,56,rec_1206.mp4,270801,4063
409,221,422,242,0.787,hummingbird,56,rec_1206.mp4,270868,4064
409,221,422,242,0.787,hummingbird,56,rec_1206.mp4,270934,4065
409,221,422,242,0.781,hummingbird,56,rec_1206.mp4,271001,4066
409,221,422,242,0.783,hummingbird,56,rec_1206.mp4,271068,4067
409,221,422,242,0.789,hummingbird,56,rec_1206.mp4,271134,4068
408,221,422,242,0.778,hummingbird,56,rec_1206.mp4,271201,4069
408,221,422,242,0.778,hummingbird,56,rec_1206.mp4,271268,4070
408,221,422,242,0.778,hummingbird,56,rec_1206.mp4,271334,4071
408,221,422,242,0.788,hummingbird,56,rec_1206.mp4,271401,4072
408,221,422,242,0.788,hummingbird,56,rec_1206.mp4,271468,4073
408,221,422,242,0.794,hummingbird,56,rec_1206.mp4,271534,4074
408,221,422,242,0.793,hummingbird,56,rec_1206.mp4,271601,4075
408,221,422,242,0.793,hummingbird,56,rec_1206.mp4,271668,4076
408,221,422,242,0.791,hummingbird,56,rec_1206.mp4,271734,4077
408,221,422,242,0.791,hummingbird,56,rec_1206.mp4,271801,4078
408,221,422,242,0.791,hummingbird,56,rec_1206.mp4,271868,4079
408,221,422,242,0.791,hummingbird,56,rec_1206.mp4,271934,4080
408,221,421,241,0.779,hummingbird,56,rec_1206.mp4,272001,4081
408,221,421,241,0.771,hummingbird,56,rec_1206.mp4,272068,4082
408,221,421,241,0.771,hummingbird,56,rec_1206.mp4,272134,4083
408,221,421,241,0.771,hummingbird,56,rec_1206.mp4,272201,4084
408,221,421,241,0.771,hummingbird,56,rec_1206.mp4,272268,4085
408,221,421,241,0.767,hummingbird,56,rec_1206.mp4,272334,4086
408,221,421,241,0.752,hummingbird,56,rec_1206.mp4,272401,4087
408,221,421,241,0.752,hummingbird,56,rec_1206.mp4,272468,4088
408,221,421,241,0.751,hummingbird,56,rec_1206.mp4,272534,4089
408,221,421,241,0.752,hummingbird,56,rec_1206.mp4,272601,4090
408,221,421,241,0.752,hummingbird,56,rec_1206.mp4,272668,4091
408,221,421,241,0.767,hummingbird,56,rec_1206.mp4,272734,4092
408,221,421,241,0.77,hummingbird,56,rec_1206.mp4,272801,4093
408,221,421,241,0.766,hummingbird,56,rec_1206.mp4,272868,4094
408,221,421,241,0.756,hummingbird,56,rec_1206.mp4,272934,4095
408,221,421,241,0.756,hummingbird,56,rec_1206.mp4,273001,4096
408,221,421,241,0.747,hummingbird,56,rec_1206.mp4,273068,4097
408,221,421,241,0.746,hummingbird,56,rec_1206.mp4,273134,4098
408,221,421,241,0.746,hummingbird,56,rec_1206.mp4,273201,4099
408,221,421,241,0.747,hummingbird,56,rec_1206.mp4,273268,4100
408,221,421,241,0.747,hummingbird,56,rec_1206.mp4,273334,4101
408,221,421,241,0.748,hummingbird,56,rec_1206.mp4,273401,4102
408,221,421,241,0.758,hummingbird,56,rec_1206.mp4,273468,4103
408,221,421,241,0.758,hummingbird,56,rec_1206.mp4,273534,4104
408,221,421,241,0.763,hummingbird,56,rec_1206.mp4,273601,4105
408,221,421,241,0.741,hummingbird,56,rec_1206.mp4,273668,4106
408,221,421,241,0.741,hummingbird,56,rec_1206.mp4,273734,4107
408,221,421,241,0.738,hummingbird,56,rec_1206.mp4,273801,4108
408,221,421,241,0.738,hummingbird,56,rec_1206.mp4,273868,4109
408,221,421,241,0.738,hummingbird,56,rec_1206.mp4,273934,4110
409,221,422,242,0.769,hummingbird,56,rec_1206.mp4,274001,4111
409,221,422,242,0.768,hummingbird,56,rec_1206.mp4,274068,4112
409,221,422,242,0.769,hummingbird,56,rec_1206.mp4,274134,4113
409,221,423,242,0.767,hummingbird,56,rec_1206.mp4,274201,4114
409,221,422,242,0.777,hummingbird,56,rec_1206.mp4,274268,4115
409,221,423,242,0.782,hummingbird,56,rec_1206.mp4,274334,4116
409,221,423,242,0.782,hummingbird,56,rec_1206.mp4,274401,4117
409,221,423,242,0.786,hummingbird,56,rec_1206.mp4,274468,4118
409,221,423,242,0.786,hummingbird,56,rec_1206.mp4,274534,4119
409,221,423,242,0.786,hummingbird,56,rec_1206.mp4,274601,4120
409,221,423,242,0.787,hummingbird,56,rec_1206.mp4,274668,4121
409,221,423,242,0.773,hummingbird,56,rec_1206.mp4,274734,4122
409,221,423,242,0.771,hummingbird,56,rec_1206.mp4,274801,4123
409,221,423,242,0.772,hummingbird,56,rec_1206.mp4,274868,4124
409,221,423,242,0.761,hummingbird,56,rec_1206.mp4,274934,4125
410,221,424,242,0.761,hummingbird,56,rec_1206.mp4,275001,4126
410,221,424,242,0.763,hummingbird,56,rec_1206.mp4,275068,4127
410,221,424,242,0.765,hummingbird,56,rec_1206.mp4,275134,4128
410,221,424,242,0.765,hummingbird,56,rec_1206.mp4,275201,4129
410,221,424,242,0.765,hummingbird,56,rec_1206.mp4,275268,4130
409,221,424,242,0.765,hummingbird,56,rec_1206.mp4,275334,4131
410,221,424,242,0.763,hummingbird,56,rec_1206.mp4,275401,4132
410,221,424,242,0.763,hummingbird,56,rec_1206.mp4,275468,4133
409,221,424,242,0.764,hummingbird,56,rec_1206.mp4,275534,4134
409,221,423,242,0.786,hummingbird,56,rec_1206.mp4,275601,4135
409,221,423,242,0.785,hummingbird,56,rec_1206.mp4,275668,4136
410,221,424,242,0.777,hummingbird,56,rec_1206.mp4,275734,4137
410,221,424,242,0.771,hummingbird,56,rec_1206.mp4,275801,4138
410,221,424,242,0.771,hummingbird,56,rec_1206.mp4,275868,4139
410,221,424,242,0.772,hummingbird,56,rec_1206.mp4,275934,4140
409,221,422,242,0.744,hummingbird,56,rec_1206.mp4,276001,4141
409,221,422,242,0.746,hummingbird,56,rec_1206.mp4,276068,4142
408,221,423,242,0.752,hummingbird,56,rec_1206.mp4,276134,4143
409,221,422,242,0.755,hummingbird,56,rec_1206.mp4,276201,4144
409,221,422,242,0.758,hummingbird,56,rec_1206.mp4,276268,4145
409,221,422,242,0.757,hummingbird,56,rec_1206.mp4,276334,4146
409,221,422,242,0.757,hummingbird,56,rec_1206.mp4,276401,4147
409,221,422,242,0.745,hummingbird,56,rec_1206.mp4,276468,4148
408,221,422,241,0.743,hummingbird,56,rec_1206.mp4,276534,4149
408,221,422,241,0.745,hummingbird,56,rec_1206.mp4,276601,4150
408,221,422,241,0.756,hummingbird,56,rec_1206.mp4,276668,4151
408,221,422,241,0.765,hummingbird,56,rec_1206.mp4,276734,4152
408,221,423,242,0.766,hummingbird,56,rec_1206.mp4,276801,4153
408,221,423,242,0.766,hummingbird,56,rec_1206.mp4,276868,4154
408,221,423,242,0.765,hummingbird,56,rec_1206.mp4,276934,4155
408,221,423,242,0.764,hummingbird,56,rec_1206.mp4,277001,4156
408,221,423,242,0.766,hummingbird,56,rec_1206.mp4,277068,4157
408,221,423,242,0.766,hummingbird,56,rec_1206.mp4,277134,4158
408,221,423,242,0.761,hummingbird,56,rec_1206.mp4,277201,4159
408,221,423,242,0.761,hummingbird,56,rec_1206.mp4,277268,4160
408,221,423,242,0.761,hummingbird,56,rec_1206.mp4,277334,4161
408,221,423,242,0.761,hummingbird,56,rec_1206.mp4,277401,4162
408,221,423,242,0.76,hummingbird,56,rec_1206.mp4,277468,4163
408,221,423,242,0.761,hummingbird,56,rec_1206.mp4,277534,4164
408,221,423,242,0.759,hummingbird,56,rec_1206.mp4,277601,4165
408,221,423,242,0.757,hummingbird,56,rec_1206.mp4,277668,4166
409,221,422,242,0.754,hummingbird,56,rec_1206.mp4,277734,4167
409,221,422,242,0.754,hummingbird,56,rec_1206.mp4,277801,4168
409,221,422,242,0.754,hummingbird,56,rec_1206.mp4,277868,4169
409,221,422,242,0.754,hummingbird,56,rec_1206.mp4,277934,4170
408,221,422,242,0.747,hummingbird,56,rec_1206.mp4,278001,4171
408,221,422,242,0.749,hummingbird,56,rec_1206.mp4,278068,4172
408,221,422,242,0.771,hummingbird,56,rec_1206.mp4,278134,4173
408,221,422,242,0.766,hummingbird,56,rec_1206.mp4,278201,4174
408,221,423,242,0.764,hummingbird,56,rec_1206.mp4,278268,4175
408,221,422,242,0.762,hummingbird,56,rec_1206.mp4,278334,4176
408,221,422,242,0.762,hummingbird,56,rec_1206.mp4,278401,4177
408,221,422,242,0.762,hummingbird,56,rec_1206.mp4,278468,4178
408,221,422,242,0.762,hummingbird,56,rec_1206.mp4,278534,4179
408,221,423,242,0.765,hummingbird,56,rec_1206.mp4,278601,4180
408,221,423,242,0.756,hummingbird,56,rec_1206.mp4,278668,4181
408,221,423,242,0.766,hummingbird,56,rec_1206.mp4,278734,4182
409,221,422,242,0.757,hummingbird,56,rec_1206.mp4,278801,4183
409,221,422,242,0.756,hummingbird,56,rec_1206.mp4,278868,4184
408,221,423,242,0.757,hummingbird,56,rec_1206.mp4,278934,4185
409,221,422,242,0.757,hummingbird,56,rec_1206.mp4,279001,4186
408,221,422,242,0.76,hummingbird,56,rec_1206.mp4,279068,4187
408,221,422,242,0.76,hummingbird,56,rec_1206.mp4,279134,4188
408,221,422,242,0.761,hummingbird,56,rec_1206.mp4,279201,4189
408,221,422,242,0.76,hummingbird,56,rec_1206.mp4,279268,4190
408,221,422,242,0.772,hummingbird,56,rec_1206.mp4,279334,4191
408,221,422,242,0.775,hummingbird,56,rec_1206.mp4,279401,4192
408,221,423,242,0.767,hummingbird,56,rec_1206.mp4,279468,4193
408,221,423,242,0.766,hummingbird,56,rec_1206.mp4,279534,4194
408,221,423,242,0.758,hummingbird,56,rec_1206.mp4,279601,4195
408,221,422,242,0.754,hummingbird,56,rec_1206.mp4,279668,4196
408,221,422,242,0.754,hummingbird,56,rec_1206.mp4,279734,4197
408,221,422,242,0.754,hummingbird,56,rec_1206.mp4,279801,4198
408,221,422,242,0.754,hummingbird,56,rec_1206.mp4,279868,4199
408,221,422,242,0.754,hummingbird,56,rec_1206.mp4,279934,4200
409,221,422,242,0.751,hummingbird,56,rec_1206.mp4,280001,4201
409,221,422,242,0.75,hummingbird,56,rec_1206.mp4,280068,4202
409,221,422,242,0.752,hummingbird,56,rec_1206.mp4,280134,4203
409,221,422,242,0.73,hummingbird,56,rec_1206.mp4,280201,4204
409,221,422,242,0.733,hummingbird,56,rec_1206.mp4,280268,4205
409,221,422,242,0.734,hummingbird,56,rec_1206.mp4,280334,4206
409,221,422,242,0.734,hummingbird,56,rec_1206.mp4,280401,4207
409,221,422,242,0.722,hummingbird,56,rec_1206.mp4,280468,4208
409,221,422,242,0.722,hummingbird,56,rec_1206.mp4,280534,4209
409,221,422,242,0.722,hummingbird,56,rec_1206.mp4,280601,4210
409,221,422,242,0.723,hummingbird,56,rec_1206.mp4,280668,4211
409,221,422,242,0.753,hummingbird,56,rec_1206.mp4,280734,4212
408,221,422,242,0.751,hummingbird,56,rec_1206.mp4,280801,4213
408,221,422,242,0.761,hummingbird,56,rec_1206.mp4,280868,4214
408,221,422,242,0.773,hummingbird,56,rec_1206.mp4,280934,4215
408,221,422,242,0.773,hummingbird,56,rec_1206.mp4,281001,4216
408,221,422,242,0.767,hummingbird,56,rec_1206.mp4,281068,4217
408,221,422,242,0.768,hummingbird,56,rec_1206.mp4,281134,4218
408,221,422,242,0.768,hummingbird,56,rec_1206.mp4,281201,4219
408,221,422,242,0.768,hummingbird,56,rec_1206.mp4,281268,4220
408,221,422,242,0.772,hummingbird,56,rec_1206.mp4,281334,4221
408,221,422,242,0.772,hummingbird,56,rec_1206.mp4,281401,4222
408,221,422,241,0.764,hummingbird,56,rec_1206.mp4,281468,4223
408,221,422,241,0.764,hummingbird,56,rec_1206.mp4,281534,4224
408,221,422,241,0.764,hummingbird,56,rec_1206.mp4,281601,4225
408,221,422,241,0.764,hummingbird,56,rec_1206.mp4,281668,4226
408,221,422,241,0.764,hummingbird,56,rec_1206.mp4,281734,4227
408,221,422,241,0.762,hummingbird,56,rec_1206.mp4,281801,4228
408,221,422,241,0.763,hummingbird,56,rec_1206.mp4,281868,4229
408,221,422,241,0.763,hummingbird,56,rec_1206.mp4,281934,4230
409,221,422,242,0.769,hummingbird,56,rec_1206.mp4,282001,4231
409,221,422,242,0.77,hummingbird,56,rec_1206.mp4,282068,4232
409,221,422,242,0.761,hummingbird,56,rec_1206.mp4,282134,4233
409,221,422,242,0.761,hummingbird,56,rec_1206.mp4,282201,4234
409,221,422,242,0.757,hummingbird,56,rec_1206.mp4,282268,4235
409,221,422,242,0.758,hummingbird,56,rec_1206.mp4,282334,4236
408,221,422,241,0.755,hummingbird,56,rec_1206.mp4,282401,4237
408,221,422,241,0.755,hummingbird,56,rec_1206.mp4,282468,4238
408,221,422,241,0.755,hummingbird,56,rec_1206.mp4,282534,4239
408,221,421,241,0.745,hummingbird,56,rec_1206.mp4,282601,4240
408,221,421,241,0.75,hummingbird,56,rec_1206.mp4,282668,4241
408,221,422,241,0.751,hummingbird,56,rec_1206.mp4,282734,4242
408,221,421,241,0.751,hummingbird,56,rec_1206.mp4,282801,4243
408,221,421,241,0.751,hummingbird,56,rec_1206.mp4,282868,4244
408,221,421,241,0.753,hummingbird,56,rec_1206.mp4,282934,4245
408,221,421,241,0.756,hummingbird,56,rec_1206.mp4,283001,4246
408,221,421,241,0.75,hummingbird,56,rec_1206.mp4,283068,4247
408,221,421,241,0.76,hummingbird,56,rec_1206.mp4,283134,4248
408,221,421,241,0.76,hummingbird,56,rec_1206.mp4,283201,4249
408,221,421,241,0.76,hummingbird,56,rec_1206.mp4,283268,4250
408,221,421,241,0.76,hummingbird,56,rec_1206.mp4,283334,4251
408,221,421,241,0.759,hummingbird,56,rec_1206.mp4,283401,4252
408,221,421,241,0.76,hummingbird,56,rec_1206.mp4,283468,4253
408,221,421,241,0.76,hummingbird,56,rec_1206.mp4,283534,4254
408,221,422,241,0.755,hummingbird,56,rec_1206.mp4,283601,4255
408,221,422,241,0.75,hummingbird,56,rec_1206.mp4,283668,4256
408,221,422,241,0.751,hummingbird,56,rec_1206.mp4,283734,4257
408,221,422,241,0.751,hummingbird,56,rec_1206.mp4,283801,4258
408,221,422,241,0.751,hummingbird,56,rec_1206.mp4,283868,4259
408,221,422,241,0.752,hummingbird,56,rec_1206.mp4,283934,4260
409,221,423,242,0.741,hummingbird,56,rec_1206.mp4,284001,4261
409,221,423,242,0.734,hummingbird,56,rec_1206.mp4,284068,4262
409,221,423,242,0.734,hummingbird,56,rec_1206.mp4,284134,4263
409,221,423,242,0.75,hummingbird,56,rec_1206.mp4,284201,4264
409,221,423,242,0.749,hummingbird,56,rec_1206.mp4,284268,4265
409,221,423,242,0.757,hummingbird,56,rec_1206.mp4,284334,4266
409,221,423,242,0.757,hummingbird,56,rec_1206.mp4,284401,4267
409,221,423,242,0.757,hummingbird,56,rec_1206.mp4,284468,4268
409,221,422,242,0.754,hummingbird,56,rec_1206.mp4,284534,4269
408,221,423,242,0.762,hummingbird,56,rec_1206.mp4,284601,4270
408,221,423,242,0.76,hummingbird,56,rec_1206.mp4,284668,4271
408,221,423,242,0.766,hummingbird,56,rec_1206.mp4,284734,4272
408,221,422,242,0.768,hummingbird,56,rec_1206.mp4,284801,4273
408,221,422,241,0.77,hummingbird,56,rec_1206.mp4,284868,4274
408,221,422,241,0.766,hummingbird,56,rec_1206.mp4,284934,4275
408,221,422,242,0.776,hummingbird,56,rec_1206.mp4,285001,4276
408,221,422,241,0.772,hummingbird,56,rec_1206.mp4,285068,4277
408,221,422,241,0.774,hummingbird,56,rec_1206.mp4,285134,4278
408,221,422,242,0.767,hummingbird,56,rec_1206.mp4,285201,4279
408,221,422,242,0.766,hummingbird,56,rec_1206.mp4,285268,4280
408,221,422,242,0.759,hummingbird,56,rec_1206.mp4,285334,4281
409,221,422,242,0.751,hummingbird,56,rec_1206.mp4,285401,4282
409,221,422,242,0.752,hummingbird,56,rec_1206.mp4,285468,4283
409,221,422,242,0.752,hummingbird,56,rec_1206.mp4,285534,4284
409,221,422,242,0.753,hummingbird,56,rec_1206.mp4,285601,4285
409,221,422,242,0.755,hummingbird,56,rec_1206.mp4,285668,4286
409,221,422,242,0.755,hummingbird,56,rec_1206.mp4,285734,4287
409,221,422,242,0.754,hummingbird,56,rec_1206.mp4,285801,4288
409,221,422,242,0.758,hummingbird,56,rec_1206.mp4,285868,4289
409,221,422,242,0.762,hummingbird,56,rec_1206.mp4,285934,4290
408,220,422,242,0.765,hummingbird,56,rec_1206.mp4,286001,4291
408,220,421,242,0.755,hummingbird,56,rec_1206.mp4,286068,4292
408,220,421,242,0.755,hummingbird,56,rec_1206.mp4,286134,4293
408,220,422,242,0.77,hummingbird,56,rec_1206.mp4,286201,4294
408,221,422,242,0.774,hummingbird,56,rec_1206.mp4,286268,4295
408,221,422,242,0.767,hummingbird,56,rec_1206.mp4,286334,4296
408,221,422,242,0.767,hummingbird,56,rec_1206.mp4,286401,4297
408,221,422,242,0.767,hummingbird,56,rec_1206.mp4,286468,4298
408,221,422,242,0.768,hummingbird,56,rec_1206.mp4,286534,4299
408,220,422,242,0.764,hummingbird,56,rec_1206.mp4,286601,4300
408,220,422,242,0.764,hummingbird,56,rec_1206.mp4,286668,4301
408,220,422,242,0.764,hummingbird,56,rec_1206.mp4,286734,4302
408,220,422,242,0.763,hummingbird,56,rec_1206.mp4,286801,4303
408,221,422,242,0.767,hummingbird,56,rec_1206.mp4,286868,4304
408,221,422,242,0.767,hummingbird,56,rec_1206.mp4,286934,4305
408,220,422,242,0.769,hummingbird,56,rec_1206.mp4,287401,4312
408,220,422,242,0.769,hummingbird,56,rec_1206.mp4,287468,4313
408,220,422,242,0.769,hummingbird,56,rec_1206.mp4,287534,4314
408,221,422,242,0.767,hummingbird,56,rec_1206.mp4,287601,4315
408,221,422,242,0.768,hummingbird,56,rec_1206.mp4,287668,4316
408,221,422,242,0.767,hummingbird,56,rec_1206.mp4,287734,4317
408,221,422,242,0.766,hummingbird,56,rec_1206.mp4,287801,4318
408,221,422,242,0.766,hummingbird,56,rec_1206.mp4,287868,4319
408,221,422,242,0.766,hummingbird,56,rec_1206.mp4,287934,4320
408,220,422,242,0.717,hummingbird,56,rec_1206.mp4,288001,4321
408,221,422,242,0.728,hummingbird,56,rec_1206.mp4,288068,4322
408,221,422,241,0.728,hummingbird,56,rec_1206.mp4,288134,4323
408,221,422,241,0.732,hummingbird,56,rec_1206.mp4,288201,4324
408,221,422,241,0.732,hummingbird,56,rec_1206.mp4,288268,4325
408,221,422,241,0.732,hummingbird,56,rec_1206.mp4,288334,4326
408,221,422,241,0.731,hummingbird,56,rec_1206.mp4,288401,4327
408,221,422,241,0.73,hummingbird,56,rec_1206.mp4,288468,4328
408,221,422,241,0.73,hummingbird,56,rec_1206.mp4,288534,4329
408,221,422,241,0.733,hummingbird,56,rec_1206.mp4,288601,4330
408,220,422,242,0.714,hummingbird,56,rec_1206.mp4,288668,4331
408,220,422,242,0.729,hummingbird,56,rec_1206.mp4,288734,4332
408,220,422,241,0.73,hummingbird,56,rec_1206.mp4,288801,4333
409,220,422,241,0.73,hummingbird,56,rec_1206.mp4,288868,4334
409,220,422,241,0.73,hummingbird,56,rec_1206.mp4,288934,4335
409,220,422,241,0.731,hummingbird,56,rec_1206.mp4,289001,4336
409,220,422,241,0.731,hummingbird,56,rec_1206.mp4,289068,4337
409,221,422,241,0.733,hummingbird,56,rec_1206.mp4,289134,4338
409,220,422,242,0.691,hummingbird,56,rec_1206.mp4,289201,4339
409,220,422,242,0.691,hummingbird,56,rec_1206.mp4,289268,4340
409,220,422,242,0.697,hummingbird,56,rec_1206.mp4,289334,4341
409,220,422,242,0.712,hummingbird,56,rec_1206.mp4,289401,4342
409,220,422,242,0.724,hummingbird,56,rec_1206.mp4,289468,4343
409,220,422,242,0.718,hummingbird,56,rec_1206.mp4,289601,4345
409,220,422,242,0.718,hummingbird,56,rec_1206.mp4,289668,4346
409,220,422,242,0.718,hummingbird,56,rec_1206.mp4,289734,4347
409,220,422,242,0.718,hummingbird,56,rec_1206.mp4,289801,4348
410,221,424,242,0.711,hummingbird,56,rec_1206.mp4,289868,4349
